id,duration,codec,width,height,bitrate,framerate,i,p,b,frames,i_size,p_size,b_size,size,o_codec,o_bitrate,o_framerate,o_width,o_height,umem,utime
4b7b-FY4JPI,203.198,flv,320,240,239336,29.0,104,5974,0,6078,853613,5225468,0,6079081,flv,820000,25.0,1280,720,221160,2.728
2SkA-cUEaJ0,490.6,h264,480,360,300437,25.0,256,12010,0,12266,1448177,16976151,0,18424328,vp8,3000000,25.0,1920,1080,219480,46.167
2TXm-QHXCzU,270.655,vp8,640,480,652967,30.062963,89,8028,0,8117,1912240,20178890,0,22091130,flv,3000000,15.0,480,360,219480,2.096
1ZzJ-T2FJAw,250.017,h264,320,240,153059,29.0,128,7366,0,7494,856855,3926589,0,4783444,flv,242000,29.97,176,144,218900,0.708
1WrA-SRsgEk,384.451,h264,640,480,646432,29.0,205,11318,0,11523,2839955,28225248,0,31065203,flv,539000,12.0,176,144,217828,1.504
3N6c-uPdNas,69.933,flv,320,240,272898,15.0,37,1013,0,1050,349781,2035796,0,2385577,vp8,109000,12.0,176,144,219656,1.364
2NO0-ve7CKM,1140.349,vp8,1280,720,2394626,30.007017,328,33880,0,34208,20478926,320859863,0,341338789,flv,56000,25.0,640,480,219480,4.332
1lkF-VNDcss,458.625,h264,640,480,517364,29.0,245,13501,0,13746,5308581,24350943,0,29659524,h264,109000,12.0,1920,1080,677460,19.665
1YDt-FkeZ4E,98.683334,mpeg4,176,144,55552,12.0,20,1164,0,1184,48267,636993,0,685260,h264,56000,25.0,480,360,218136,3.308
0Yxo-eU6AjI,326.583,vp8,640,480,1055982,25.039877,102,8061,0,8163,1868804,41239444,0,43108248,vp8,109000,15.0,320,240,212772,2.812
2TXm-QHXCzU,270.655,vp8,640,480,652967,30.062963,89,8028,0,8117,1912240,20178890,0,22091130,vp8,56000,15.0,176,144,219480,2.824
236x-T7D-8g,581.233,h264,480,360,295979,30.0,310,17128,0,17438,10151572,11352574,0,21504146,h264,56000,12.0,320,240,218932,2.576
4NcD-WQyXCQ,860.056,vp8,1280,720,2688309,29.968605,277,25496,0,25773,12989828,276022270,0,289012098,mpeg4,109000,24.0,176,144,257556,4.352
1RGh-RmYxHY,217.518,h264,480,360,83054,29.0,112,6408,0,6520,406683,1851539,0,2258222,h264,5000000,12.0,1280,720,322548,22.433
1s9d-jTKyUw,448.575,vp8,1280,720,2052426,30.002232,92,13349,0,13441,9132637,105950761,0,115083398,h264,539000,29.97,640,480,217080,23.749
2NuI-Bp5brA,80.536,h264,480,360,690041,29.0,43,2374,0,2417,618732,6327913,0,6946645,mpeg4,56000,12.0,640,480,219480,3.06
4b7b-FY4JPI,203.198,flv,320,240,239336,29.0,104,5974,0,6078,853613,5225468,0,6079081,mpeg4,820000,15.0,176,144,221160,1.428
1Nc0-MKuExg,107.443,vp8,480,360,320011,30.093458,30,3190,0,3220,671936,3625932,0,4297868,h264,109000,12.0,1280,720,320056,14.277
4BJV-yiTcus,254.922,vp8,480,360,260667,30.062992,51,7585,0,7636,918325,7387906,0,8306231,mpeg4,3000000,25.0,640,480,221160,6.092
2ApZ-KZ-pEk,157.891,h264,480,360,406908,29.0,87,4646,0,4733,1776729,6254165,0,8030894,vp8,820000,25.0,1280,720,219464,19.985
3Wdg-dsGihA,340.424,flv,320,240,244491,11.0,69,4012,0,4081,1168939,9234909,0,10403848,vp8,3000000,24.0,640,480,221152,5.004
0a6_--ZJXTE,290.01666,mpeg4,176,144,52783,12.0,61,3417,0,3478,119325,1794184,0,1913509,flv,109000,12.0,1920,1080,135760,2.988
_2al-ZI1Wss,74.535,mpeg4,176,144,55305,12.0,15,879,0,894,23996,491276,0,515272,flv,109000,24.0,1280,720,219464,1.3
1oz8-nezz50,225.08,h264,480,360,538452,25.0,113,5515,0,5628,1873408,13275961,0,15149369,flv,109000,15.0,176,144,216820,0.944
1WrA-SRsgEk,384.451,h264,640,480,646432,29.0,205,11318,0,11523,2839955,28225248,0,31065203,mpeg4,539000,12.0,640,480,217544,2.264
0Hwk-yGT-M4,714.371,vp8,1280,720,652356,29.981792,143,21264,0,21407,14532530,43720516,0,58253046,flv,109000,25.0,176,144,165148,2.932
1s9d-jTKyUw,448.575,vp8,1280,720,2052426,30.002232,92,13349,0,13441,9132637,105950761,0,115083398,mpeg4,56000,25.0,1920,1080,217080,14.617
0Hwk-yGT-M4,714.371,vp8,1280,720,652356,29.981792,143,21264,0,21407,14532530,43720516,0,58253046,vp8,539000,12.0,1280,720,164888,14.661
2SkA-cUEaJ0,490.6,h264,480,360,300437,25.0,256,12010,0,12266,1448177,16976151,0,18424328,h264,820000,29.97,480,360,219480,11.793
0Au5-4UDHco,52.68,h264,480,360,372001,25.0,53,1265,0,1318,870136,1579497,0,2449633,mpeg4,539000,12.0,480,360,139940,2.904
46oD-rS6PC8,95.462,h264,640,480,809256,29.0,51,2811,0,2862,886496,8770159,0,9656655,h264,56000,12.0,640,480,221160,6.344
1Y-Y-RHCxRQ,189.956,flv,320,240,231296,29.0,97,5597,0,5694,580292,4911734,0,5492026,mpeg4,242000,24.0,1920,1080,218192,12.021
2SkA-cUEaJ0,490.6,h264,480,360,300437,25.0,256,12010,0,12266,1448177,16976151,0,18424328,flv,539000,25.0,176,144,219480,0.984
0a6_--ZJXTE,290.01666,mpeg4,176,144,52783,12.0,61,3417,0,3478,119325,1794184,0,1913509,flv,242000,15.0,480,360,136024,0.56
2SkA-cUEaJ0,490.6,h264,480,360,300437,25.0,256,12010,0,12266,1448177,16976151,0,18424328,mpeg4,820000,12.0,176,144,219480,1.472
3U8m-ETsTS4,282.56,h264,640,480,559834,25.0,145,6920,0,7065,4966509,14806840,0,19773349,flv,109000,25.0,1280,720,221152,2.872
1oz8-nezz50,225.08,h264,480,360,538452,25.0,113,5515,0,5628,1873408,13275961,0,15149369,vp8,5000000,25.0,480,360,216820,5.032
3AYz-PCa1aI,391.08,h264,640,480,230847,25.0,209,9569,0,9778,9023743,2261252,0,11284995,flv,539000,29.97,1280,720,219480,2.708
3fmy-4uvR9U,143.03334,mpeg4,176,144,51082,12.0,31,1685,0,1716,56405,856907,0,913312,flv,242000,12.0,176,144,219480,0.34
3DRy-Stwt9c,385.052,vp8,1280,720,441862,23.979221,77,9155,0,9232,16244376,5023129,0,21267505,vp8,56000,12.0,320,240,219480,2.308
1RMD-MxzJn8,64.933,flv,320,240,236793,15.0,39,936,0,975,318954,1603007,0,1921961,vp8,539000,24.0,480,360,217080,5.724
3HVJ-p8L33A,163.897,flv,320,240,267032,29.0,87,4826,0,4913,824159,4646573,0,5470732,h264,539000,25.0,320,240,219656,5.024
3Xyf-6FdtDA,49.178333,mpeg4,176,144,54338,7.0,10,334,0,344,33046,300986,0,334032,mpeg4,539000,15.0,1920,1080,221160,6.508
1s9d-jTKyUw,448.575,vp8,1280,720,2052426,30.002232,92,13349,0,13441,9132637,105950761,0,115083398,flv,242000,15.0,1280,720,217080,4.444
1Nc0-MKuExg,107.443,vp8,480,360,320011,30.093458,30,3190,0,3220,671936,3625932,0,4297868,mpeg4,539000,12.0,1280,720,216820,3.872
0OUmDeBapbQ,316.95166,mpeg4,176,144,55396,12.0,64,3739,0,3803,111850,2082902,0,2194752,h264,3000000,15.0,640,480,165700,16.521
3fpg-LlHcks,273.816,vp8,1920,1080,1571003,25.065933,77,6766,0,6843,6190779,47579961,0,53770740,h264,109000,12.0,640,480,219656,10.297
3AYz-PCa1aI,391.08,h264,640,480,230847,25.0,209,9569,0,9778,9023743,2261252,0,11284995,mpeg4,56000,29.97,480,360,219480,3.372
46oD-rS6PC8,95.462,h264,640,480,809256,29.0,51,2811,0,2862,886496,8770159,0,9656655,flv,242000,15.0,320,240,221160,1.56
1G6F-Huj2hY,110.966995,h264,480,360,397112,30.0,59,3271,0,3330,529627,4978664,0,5508291,vp8,3000000,15.0,1280,720,216820,19.857
3xUU-YRicZA,131.76,vp8,640,480,104723,25.145039,37,3257,0,3294,945865,778937,0,1724802,vp8,56000,24.0,1920,1080,221152,27.61
3ojsQWU7XWE,86.486,h264,640,480,356037,29.0,46,2547,0,2593,819680,3029350,0,3849030,vp8,820000,12.0,640,480,219656,3.692
2SkA-cUEaJ0,490.6,h264,480,360,300437,25.0,256,12010,0,12266,1448177,16976151,0,18424328,h264,242000,12.0,320,240,219480,3.644
2Y-k-006Zbs,67.583336,mpeg4,176,144,51225,12.0,15,777,0,792,47585,385164,0,432749,mpeg4,539000,29.97,176,144,219480,0.932
1RGh-RmYxHY,217.518,h264,480,360,83054,29.0,112,6408,0,6520,406683,1851539,0,2258222,vp8,3000000,12.0,320,240,217080,1.776
2NuI-Bp5brA,80.536,h264,480,360,690041,29.0,43,2374,0,2417,618732,6327913,0,6946645,mpeg4,539000,25.0,1920,1080,219480,15.305
0Yxo-eU6AjI,326.583,vp8,640,480,1055982,25.039877,102,8061,0,8163,1868804,41239444,0,43108248,mpeg4,109000,12.0,480,360,212580,2.456
4NcD-WQyXCQ,860.056,vp8,1280,720,2688309,29.968605,277,25496,0,25773,12989828,276022270,0,289012098,mpeg4,3000000,15.0,640,480,260032,5.596
0I0e-5-iR3A,906.5983,mpeg4,176,144,56108,12.0,187,10692,0,10879,597549,5760936,0,6358485,h264,242000,12.0,320,240,165668,3.22
1Y-Y-RHCxRQ,189.956,flv,320,240,231296,29.0,97,5597,0,5694,580292,4911734,0,5492026,h264,820000,29.97,176,144,218664,3.748
09oUj9EDIDo,239.14166,h264,480,360,500198,25.0,110,5868,0,5978,1406751,13545526,0,14952277,vp8,109000,15.0,480,360,99520,4.28
3xUU-YRicZA,131.76,vp8,640,480,104723,25.145039,37,3257,0,3294,945865,778937,0,1724802,h264,242000,12.0,1920,1080,656568,19.205
3N6c-uPdNas,69.933,flv,320,240,272898,15.0,37,1013,0,1050,349781,2035796,0,2385577,h264,109000,12.0,176,144,219656,1.476
3N6c-uPdNas,69.933,flv,320,240,272898,15.0,37,1013,0,1050,349781,2035796,0,2385577,mpeg4,242000,12.0,640,480,219656,2.376
28BV-NZV3C8,326.58832,h264,1920,1080,5999648,23.0,174,7656,0,7830,16603953,228322925,0,244926878,vp8,820000,24.0,1280,720,218932,31.806
2pet-NcSXvY,37.011665,h264,1280,720,2759449,29.0,21,1088,0,1109,1899633,10866846,0,12766479,mpeg4,539000,29.97,640,480,219480,6.656
236x-T7D-8g,581.233,h264,480,360,295979,30.0,310,17128,0,17438,10151572,11352574,0,21504146,flv,820000,12.0,176,144,218932,1.004
42hr-6A1jYc,311.1,mpeg4,176,144,56416,12.0,113,3620,0,3733,127552,2066350,0,2193902,mpeg4,242000,12.0,1280,720,221160,2.88
28BV-NZV3C8,326.58832,h264,1920,1080,5999648,23.0,174,7656,0,7830,16603953,228322925,0,244926878,vp8,5000000,24.0,640,480,218932,25.75
3DRy-Stwt9c,385.052,vp8,1280,720,441862,23.979221,77,9155,0,9232,16244376,5023129,0,21267505,flv,109000,12.0,1280,720,219480,1.632
4BJV-yiTcus,254.922,vp8,480,360,260667,30.062992,51,7585,0,7636,918325,7387906,0,8306231,flv,5000000,25.0,320,240,221160,1.172
09oUj9EDIDo,239.14166,h264,480,360,500198,25.0,110,5868,0,5978,1406751,13545526,0,14952277,h264,5000000,12.0,640,480,150984,24.878
0I0e-5-iR3A,906.5983,mpeg4,176,144,56108,12.0,187,10692,0,10879,597549,5760936,0,6358485,flv,820000,24.0,1920,1080,165668,2.876
1a5f-GbYEaM,157.80167,h264,1280,720,2885589,25.0,72,3873,0,3945,5611970,51306874,0,56918844,h264,5000000,29.97,640,480,216064,35.774
0ckO-lUydcc,177.33333,mpeg4,176,144,53707,12.0,37,2091,0,2128,100969,1089548,0,1190517,h264,242000,12.0,480,360,163632,5.328
0_VA-rJgmMI,750.433,vp8,1280,720,794075,13.482667,81,10031,0,10112,3852576,70635013,0,74487589,mpeg4,539000,25.0,1280,720,165700,9.041
0Yxo-eU6AjI,326.583,vp8,640,480,1055982,25.039877,102,8061,0,8163,1868804,41239444,0,43108248,h264,242000,15.0,320,240,215712,5.392
08EV-X022WI,204.938,h264,480,360,297373,16.0,111,3169,0,3280,1451634,6166260,0,7617894,mpeg4,56000,12.0,480,360,76104,2.004
3xUU-YRicZA,131.76,vp8,640,480,104723,25.145039,37,3257,0,3294,945865,778937,0,1724802,mpeg4,242000,12.0,176,144,221152,1.172
2kFF-0kB_4w,339.667,h264,640,480,257699,30.0,181,10010,0,10191,10121223,820261,0,10941484,h264,3000000,29.97,176,144,219480,1.912
AzQR-4ezzOc,1500.0083,mpeg4,176,144,56317,12.0,300,17700,0,18000,1540219,9019400,0,10559619,h264,539000,25.0,640,480,138508,9.177
4keb-__zqyQ,452.689,vp8,320,240,66680,5.7057524,42,2537,0,2579,207037,3566163,0,3773200,h264,5000000,24.0,640,480,255844,31.73
22uE-OUUBH8,43.827,flv,320,240,272273,25.0,23,1081,0,1104,137210,1354404,0,1491614,h264,5000000,15.0,480,360,218932,17.981
2pet-NcSXvY,37.011665,h264,1280,720,2759449,29.0,21,1088,0,1109,1899633,10866846,0,12766479,h264,56000,12.0,1920,1080,671648,28.626
2HTJjLLaFL0,379.32,h264,480,360,181960,25.0,195,9289,0,9484,3392479,5235193,0,8627672,vp8,109000,12.0,176,144,219464,1.376
2AfTeWTxhIg,645.84,vp8,320,240,95903,25.032558,138,16008,0,16146,1081321,6660941,0,7742262,h264,242000,25.0,176,144,219200,2.82
1Nc0-MKuExg,107.443,vp8,480,360,320011,30.093458,30,3190,0,3220,671936,3625932,0,4297868,h264,3000000,29.97,176,144,216820,4.792
09oUj9EDIDo,239.14166,h264,480,360,500198,25.0,110,5868,0,5978,1406751,13545526,0,14952277,mpeg4,56000,24.0,1280,720,94568,6.892
2NuI-Bp5brA,80.536,h264,480,360,690041,29.0,43,2374,0,2417,618732,6327913,0,6946645,vp8,820000,25.0,640,480,219480,15.481
3xUU-YRicZA,131.76,vp8,640,480,104723,25.145039,37,3257,0,3294,945865,778937,0,1724802,mpeg4,56000,12.0,1920,1080,221152,5.828
1hEL-mcI-tM,304.927,vp8,320,240,134334,25.075659,82,7541,0,7623,833754,4286526,0,5120280,flv,109000,15.0,1280,720,216820,1.896
2NO0-ve7CKM,1140.349,vp8,1280,720,2394626,30.007017,328,33880,0,34208,20478926,320859863,0,341338789,h264,56000,12.0,176,144,219480,4.824
2SkA-cUEaJ0,490.6,h264,480,360,300437,25.0,256,12010,0,12266,1448177,16976151,0,18424328,mpeg4,109000,29.97,320,240,219480,3.016
3YNh-PI2q64,395.44,vp8,1280,720,1611942,25.027847,80,9806,0,9886,5073258,74605061,0,79678319,vp8,5000000,29.97,480,360,221160,4.008
0ckO-lUydcc,177.33333,mpeg4,176,144,53707,12.0,37,2091,0,2128,100969,1089548,0,1190517,vp8,539000,25.0,320,240,163024,1.952
2AfTeWTxhIg,645.84,vp8,320,240,95903,25.032558,138,16008,0,16146,1081321,6660941,0,7742262,mpeg4,820000,12.0,640,480,218932,3.16
08EV-X022WI,204.938,h264,480,360,297373,16.0,111,3169,0,3280,1451634,6166260,0,7617894,flv,820000,12.0,176,144,89248,0.668
4b7b-FY4JPI,203.198,flv,320,240,239336,29.0,104,5974,0,6078,853613,5225468,0,6079081,h264,3000000,12.0,480,360,221160,11.181
2tzy-vqeeLY,106.765,h264,1280,720,849586,25.0,66,2603,0,2669,4427240,6911026,0,11338266,flv,820000,25.0,176,144,219480,2.584
0I0e-5-iR3A,906.5983,mpeg4,176,144,56108,12.0,187,10692,0,10879,597549,5760936,0,6358485,h264,242000,15.0,176,144,165668,1.584
2HTJjLLaFL0,379.32,h264,480,360,181960,25.0,195,9289,0,9484,3392479,5235193,0,8627672,vp8,3000000,24.0,176,144,219480,1.54
2tzy-vqeeLY,106.765,h264,1280,720,849586,25.0,66,2603,0,2669,4427240,6911026,0,11338266,flv,820000,15.0,176,144,219480,2.5
4b7b-FY4JPI,203.198,flv,320,240,239336,29.0,104,5974,0,6078,853613,5225468,0,6079081,flv,56000,12.0,1280,720,221160,1.8
3YNh-PI2q64,395.44,vp8,1280,720,1611942,25.027847,80,9806,0,9886,5073258,74605061,0,79678319,h264,109000,25.0,480,360,221160,5.936
08EV-X022WI,204.938,h264,480,360,297373,16.0,111,3169,0,3280,1451634,6166260,0,7617894,vp8,3000000,24.0,320,240,83800,2.24
1lkF-VNDcss,458.625,h264,640,480,517364,29.0,245,13501,0,13746,5308581,24350943,0,29659524,h264,56000,24.0,1280,720,338576,16.201
3xUU-YRicZA,131.76,vp8,640,480,104723,25.145039,37,3257,0,3294,945865,778937,0,1724802,h264,56000,12.0,1280,720,320724,7.424
4NcD-WQyXCQ,860.056,vp8,1280,720,2688309,29.968605,277,25496,0,25773,12989828,276022270,0,289012098,vp8,3000000,29.97,480,360,262784,20.289
1WrA-SRsgEk,384.451,h264,640,480,646432,29.0,205,11318,0,11523,2839955,28225248,0,31065203,vp8,539000,25.0,1280,720,217568,21.369
09oUj9EDIDo,239.14166,h264,480,360,500198,25.0,110,5868,0,5978,1406751,13545526,0,14952277,flv,56000,12.0,1920,1080,86276,3.94
25TI-jx-cag,176.901,vp8,480,360,26968,25.113636,38,4382,0,4420,393395,202954,0,596349,mpeg4,5000000,12.0,1280,720,218932,2.728
04t6-jw9czg,130.35667,mpeg4,176,144,54590,12.0,27,1537,0,1564,64483,825054,0,889537,mpeg4,539000,25.0,480,360,31004,2.22
3N6c-uPdNas,69.933,flv,320,240,272898,15.0,37,1013,0,1050,349781,2035796,0,2385577,mpeg4,242000,15.0,640,480,219656,2.808
1lkF-VNDcss,458.625,h264,640,480,517364,29.0,245,13501,0,13746,5308581,24350943,0,29659524,h264,56000,25.0,480,360,216820,5.536
3o_2-igmsyo,440.967,h264,320,240,281642,30.0,236,12994,0,13230,2444863,13079542,0,15524405,flv,109000,25.0,1280,720,219656,2.492
4BJV-yiTcus,254.922,vp8,480,360,260667,30.062992,51,7585,0,7636,918325,7387906,0,8306231,flv,3000000,24.0,480,360,221160,1.216
LKds-jO1tyE,79.06333,h264,1280,720,2155452,29.0,45,2324,0,2369,1838223,19463938,0,21302161,flv,242000,15.0,176,144,54388,3.136
_2al-ZI1Wss,74.535,mpeg4,176,144,55305,12.0,15,879,0,894,23996,491276,0,515272,mpeg4,820000,15.0,1280,720,219200,4.272
236x-T7D-8g,581.233,h264,480,360,295979,30.0,310,17128,0,17438,10151572,11352574,0,21504146,vp8,3000000,15.0,176,144,218932,1.836
25TI-jx-cag,176.901,vp8,480,360,26968,25.113636,38,4382,0,4420,393395,202954,0,596349,mpeg4,539000,15.0,1280,720,218932,3.228
1WrA-SRsgEk,384.451,h264,640,480,646432,29.0,205,11318,0,11523,2839955,28225248,0,31065203,vp8,56000,29.97,320,240,217568,4.96
3fpg-LlHcks,273.816,vp8,1920,1080,1571003,25.065933,77,6766,0,6843,6190779,47579961,0,53770740,mpeg4,539000,12.0,640,480,219656,6.072
3fpg-LlHcks,273.816,vp8,1920,1080,1571003,25.065933,77,6766,0,6843,6190779,47579961,0,53770740,mpeg4,5000000,12.0,1280,720,219656,8.005
2TXm-QHXCzU,270.655,vp8,640,480,652967,30.062963,89,8028,0,8117,1912240,20178890,0,22091130,h264,56000,15.0,176,144,219480,2.82
2u-5-Io725E,426.945,h264,1280,720,1064703,29.0,228,12567,0,12795,11297544,45523691,0,56821235,vp8,5000000,29.97,176,144,219480,4.792
3N6c-uPdNas,69.933,flv,320,240,272898,15.0,37,1013,0,1050,349781,2035796,0,2385577,mpeg4,109000,15.0,480,360,219656,2.024
4keb-__zqyQ,452.689,vp8,320,240,66680,5.7057524,42,2537,0,2579,207037,3566163,0,3773200,vp8,109000,25.0,1280,720,248092,12.145
2NuI-Bp5brA,80.536,h264,480,360,690041,29.0,43,2374,0,2417,618732,6327913,0,6946645,flv,539000,29.97,640,480,219480,2.184
3AYz-PCa1aI,391.08,h264,640,480,230847,25.0,209,9569,0,9778,9023743,2261252,0,11284995,flv,109000,12.0,480,360,219480,1.108
3ojsQWU7XWE,86.486,h264,640,480,356037,29.0,46,2547,0,2593,819680,3029350,0,3849030,h264,242000,15.0,1920,1080,668064,27.67
3dI-kJGuWbY,292.092,h264,480,360,480125,29.0,156,8599,0,8755,2375028,15155062,0,17530090,mpeg4,109000,15.0,640,480,219480,4.12
1LXH-OibJYQ,42.2,h264,480,360,288705,25.0,23,1033,0,1056,216154,1306770,0,1522924,mpeg4,109000,29.97,480,360,216820,3.276
1KXW-XA6QkQ,255.28,flv,320,240,250276,25.0,110,6272,0,6382,611474,7374864,0,7986338,h264,56000,29.97,320,240,216820,3.724
3o_2-igmsyo,440.967,h264,320,240,281642,30.0,236,12994,0,13230,2444863,13079542,0,15524405,flv,820000,25.0,640,480,219656,1.34
08EV-X022WI,204.938,h264,480,360,297373,16.0,111,3169,0,3280,1451634,6166260,0,7617894,mpeg4,5000000,24.0,480,360,82512,2.996
1lkF-VNDcss,458.625,h264,640,480,517364,29.0,245,13501,0,13746,5308581,24350943,0,29659524,h264,109000,12.0,176,144,216820,1.868
0Axi-TRoqVA,59.883,vp8,1280,720,994960,30.38983,13,1780,0,1793,481774,6965881,0,7447655,flv,56000,12.0,640,480,158728,3.312
2zeL-QQa8Sk,77.233,h264,480,360,382461,30.0,53,2265,0,2318,182297,3510033,0,3692330,h264,56000,15.0,320,240,219480,3.372
4BJV-yiTcus,254.922,vp8,480,360,260667,30.062992,51,7585,0,7636,918325,7387906,0,8306231,h264,539000,15.0,176,144,221160,3.088
2NO0-ve7CKM,1140.349,vp8,1280,720,2394626,30.007017,328,33880,0,34208,20478926,320859863,0,341338789,h264,539000,24.0,480,360,219480,16.369
3ODf-KYiOZw,63.667,h264,640,480,972572,15.0,33,923,0,956,1259657,6480438,0,7740095,h264,56000,25.0,320,240,219656,4.472
1Nc0-MKuExg,107.443,vp8,480,360,320011,30.093458,30,3190,0,3220,671936,3625932,0,4297868,flv,5000000,24.0,1920,1080,216820,6.404
2ApZ-KZ-pEk,157.891,h264,480,360,406908,29.0,87,4646,0,4733,1776729,6254165,0,8030894,h264,56000,25.0,480,360,219464,5.164
1lkF-VNDcss,458.625,h264,640,480,517364,29.0,245,13501,0,13746,5308581,24350943,0,29659524,vp8,820000,12.0,640,480,216820,3.944
09oUj9EDIDo,239.14166,h264,480,360,500198,25.0,110,5868,0,5978,1406751,13545526,0,14952277,mpeg4,820000,29.97,176,144,97216,1.9
0XTW-dqdT4w,216.55,h264,320,240,291150,29.0,112,6379,0,6491,1789334,6091735,0,7881069,h264,539000,25.0,640,480,212340,12.833
2AfTeWTxhIg,645.84,vp8,320,240,95903,25.032558,138,16008,0,16146,1081321,6660941,0,7742262,vp8,3000000,25.0,480,360,219200,6.712
_2al-ZI1Wss,74.535,mpeg4,176,144,55305,12.0,15,879,0,894,23996,491276,0,515272,vp8,820000,29.97,480,360,219200,3.296
1WrA-SRsgEk,384.451,h264,640,480,646432,29.0,205,11318,0,11523,2839955,28225248,0,31065203,mpeg4,3000000,15.0,1280,720,217568,5.576
2AfTeWTxhIg,645.84,vp8,320,240,95903,25.032558,138,16008,0,16146,1081321,6660941,0,7742262,flv,109000,25.0,1280,720,219200,2.676
1s9d-jTKyUw,448.575,vp8,1280,720,2052426,30.002232,92,13349,0,13441,9132637,105950761,0,115083398,mpeg4,820000,12.0,480,360,217080,4.716
4b7b-FY4JPI,203.198,flv,320,240,239336,29.0,104,5974,0,6078,853613,5225468,0,6079081,flv,5000000,24.0,1280,720,221160,3.412
2Y-k-006Zbs,67.583336,mpeg4,176,144,51225,12.0,15,777,0,792,47585,385164,0,432749,vp8,820000,12.0,176,144,219480,0.832
0QZJN4yTbbU,34.168,vp8,480,360,186895,30.029411,16,1005,0,1021,238485,559745,0,798230,h264,820000,12.0,320,240,165700,3.512
3SQY-ZB8hmI,473.0,h264,320,240,164017,25.0,198,10924,704,11826,1419320,8047423,0,9697521,h264,539000,29.97,480,360,220900,15.793
3YNh-PI2q64,395.44,vp8,1280,720,1611942,25.027847,80,9806,0,9886,5073258,74605061,0,79678319,vp8,820000,12.0,640,480,221160,3.652
4Fob-eSnrb8,1768.9417,mpeg4,176,144,56152,12.0,354,20873,0,21227,1382103,11034284,0,12416387,vp8,242000,24.0,176,144,221160,1.38
3fpg-LlHcks,273.816,vp8,1920,1080,1571003,25.065933,77,6766,0,6843,6190779,47579961,0,53770740,h264,3000000,25.0,480,360,219656,25.534
1Vq6-f1kYeM,127.221664,h264,1920,1080,3080852,23.0,70,2980,0,3050,3818903,45174992,0,48993895,vp8,109000,24.0,320,240,217348,9.117
1D3O-16kzhQ,274.541,vp8,480,360,139791,30.029198,58,8170,0,8228,802625,3994697,0,4797322,vp8,109000,15.0,640,480,216064,4.588
0Yxo-eU6AjI,326.583,vp8,640,480,1055982,25.039877,102,8061,0,8163,1868804,41239444,0,43108248,mpeg4,56000,12.0,1920,1080,212576,7.716
0OUmDeBapbQ,316.95166,mpeg4,176,144,55396,12.0,64,3739,0,3803,111850,2082902,0,2194752,mpeg4,56000,12.0,1920,1080,165700,6.22
0Yxo-eU6AjI,326.583,vp8,640,480,1055982,25.039877,102,8061,0,8163,1868804,41239444,0,43108248,vp8,242000,15.0,480,360,212772,4.808
1Y-Y-RHCxRQ,189.956,flv,320,240,231296,29.0,97,5597,0,5694,580292,4911734,0,5492026,h264,56000,29.97,176,144,218664,1.736
4Fob-eSnrb8,1768.9417,mpeg4,176,144,56152,12.0,354,20873,0,21227,1382103,11034284,0,12416387,mpeg4,109000,12.0,480,360,221160,1.388
3mWp-QQn-1M,167.39166,h264,1280,720,2207484,24.0,86,3931,0,4017,4369420,41819887,0,46189307,flv,109000,15.0,480,360,219656,3.748
0a6_--ZJXTE,290.01666,mpeg4,176,144,52783,12.0,61,3417,0,3478,119325,1794184,0,1913509,vp8,56000,29.97,640,480,130872,3.848
0_VA-rJgmMI,750.433,vp8,1280,720,794075,13.482667,81,10031,0,10112,3852576,70635013,0,74487589,h264,539000,24.0,1920,1080,677388,52.003
3fpg-LlHcks,273.816,vp8,1920,1080,1571003,25.065933,77,6766,0,6843,6190779,47579961,0,53770740,flv,242000,15.0,320,240,219656,5.14
3ojsQWU7XWE,86.486,h264,640,480,356037,29.0,46,2547,0,2593,819680,3029350,0,3849030,mpeg4,539000,24.0,480,360,219656,4.604
3ojsQWU7XWE,86.486,h264,640,480,356037,29.0,46,2547,0,2593,819680,3029350,0,3849030,h264,539000,29.97,1280,720,332172,28.886
4Fob-eSnrb8,1768.9417,mpeg4,176,144,56152,12.0,354,20873,0,21227,1382103,11034284,0,12416387,h264,5000000,24.0,640,480,246124,26.79
15fr-zSdCqg,39.055,h264,1920,1080,5992818,30.0,26,1144,0,1170,839251,28416939,0,29256190,h264,539000,24.0,1920,1080,675424,81.781
1Vq6-f1kYeM,127.221664,h264,1920,1080,3080852,23.0,70,2980,0,3050,3818903,45174992,0,48993895,flv,820000,29.97,640,480,217544,7.936
1lkF-VNDcss,458.625,h264,640,480,517364,29.0,245,13501,0,13746,5308581,24350943,0,29659524,h264,5000000,12.0,320,240,216820,3.316
4BJV-yiTcus,254.922,vp8,480,360,260667,30.062992,51,7585,0,7636,918325,7387906,0,8306231,mpeg4,109000,24.0,480,360,221160,3.396
0XTW-dqdT4w,216.55,h264,320,240,291150,29.0,112,6379,0,6491,1789334,6091735,0,7881069,flv,820000,12.0,320,240,207160,0.676
3dI-kJGuWbY,292.092,h264,480,360,480125,29.0,156,8599,0,8755,2375028,15155062,0,17530090,flv,5000000,25.0,1280,720,219480,4.532
3BVV-0I-JlM,33.09,h264,320,240,279173,13.0,22,434,0,456,101794,1052937,0,1154731,vp8,5000000,25.0,176,144,219480,2.068
0I0e-5-iR3A,906.5983,mpeg4,176,144,56108,12.0,187,10692,0,10879,597549,5760936,0,6358485,flv,5000000,25.0,320,240,165668,0.44
1Y-Y-RHCxRQ,189.956,flv,320,240,231296,29.0,97,5597,0,5694,580292,4911734,0,5492026,flv,539000,25.0,320,240,218664,0.48
1WrA-SRsgEk,384.451,h264,640,480,646432,29.0,205,11318,0,11523,2839955,28225248,0,31065203,h264,820000,12.0,640,480,217840,12.209
1oz8-nezz50,225.08,h264,480,360,538452,25.0,113,5515,0,5628,1873408,13275961,0,15149369,mpeg4,242000,25.0,1280,720,216820,7.892
09oUj9EDIDo,239.14166,h264,480,360,500198,25.0,110,5868,0,5978,1406751,13545526,0,14952277,vp8,3000000,25.0,320,240,105176,3.808
2TXm-QHXCzU,270.655,vp8,640,480,652967,30.062963,89,8028,0,8117,1912240,20178890,0,22091130,vp8,56000,24.0,1920,1080,219480,37.786
_2al-ZI1Wss,74.535,mpeg4,176,144,55305,12.0,15,879,0,894,23996,491276,0,515272,mpeg4,3000000,12.0,176,144,219200,0.6
0QZJN4yTbbU,34.168,vp8,480,360,186895,30.029411,16,1005,0,1021,238485,559745,0,798230,mpeg4,109000,25.0,176,144,165700,2.196
2u-5-Io725E,426.945,h264,1280,720,1064703,29.0,228,12567,0,12795,11297544,45523691,0,56821235,h264,56000,15.0,640,480,219480,8.381
3U8m-ETsTS4,282.56,h264,640,480,559834,25.0,145,6920,0,7065,4966509,14806840,0,19773349,mpeg4,3000000,25.0,1280,720,221152,8.737
1lkF-VNDcss,458.625,h264,640,480,517364,29.0,245,13501,0,13746,5308581,24350943,0,29659524,h264,109000,15.0,1920,1080,678884,23.709
3SQY-ZB8hmI,473.0,h264,320,240,164017,25.0,198,10924,704,11826,1419320,8047423,0,9697521,vp8,109000,24.0,1280,720,220808,14.449
4Fob-eSnrb8,1768.9417,mpeg4,176,144,56152,12.0,354,20873,0,21227,1382103,11034284,0,12416387,flv,242000,25.0,1280,720,230876,1.468
1hEL-mcI-tM,304.927,vp8,320,240,134334,25.075659,82,7541,0,7623,833754,4286526,0,5120280,vp8,5000000,25.0,480,360,216820,5.568
4keb-__zqyQ,452.689,vp8,320,240,66680,5.7057524,42,2537,0,2579,207037,3566163,0,3773200,h264,3000000,29.97,320,240,255816,9.697
1hEL-mcI-tM,304.927,vp8,320,240,134334,25.075659,82,7541,0,7623,833754,4286526,0,5120280,mpeg4,539000,12.0,1920,1080,216820,6.276
0Axi-TRoqVA,59.883,vp8,1280,720,994960,30.38983,13,1780,0,1793,481774,6965881,0,7447655,mpeg4,820000,29.97,480,360,155028,5.228
2pet-NcSXvY,37.011665,h264,1280,720,2759449,29.0,21,1088,0,1109,1899633,10866846,0,12766479,h264,3000000,12.0,1920,1080,674508,91.322
3YNh-PI2q64,395.44,vp8,1280,720,1611942,25.027847,80,9806,0,9886,5073258,74605061,0,79678319,flv,820000,25.0,320,240,221160,1.6
1s9d-jTKyUw,448.575,vp8,1280,720,2052426,30.002232,92,13349,0,13441,9132637,105950761,0,115083398,mpeg4,242000,25.0,640,480,217080,5.616
2HTJjLLaFL0,379.32,h264,480,360,181960,25.0,195,9289,0,9484,3392479,5235193,0,8627672,flv,539000,15.0,176,144,219480,0.768
2zeL-QQa8Sk,77.233,h264,480,360,382461,30.0,53,2265,0,2318,182297,3510033,0,3692330,mpeg4,109000,24.0,1920,1080,219480,12.937
2TXm-QHXCzU,270.655,vp8,640,480,652967,30.062963,89,8028,0,8117,1912240,20178890,0,22091130,h264,539000,25.0,176,144,219480,4.852
2NO0-ve7CKM,1140.349,vp8,1280,720,2394626,30.007017,328,33880,0,34208,20478926,320859863,0,341338789,flv,109000,24.0,320,240,219480,3.804
4Fob-eSnrb8,1768.9417,mpeg4,176,144,56152,12.0,354,20873,0,21227,1382103,11034284,0,12416387,flv,820000,24.0,1280,720,234340,1.444
3AYz-PCa1aI,391.08,h264,640,480,230847,25.0,209,9569,0,9778,9023743,2261252,0,11284995,mpeg4,3000000,24.0,1920,1080,219480,10.853
3SQY-ZB8hmI,473.0,h264,320,240,164017,25.0,198,10924,704,11826,1419320,8047423,0,9697521,h264,242000,15.0,320,240,220900,4.788
3xGu-rfcH3s,368.32,vp8,640,480,29096,25.02174,74,9134,0,9208,869558,470067,0,1339625,vp8,5000000,25.0,640,480,221152,3.724
2HTJjLLaFL0,379.32,h264,480,360,181960,25.0,195,9289,0,9484,3392479,5235193,0,8627672,mpeg4,109000,25.0,320,240,219464,2.764
3YNh-PI2q64,395.44,vp8,1280,720,1611942,25.027847,80,9806,0,9886,5073258,74605061,0,79678319,flv,5000000,15.0,1920,1080,221160,4.536
1KXW-XA6QkQ,255.28,flv,320,240,250276,25.0,110,6272,0,6382,611474,7374864,0,7986338,mpeg4,242000,12.0,1280,720,216820,3.8
2zeL-QQa8Sk,77.233,h264,480,360,382461,30.0,53,2265,0,2318,182297,3510033,0,3692330,vp8,56000,15.0,480,360,219480,3.436
1hEL-mcI-tM,304.927,vp8,320,240,134334,25.075659,82,7541,0,7623,833754,4286526,0,5120280,flv,3000000,29.97,176,144,216820,0.64
22uE-OUUBH8,43.827,flv,320,240,272273,25.0,23,1081,0,1104,137210,1354404,0,1491614,flv,109000,24.0,320,240,25560,0.856
2pet-NcSXvY,37.011665,h264,1280,720,2759449,29.0,21,1088,0,1109,1899633,10866846,0,12766479,vp8,3000000,15.0,1280,720,219480,31.846
N7sA-0X2xg4,58.0,h264,640,480,842917,15.0,39,832,0,871,449582,5661570,0,6111152,flv,56000,24.0,480,360,58616,1.504
3AYz-PCa1aI,391.08,h264,640,480,230847,25.0,209,9569,0,9778,9023743,2261252,0,11284995,mpeg4,242000,24.0,1280,720,219480,8.017
0OUmDeBapbQ,316.95166,mpeg4,176,144,55396,12.0,64,3739,0,3803,111850,2082902,0,2194752,flv,820000,24.0,176,144,165700,0.304
3dI-kJGuWbY,292.092,h264,480,360,480125,29.0,156,8599,0,8755,2375028,15155062,0,17530090,flv,820000,25.0,320,240,219480,1.392
3-Wy-Ftbd40,69.93833,mpeg4,176,144,56717,12.0,14,825,0,839,47521,448322,0,495843,h264,3000000,24.0,320,240,221152,4.12
4b7b-FY4JPI,203.198,flv,320,240,239336,29.0,104,5974,0,6078,853613,5225468,0,6079081,vp8,3000000,15.0,176,144,221160,1.472
1oz8-nezz50,225.08,h264,480,360,538452,25.0,113,5515,0,5628,1873408,13275961,0,15149369,mpeg4,820000,12.0,320,240,216820,1.796
4NcD-WQyXCQ,860.056,vp8,1280,720,2688309,29.968605,277,25496,0,25773,12989828,276022270,0,289012098,mpeg4,5000000,24.0,640,480,260732,6.648
2NuI-Bp5brA,80.536,h264,480,360,690041,29.0,43,2374,0,2417,618732,6327913,0,6946645,mpeg4,539000,24.0,176,144,219480,3.044
3Xyf-6FdtDA,49.178333,mpeg4,176,144,54338,7.0,10,334,0,344,33046,300986,0,334032,flv,3000000,29.97,176,144,221160,0.272
1D3O-16kzhQ,274.541,vp8,480,360,139791,30.029198,58,8170,0,8228,802625,3994697,0,4797322,flv,242000,15.0,640,480,216820,1.196
1lkF-VNDcss,458.625,h264,640,480,517364,29.0,245,13501,0,13746,5308581,24350943,0,29659524,vp8,3000000,12.0,1920,1080,216820,19.649
3Wdg-dsGihA,340.424,flv,320,240,244491,11.0,69,4012,0,4081,1168939,9234909,0,10403848,vp8,5000000,25.0,320,240,221152,1.712
1a5f-GbYEaM,157.80167,h264,1280,720,2885589,25.0,72,3873,0,3945,5611970,51306874,0,56918844,h264,3000000,12.0,480,360,216064,15.093
0ICm-Cu4_aE,476.957,vp8,1280,720,1387100,30.05252,105,14200,0,14305,3487520,79210885,0,82698405,vp8,820000,12.0,320,240,165700,4.268
rFfH-kqWNes,128.68333,mpeg4,176,144,55951,12.0,26,1518,0,1544,228020,671991,0,900011,h264,242000,15.0,1920,1080,634052,27.294
04t6-jw9czg,130.35667,mpeg4,176,144,54590,12.0,27,1537,0,1564,64483,825054,0,889537,flv,56000,25.0,640,480,49980,0.668
1RMD-MxzJn8,64.933,flv,320,240,236793,15.0,39,936,0,975,318954,1603007,0,1921961,mpeg4,820000,15.0,640,480,217080,3.124
42hr-6A1jYc,311.1,mpeg4,176,144,56416,12.0,113,3620,0,3733,127552,2066350,0,2193902,vp8,3000000,29.97,640,480,221160,3.044
3Wdg-dsGihA,340.424,flv,320,240,244491,11.0,69,4012,0,4081,1168939,9234909,0,10403848,mpeg4,5000000,24.0,1920,1080,221152,12.285
3_fF9rtYCQ0,256.20834,mpeg4,176,144,57565,12.0,56,3018,0,3074,302900,1540700,0,1843600,h264,820000,15.0,176,144,219480,1.34
46oD-rS6PC8,95.462,h264,640,480,809256,29.0,51,2811,0,2862,886496,8770159,0,9656655,h264,820000,12.0,1920,1080,678424,49.435
2Y-k-006Zbs,67.583336,mpeg4,176,144,51225,12.0,15,777,0,792,47585,385164,0,432749,flv,56000,29.97,1920,1080,219480,2.416
2Y-k-006Zbs,67.583336,mpeg4,176,144,51225,12.0,15,777,0,792,47585,385164,0,432749,mpeg4,539000,25.0,480,360,219480,2.156
3SQY-ZB8hmI,473.0,h264,320,240,164017,25.0,198,10924,704,11826,1419320,8047423,0,9697521,mpeg4,3000000,12.0,176,144,220808,1.42
3dI-kJGuWbY,292.092,h264,480,360,480125,29.0,156,8599,0,8755,2375028,15155062,0,17530090,h264,56000,24.0,640,480,219480,9.909
0Yxo-eU6AjI,326.583,vp8,640,480,1055982,25.039877,102,8061,0,8163,1868804,41239444,0,43108248,mpeg4,820000,25.0,1280,720,212596,9.137
1YDt-FkeZ4E,98.683334,mpeg4,176,144,55552,12.0,20,1164,0,1184,48267,636993,0,685260,h264,5000000,24.0,640,480,218192,8.161
0_VA-rJgmMI,750.433,vp8,1280,720,794075,13.482667,81,10031,0,10112,3852576,70635013,0,74487589,vp8,242000,25.0,320,240,165700,3.328
3YNh-PI2q64,395.44,vp8,1280,720,1611942,25.027847,80,9806,0,9886,5073258,74605061,0,79678319,vp8,5000000,24.0,320,240,221160,2.812
09oUj9EDIDo,239.14166,h264,480,360,500198,25.0,110,5868,0,5978,1406751,13545526,0,14952277,flv,56000,29.97,480,360,109576,1.116
1Y-Y-RHCxRQ,189.956,flv,320,240,231296,29.0,97,5597,0,5694,580292,4911734,0,5492026,vp8,820000,12.0,176,144,218664,0.884
08EV-X022WI,204.938,h264,480,360,297373,16.0,111,3169,0,3280,1451634,6166260,0,7617894,h264,109000,25.0,176,144,91052,1.844
3dI-kJGuWbY,292.092,h264,480,360,480125,29.0,156,8599,0,8755,2375028,15155062,0,17530090,mpeg4,56000,12.0,320,240,219480,2.0
3YNh-PI2q64,395.44,vp8,1280,720,1611942,25.027847,80,9806,0,9886,5073258,74605061,0,79678319,vp8,539000,24.0,1920,1080,221160,31.07
2SkA-cUEaJ0,490.6,h264,480,360,300437,25.0,256,12010,0,12266,1448177,16976151,0,18424328,h264,539000,15.0,1280,720,327900,24.778
3SQY-ZB8hmI,473.0,h264,320,240,164017,25.0,198,10924,704,11826,1419320,8047423,0,9697521,mpeg4,242000,12.0,1280,720,219656,3.428
0Hwk-yGT-M4,714.371,vp8,1280,720,652356,29.981792,143,21264,0,21407,14532530,43720516,0,58253046,vp8,5000000,12.0,320,240,164988,4.88
3DRy-Stwt9c,385.052,vp8,1280,720,441862,23.979221,77,9155,0,9232,16244376,5023129,0,21267505,flv,242000,25.0,1280,720,219480,2.464
4b7b-FY4JPI,203.198,flv,320,240,239336,29.0,104,5974,0,6078,853613,5225468,0,6079081,mpeg4,242000,12.0,1280,720,221160,3.348
3fmy-4uvR9U,143.03334,mpeg4,176,144,51082,12.0,31,1685,0,1716,56405,856907,0,913312,vp8,539000,25.0,1280,720,219480,11.373
2zeL-QQa8Sk,77.233,h264,480,360,382461,30.0,53,2265,0,2318,182297,3510033,0,3692330,h264,242000,15.0,640,480,219480,10.857
2AfTeWTxhIg,645.84,vp8,320,240,95903,25.032558,138,16008,0,16146,1081321,6660941,0,7742262,mpeg4,5000000,15.0,176,144,218932,1.712
236x-T7D-8g,581.233,h264,480,360,295979,30.0,310,17128,0,17438,10151572,11352574,0,21504146,flv,5000000,24.0,176,144,218932,0.992
28BV-NZV3C8,326.58832,h264,1920,1080,5999648,23.0,174,7656,0,7830,16603953,228322925,0,244926878,h264,539000,29.97,320,240,218932,15.841
4BJV-yiTcus,254.922,vp8,480,360,260667,30.062992,51,7585,0,7636,918325,7387906,0,8306231,h264,109000,12.0,480,360,221160,5.344
2HTJjLLaFL0,379.32,h264,480,360,181960,25.0,195,9289,0,9484,3392479,5235193,0,8627672,flv,242000,29.97,480,360,219480,0.924
3Wdg-dsGihA,340.424,flv,320,240,244491,11.0,69,4012,0,4081,1168939,9234909,0,10403848,vp8,109000,15.0,320,240,221152,1.664
1Y-Y-RHCxRQ,189.956,flv,320,240,231296,29.0,97,5597,0,5694,580292,4911734,0,5492026,flv,56000,29.97,320,240,218664,0.464
0_VA-rJgmMI,750.433,vp8,1280,720,794075,13.482667,81,10031,0,10112,3852576,70635013,0,74487589,vp8,109000,29.97,176,144,165700,2.492
2SkA-cUEaJ0,490.6,h264,480,360,300437,25.0,256,12010,0,12266,1448177,16976151,0,18424328,flv,3000000,12.0,1280,720,219480,2.5
0XTW-dqdT4w,216.55,h264,320,240,291150,29.0,112,6379,0,6491,1789334,6091735,0,7881069,mpeg4,242000,29.97,480,360,181056,3.82
236x-T7D-8g,581.233,h264,480,360,295979,30.0,310,17128,0,17438,10151572,11352574,0,21504146,flv,56000,12.0,1280,720,218932,2.232
4Fob-eSnrb8,1768.9417,mpeg4,176,144,56152,12.0,354,20873,0,21227,1382103,11034284,0,12416387,mpeg4,56000,29.97,480,360,221160,2.464
2TXm-QHXCzU,270.655,vp8,640,480,652967,30.062963,89,8028,0,8117,1912240,20178890,0,22091130,flv,820000,29.97,320,240,219480,1.808
2u-5-Io725E,426.945,h264,1280,720,1064703,29.0,228,12567,0,12795,11297544,45523691,0,56821235,mpeg4,3000000,25.0,1280,720,219480,7.396
1YDt-FkeZ4E,98.683334,mpeg4,176,144,55552,12.0,20,1164,0,1184,48267,636993,0,685260,mpeg4,5000000,12.0,176,144,217864,0.58
1lkF-VNDcss,458.625,h264,640,480,517364,29.0,245,13501,0,13746,5308581,24350943,0,29659524,vp8,3000000,25.0,480,360,216820,4.256
1KXW-XA6QkQ,255.28,flv,320,240,250276,25.0,110,6272,0,6382,611474,7374864,0,7986338,vp8,3000000,12.0,1280,720,216820,17.429
sZAS-nA1B5o,1082.141,vp8,1920,1080,3577329,29.970425,217,32211,0,32428,36066662,447830154,0,483896816,vp8,242000,25.0,176,144,74424,10.705
0Axi-TRoqVA,59.883,vp8,1280,720,994960,30.38983,13,1780,0,1793,481774,6965881,0,7447655,mpeg4,3000000,24.0,480,360,155028,5.08
1KXW-XA6QkQ,255.28,flv,320,240,250276,25.0,110,6272,0,6382,611474,7374864,0,7986338,mpeg4,3000000,24.0,176,144,216820,1.476
3HVJ-p8L33A,163.897,flv,320,240,267032,29.0,87,4826,0,4913,824159,4646573,0,5470732,vp8,242000,15.0,1920,1080,219656,20.825
3o_2-igmsyo,440.967,h264,320,240,281642,30.0,236,12994,0,13230,2444863,13079542,0,15524405,h264,3000000,12.0,176,144,219656,1.772
3fpg-LlHcks,273.816,vp8,1920,1080,1571003,25.065933,77,6766,0,6843,6190779,47579961,0,53770740,vp8,109000,24.0,480,360,219656,9.269
2pet-NcSXvY,37.011665,h264,1280,720,2759449,29.0,21,1088,0,1109,1899633,10866846,0,12766479,h264,5000000,25.0,640,480,219480,44.363
3o_2-igmsyo,440.967,h264,320,240,281642,30.0,236,12994,0,13230,2444863,13079542,0,15524405,flv,242000,29.97,1920,1080,219656,5.664
2HTJjLLaFL0,379.32,h264,480,360,181960,25.0,195,9289,0,9484,3392479,5235193,0,8627672,vp8,5000000,24.0,320,240,219480,2.332
3ODf-KYiOZw,63.667,h264,640,480,972572,15.0,33,923,0,956,1259657,6480438,0,7740095,mpeg4,109000,24.0,640,480,219656,3.704
15fr-zSdCqg,39.055,h264,1920,1080,5992818,30.0,26,1144,0,1170,839251,28416939,0,29256190,vp8,5000000,12.0,640,480,215940,17.765
3YNh-PI2q64,395.44,vp8,1280,720,1611942,25.027847,80,9806,0,9886,5073258,74605061,0,79678319,mpeg4,5000000,15.0,1920,1080,221160,7.7
2Y-k-006Zbs,67.583336,mpeg4,176,144,51225,12.0,15,777,0,792,47585,385164,0,432749,h264,56000,12.0,1920,1080,633040,16.053
3mWp-QQn-1M,167.39166,h264,1280,720,2207484,24.0,86,3931,0,4017,4369420,41819887,0,46189307,vp8,56000,12.0,480,360,219656,5.824
3AYz-PCa1aI,391.08,h264,640,480,230847,25.0,209,9569,0,9778,9023743,2261252,0,11284995,flv,109000,24.0,320,240,219480,0.98
15fr-zSdCqg,39.055,h264,1920,1080,5992818,30.0,26,1144,0,1170,839251,28416939,0,29256190,mpeg4,56000,12.0,176,144,215712,9.885
4b7b-FY4JPI,203.198,flv,320,240,239336,29.0,104,5974,0,6078,853613,5225468,0,6079081,h264,242000,15.0,176,144,221160,1.908
2Y-k-006Zbs,67.583336,mpeg4,176,144,51225,12.0,15,777,0,792,47585,385164,0,432749,flv,539000,24.0,640,480,219480,0.676
3Xyf-6FdtDA,49.178333,mpeg4,176,144,54338,7.0,10,334,0,344,33046,300986,0,334032,h264,109000,15.0,1920,1080,662540,20.941
4b7b-FY4JPI,203.198,flv,320,240,239336,29.0,104,5974,0,6078,853613,5225468,0,6079081,flv,820000,24.0,480,360,221160,0.928
09oUj9EDIDo,239.14166,h264,480,360,500198,25.0,110,5868,0,5978,1406751,13545526,0,14952277,vp8,3000000,25.0,640,480,105208,9.977
3Wdg-dsGihA,340.424,flv,320,240,244491,11.0,69,4012,0,4081,1168939,9234909,0,10403848,flv,109000,12.0,176,144,221152,0.324
236x-T7D-8g,581.233,h264,480,360,295979,30.0,310,17128,0,17438,10151572,11352574,0,21504146,mpeg4,109000,12.0,320,240,218932,1.792
1Nc0-MKuExg,107.443,vp8,480,360,320011,30.093458,30,3190,0,3220,671936,3625932,0,4297868,mpeg4,109000,25.0,176,144,216820,2.624
1D3O-16kzhQ,274.541,vp8,480,360,139791,30.029198,58,8170,0,8228,802625,3994697,0,4797322,h264,109000,24.0,1920,1080,656748,32.07
3fpg-LlHcks,273.816,vp8,1920,1080,1571003,25.065933,77,6766,0,6843,6190779,47579961,0,53770740,vp8,3000000,15.0,176,144,219656,5.84
3dI-kJGuWbY,292.092,h264,480,360,480125,29.0,156,8599,0,8755,2375028,15155062,0,17530090,h264,539000,25.0,1920,1080,646704,72.405
04t6-jw9czg,130.35667,mpeg4,176,144,54590,12.0,27,1537,0,1564,64483,825054,0,889537,h264,109000,24.0,480,360,92836,5.344
09oUj9EDIDo,239.14166,h264,480,360,500198,25.0,110,5868,0,5978,1406751,13545526,0,14952277,mpeg4,3000000,15.0,176,144,97268,1.412
1KXW-XA6QkQ,255.28,flv,320,240,250276,25.0,110,6272,0,6382,611474,7374864,0,7986338,vp8,539000,15.0,640,480,216820,6.844
3AYz-PCa1aI,391.08,h264,640,480,230847,25.0,209,9569,0,9778,9023743,2261252,0,11284995,vp8,539000,29.97,1920,1080,219480,31.578
46oD-rS6PC8,95.462,h264,640,480,809256,29.0,51,2811,0,2862,886496,8770159,0,9656655,vp8,109000,24.0,640,480,221160,8.845
1lkF-VNDcss,458.625,h264,640,480,517364,29.0,245,13501,0,13746,5308581,24350943,0,29659524,h264,3000000,29.97,480,360,216820,11.621
15fr-zSdCqg,39.055,h264,1920,1080,5992818,30.0,26,1144,0,1170,839251,28416939,0,29256190,vp8,3000000,15.0,320,240,215940,11.549
0_VA-rJgmMI,750.433,vp8,1280,720,794075,13.482667,81,10031,0,10112,3852576,70635013,0,74487589,h264,5000000,15.0,1920,1080,669572,59.9
3N6c-uPdNas,69.933,flv,320,240,272898,15.0,37,1013,0,1050,349781,2035796,0,2385577,flv,109000,25.0,176,144,219656,0.376
1WrA-SRsgEk,384.451,h264,640,480,646432,29.0,205,11318,0,11523,2839955,28225248,0,31065203,flv,5000000,25.0,640,480,217828,2.324
1RMD-MxzJn8,64.933,flv,320,240,236793,15.0,39,936,0,975,318954,1603007,0,1921961,vp8,56000,25.0,480,360,217080,3.28
1G6F-Huj2hY,110.966995,h264,480,360,397112,30.0,59,3271,0,3330,529627,4978664,0,5508291,flv,5000000,15.0,1920,1080,216820,5.392
42hr-6A1jYc,311.1,mpeg4,176,144,56416,12.0,113,3620,0,3733,127552,2066350,0,2193902,vp8,109000,12.0,1280,720,221160,7.2
1hEL-mcI-tM,304.927,vp8,320,240,134334,25.075659,82,7541,0,7623,833754,4286526,0,5120280,h264,820000,15.0,176,144,216820,2.44
2HTJjLLaFL0,379.32,h264,480,360,181960,25.0,195,9289,0,9484,3392479,5235193,0,8627672,flv,5000000,12.0,320,240,219480,0.804
04t6-jw9czg,130.35667,mpeg4,176,144,54590,12.0,27,1537,0,1564,64483,825054,0,889537,flv,5000000,29.97,320,240,61064,0.472
3fmy-4uvR9U,143.03334,mpeg4,176,144,51082,12.0,31,1685,0,1716,56405,856907,0,913312,mpeg4,5000000,24.0,1280,720,219480,7.248
3ODf-KYiOZw,63.667,h264,640,480,972572,15.0,33,923,0,956,1259657,6480438,0,7740095,vp8,109000,29.97,640,480,219656,9.653
3N6c-uPdNas,69.933,flv,320,240,272898,15.0,37,1013,0,1050,349781,2035796,0,2385577,h264,5000000,15.0,1920,1080,611376,135.788
4b7b-FY4JPI,203.198,flv,320,240,239336,29.0,104,5974,0,6078,853613,5225468,0,6079081,vp8,242000,12.0,1920,1080,221160,22.373
3DRy-Stwt9c,385.052,vp8,1280,720,441862,23.979221,77,9155,0,9232,16244376,5023129,0,21267505,mpeg4,56000,25.0,480,360,219480,3.588
4NcD-WQyXCQ,860.056,vp8,1280,720,2688309,29.968605,277,25496,0,25773,12989828,276022270,0,289012098,mpeg4,820000,15.0,480,360,259432,4.876
eYyd-pf3oMg,142.075,flv,320,240,256001,29.0,74,4184,0,4258,593870,3952550,0,4546420,flv,109000,29.97,640,480,40412,1.46
1hEL-mcI-tM,304.927,vp8,320,240,134334,25.075659,82,7541,0,7623,833754,4286526,0,5120280,mpeg4,56000,29.97,1280,720,216820,10.589
3fpg-LlHcks,273.816,vp8,1920,1080,1571003,25.065933,77,6766,0,6843,6190779,47579961,0,53770740,h264,56000,24.0,640,480,219656,12.005
0OUmDeBapbQ,316.95166,mpeg4,176,144,55396,12.0,64,3739,0,3803,111850,2082902,0,2194752,mpeg4,56000,15.0,640,480,165700,2.0
2u-5-Io725E,426.945,h264,1280,720,1064703,29.0,228,12567,0,12795,11297544,45523691,0,56821235,vp8,820000,15.0,480,360,219480,7.26
4Fob-eSnrb8,1768.9417,mpeg4,176,144,56152,12.0,354,20873,0,21227,1382103,11034284,0,12416387,mpeg4,109000,15.0,640,480,221160,2.048
09oUj9EDIDo,239.14166,h264,480,360,500198,25.0,110,5868,0,5978,1406751,13545526,0,14952277,mpeg4,820000,12.0,1920,1080,114580,7.06
0Hwk-yGT-M4,714.371,vp8,1280,720,652356,29.981792,143,21264,0,21407,14532530,43720516,0,58253046,flv,3000000,24.0,640,480,165564,3.752
1tos-YhVzA4,222.53334,h264,480,360,500449,30.0,219,6457,0,6676,2821722,11099102,0,13920824,vp8,56000,12.0,640,480,217336,4.288
1Vq6-f1kYeM,127.221664,h264,1920,1080,3080852,23.0,70,2980,0,3050,3818903,45174992,0,48993895,flv,820000,25.0,176,144,217544,7.644
_2al-ZI1Wss,74.535,mpeg4,176,144,55305,12.0,15,879,0,894,23996,491276,0,515272,flv,242000,12.0,320,240,219464,0.404
3U8m-ETsTS4,282.56,h264,640,480,559834,25.0,145,6920,0,7065,4966509,14806840,0,19773349,mpeg4,3000000,29.97,480,360,221152,4.668
1G6F-Huj2hY,110.966995,h264,480,360,397112,30.0,59,3271,0,3330,529627,4978664,0,5508291,mpeg4,56000,24.0,176,144,216820,2.928
3BVV-0I-JlM,33.09,h264,320,240,279173,13.0,22,434,0,456,101794,1052937,0,1154731,mpeg4,3000000,12.0,640,480,219480,3.532
3DRy-Stwt9c,385.052,vp8,1280,720,441862,23.979221,77,9155,0,9232,16244376,5023129,0,21267505,vp8,820000,15.0,1280,720,219480,8.781
4keb-__zqyQ,452.689,vp8,320,240,66680,5.7057524,42,2537,0,2579,207037,3566163,0,3773200,h264,5000000,15.0,480,360,255832,20.865
_2al-ZI1Wss,74.535,mpeg4,176,144,55305,12.0,15,879,0,894,23996,491276,0,515272,vp8,242000,12.0,1920,1080,219200,15.789
3xGu-rfcH3s,368.32,vp8,640,480,29096,25.02174,74,9134,0,9208,869558,470067,0,1339625,flv,56000,25.0,1280,720,221152,2.44
3xUU-YRicZA,131.76,vp8,640,480,104723,25.145039,37,3257,0,3294,945865,778937,0,1724802,vp8,56000,24.0,176,144,221152,1.664
1D3O-16kzhQ,274.541,vp8,480,360,139791,30.029198,58,8170,0,8228,802625,3994697,0,4797322,flv,109000,29.97,1920,1080,216820,6.084
3fpg-LlHcks,273.816,vp8,1920,1080,1571003,25.065933,77,6766,0,6843,6190779,47579961,0,53770740,vp8,539000,24.0,1280,720,219656,22.781
3o_2-igmsyo,440.967,h264,320,240,281642,30.0,236,12994,0,13230,2444863,13079542,0,15524405,h264,242000,25.0,176,144,219656,2.5
2tzy-vqeeLY,106.765,h264,1280,720,849586,25.0,66,2603,0,2669,4427240,6911026,0,11338266,mpeg4,539000,12.0,320,240,219480,2.916
0Au5-4UDHco,52.68,h264,480,360,372001,25.0,53,1265,0,1318,870136,1579497,0,2449633,flv,5000000,29.97,1920,1080,155028,7.388
1D3O-16kzhQ,274.541,vp8,480,360,139791,30.029198,58,8170,0,8228,802625,3994697,0,4797322,mpeg4,539000,24.0,480,360,216064,3.292
3U8m-ETsTS4,282.56,h264,640,480,559834,25.0,145,6920,0,7065,4966509,14806840,0,19773349,h264,5000000,29.97,640,480,221152,15.733
0Au5-4UDHco,52.68,h264,480,360,372001,25.0,53,1265,0,1318,870136,1579497,0,2449633,vp8,109000,24.0,640,480,140080,8.437
1WrA-SRsgEk,384.451,h264,640,480,646432,29.0,205,11318,0,11523,2839955,28225248,0,31065203,flv,109000,12.0,1280,720,217828,2.676
1Vq6-f1kYeM,127.221664,h264,1920,1080,3080852,23.0,70,2980,0,3050,3818903,45174992,0,48993895,mpeg4,242000,12.0,176,144,217348,7.66
3BVV-0I-JlM,33.09,h264,320,240,279173,13.0,22,434,0,456,101794,1052937,0,1154731,h264,820000,24.0,640,480,219480,17.509
3xUU-YRicZA,131.76,vp8,640,480,104723,25.145039,37,3257,0,3294,945865,778937,0,1724802,h264,109000,29.97,1280,720,324408,19.189
1s9d-jTKyUw,448.575,vp8,1280,720,2052426,30.002232,92,13349,0,13441,9132637,105950761,0,115083398,flv,3000000,25.0,1920,1080,88832,9.165
0OUmDeBapbQ,316.95166,mpeg4,176,144,55396,12.0,64,3739,0,3803,111850,2082902,0,2194752,h264,242000,24.0,640,480,165700,9.613
1oz8-nezz50,225.08,h264,480,360,538452,25.0,113,5515,0,5628,1873408,13275961,0,15149369,h264,5000000,12.0,640,480,216820,20.041
0ICm-Cu4_aE,476.957,vp8,1280,720,1387100,30.05252,105,14200,0,14305,3487520,79210885,0,82698405,flv,242000,24.0,320,240,165700,3.068
1tos-YhVzA4,222.53334,h264,480,360,500449,30.0,219,6457,0,6676,2821722,11099102,0,13920824,vp8,5000000,15.0,640,480,217348,6.66
3fmy-4uvR9U,143.03334,mpeg4,176,144,51082,12.0,31,1685,0,1716,56405,856907,0,913312,flv,242000,24.0,640,480,219480,0.684
1KXW-XA6QkQ,255.28,flv,320,240,250276,25.0,110,6272,0,6382,611474,7374864,0,7986338,mpeg4,5000000,29.97,320,240,216820,2.148
2ApZ-KZ-pEk,157.891,h264,480,360,406908,29.0,87,4646,0,4733,1776729,6254165,0,8030894,mpeg4,5000000,29.97,176,144,219464,2.98
2u-5-Io725E,426.945,h264,1280,720,1064703,29.0,228,12567,0,12795,11297544,45523691,0,56821235,flv,820000,29.97,480,360,219480,3.676
3DRy-Stwt9c,385.052,vp8,1280,720,441862,23.979221,77,9155,0,9232,16244376,5023129,0,21267505,flv,109000,24.0,176,144,219480,1.32
4b7b-FY4JPI,203.198,flv,320,240,239336,29.0,104,5974,0,6078,853613,5225468,0,6079081,h264,109000,12.0,320,240,221160,2.26
1RMD-MxzJn8,64.933,flv,320,240,236793,15.0,39,936,0,975,318954,1603007,0,1921961,h264,820000,15.0,176,144,217080,2.824
2NO0-ve7CKM,1140.349,vp8,1280,720,2394626,30.007017,328,33880,0,34208,20478926,320859863,0,341338789,mpeg4,5000000,15.0,320,240,219480,4.436
1ZzJ-T2FJAw,250.017,h264,320,240,153059,29.0,128,7366,0,7494,856855,3926589,0,4783444,flv,56000,24.0,640,480,218664,1.276
3SQY-ZB8hmI,473.0,h264,320,240,164017,25.0,198,10924,704,11826,1419320,8047423,0,9697521,flv,820000,25.0,176,144,220900,0.856
1KXW-XA6QkQ,255.28,flv,320,240,250276,25.0,110,6272,0,6382,611474,7374864,0,7986338,mpeg4,820000,15.0,1920,1080,216820,8.357
3N6c-uPdNas,69.933,flv,320,240,272898,15.0,37,1013,0,1050,349781,2035796,0,2385577,flv,5000000,12.0,1920,1080,219656,4.316
94bO-IX0xwY,137.50833,h264,1280,720,2013386,29.0,69,4052,0,4121,3836219,30770966,0,34607185,vp8,5000000,12.0,320,240,50748,7.536
0I0e-5-iR3A,906.5983,mpeg4,176,144,56108,12.0,187,10692,0,10879,597549,5760936,0,6358485,h264,56000,12.0,1920,1080,649256,19.333
0I0e-5-iR3A,906.5983,mpeg4,176,144,56108,12.0,187,10692,0,10879,597549,5760936,0,6358485,flv,242000,24.0,1920,1080,165668,2.88
3xUU-YRicZA,131.76,vp8,640,480,104723,25.145039,37,3257,0,3294,945865,778937,0,1724802,mpeg4,242000,25.0,640,480,221152,3.836
3BVV-0I-JlM,33.09,h264,320,240,279173,13.0,22,434,0,456,101794,1052937,0,1154731,flv,3000000,24.0,480,360,219480,0.972
1Nc0-MKuExg,107.443,vp8,480,360,320011,30.093458,30,3190,0,3220,671936,3625932,0,4297868,mpeg4,539000,29.97,176,144,216820,2.772
3fmy-4uvR9U,143.03334,mpeg4,176,144,51082,12.0,31,1685,0,1716,56405,856907,0,913312,vp8,109000,29.97,640,480,219480,4.428
4Fob-eSnrb8,1768.9417,mpeg4,176,144,56152,12.0,354,20873,0,21227,1382103,11034284,0,12416387,vp8,3000000,29.97,176,144,224840,1.312
2Y-k-006Zbs,67.583336,mpeg4,176,144,51225,12.0,15,777,0,792,47585,385164,0,432749,mpeg4,56000,24.0,640,480,219480,2.484
1RGh-RmYxHY,217.518,h264,480,360,83054,29.0,112,6408,0,6520,406683,1851539,0,2258222,flv,109000,25.0,320,240,217080,0.908
08EV-X022WI,204.938,h264,480,360,297373,16.0,111,3169,0,3280,1451634,6166260,0,7617894,mpeg4,820000,12.0,640,480,81740,2.964
1ZzJ-T2FJAw,250.017,h264,320,240,153059,29.0,128,7366,0,7494,856855,3926589,0,4783444,vp8,5000000,29.97,640,480,218664,9.489
2tzy-vqeeLY,106.765,h264,1280,720,849586,25.0,66,2603,0,2669,4427240,6911026,0,11338266,h264,3000000,25.0,320,240,219480,7.692
3xGu-rfcH3s,368.32,vp8,640,480,29096,25.02174,74,9134,0,9208,869558,470067,0,1339625,h264,3000000,24.0,480,360,221152,2.744
3xGu-rfcH3s,368.32,vp8,640,480,29096,25.02174,74,9134,0,9208,869558,470067,0,1339625,h264,3000000,29.97,176,144,221152,1.216
2u-5-Io725E,426.945,h264,1280,720,1064703,29.0,228,12567,0,12795,11297544,45523691,0,56821235,mpeg4,56000,25.0,480,360,219480,4.624
3mWp-QQn-1M,167.39166,h264,1280,720,2207484,24.0,86,3931,0,4017,4369420,41819887,0,46189307,flv,56000,29.97,480,360,219656,3.844
2Y-k-006Zbs,67.583336,mpeg4,176,144,51225,12.0,15,777,0,792,47585,385164,0,432749,flv,3000000,12.0,1280,720,219480,1.56
1Vq6-f1kYeM,127.221664,h264,1920,1080,3080852,23.0,70,2980,0,3050,3818903,45174992,0,48993895,vp8,5000000,25.0,480,360,217436,13.665
3xGu-rfcH3s,368.32,vp8,640,480,29096,25.02174,74,9134,0,9208,869558,470067,0,1339625,mpeg4,820000,25.0,640,480,221152,3.496
2SkA-cUEaJ0,490.6,h264,480,360,300437,25.0,256,12010,0,12266,1448177,16976151,0,18424328,mpeg4,56000,12.0,320,240,219480,1.588
3BVV-0I-JlM,33.09,h264,320,240,279173,13.0,22,434,0,456,101794,1052937,0,1154731,vp8,56000,29.97,640,480,219480,5.332
4b7b-FY4JPI,203.198,flv,320,240,239336,29.0,104,5974,0,6078,853613,5225468,0,6079081,h264,242000,24.0,1280,720,299544,24.838
236x-T7D-8g,581.233,h264,480,360,295979,30.0,310,17128,0,17438,10151572,11352574,0,21504146,mpeg4,3000000,15.0,1280,720,218932,5.06
3Xyf-6FdtDA,49.178333,mpeg4,176,144,54338,7.0,10,334,0,344,33046,300986,0,334032,flv,56000,15.0,1920,1080,221160,1.524
28BV-NZV3C8,326.58832,h264,1920,1080,5999648,23.0,174,7656,0,7830,16603953,228322925,0,244926878,h264,3000000,29.97,176,144,218932,14.105
2NuI-Bp5brA,80.536,h264,480,360,690041,29.0,43,2374,0,2417,618732,6327913,0,6946645,vp8,539000,24.0,640,480,219480,14.281
25TI-jx-cag,176.901,vp8,480,360,26968,25.113636,38,4382,0,4420,393395,202954,0,596349,mpeg4,242000,29.97,320,240,218932,2.216
4BJV-yiTcus,254.922,vp8,480,360,260667,30.062992,51,7585,0,7636,918325,7387906,0,8306231,flv,539000,15.0,1920,1080,221160,4.196
3ODf-KYiOZw,63.667,h264,640,480,972572,15.0,33,923,0,956,1259657,6480438,0,7740095,flv,242000,15.0,640,480,219656,1.624
2TXm-QHXCzU,270.655,vp8,640,480,652967,30.062963,89,8028,0,8117,1912240,20178890,0,22091130,flv,109000,24.0,1920,1080,219480,7.164
09oUj9EDIDo,239.14166,h264,480,360,500198,25.0,110,5868,0,5978,1406751,13545526,0,14952277,h264,242000,29.97,1920,1080,677060,53.131
1lkF-VNDcss,458.625,h264,640,480,517364,29.0,245,13501,0,13746,5308581,24350943,0,29659524,h264,820000,12.0,1280,720,339268,18.313
0Axi-TRoqVA,59.883,vp8,1280,720,994960,30.38983,13,1780,0,1793,481774,6965881,0,7447655,h264,5000000,12.0,320,240,162972,10.921
1Nc0-MKuExg,107.443,vp8,480,360,320011,30.093458,30,3190,0,3220,671936,3625932,0,4297868,mpeg4,56000,29.97,1280,720,216820,10.817
3BVV-0I-JlM,33.09,h264,320,240,279173,13.0,22,434,0,456,101794,1052937,0,1154731,vp8,539000,12.0,1920,1080,219480,22.885
0ckO-lUydcc,177.33333,mpeg4,176,144,53707,12.0,37,2091,0,2128,100969,1089548,0,1190517,mpeg4,5000000,12.0,640,480,163024,1.984
1Y-Y-RHCxRQ,189.956,flv,320,240,231296,29.0,97,5597,0,5694,580292,4911734,0,5492026,mpeg4,820000,12.0,176,144,218192,1.192
3Wdg-dsGihA,340.424,flv,320,240,244491,11.0,69,4012,0,4081,1168939,9234909,0,10403848,mpeg4,56000,15.0,1280,720,221152,5.072
3xGu-rfcH3s,368.32,vp8,640,480,29096,25.02174,74,9134,0,9208,869558,470067,0,1339625,mpeg4,5000000,24.0,176,144,221152,1.932
3xGu-rfcH3s,368.32,vp8,640,480,29096,25.02174,74,9134,0,9208,869558,470067,0,1339625,vp8,539000,15.0,480,360,221152,2.232
1ZzJ-T2FJAw,250.017,h264,320,240,153059,29.0,128,7366,0,7494,856855,3926589,0,4783444,mpeg4,539000,15.0,640,480,218664,3.628
1L6x-TgAldY,286.995,h264,480,360,508160,23.0,156,6726,0,6882,2285153,15944803,0,18229956,mpeg4,820000,12.0,1280,720,216820,4.18
15fr-zSdCqg,39.055,h264,1920,1080,5992818,30.0,26,1144,0,1170,839251,28416939,0,29256190,mpeg4,3000000,12.0,640,480,215848,10.785
1hEL-mcI-tM,304.927,vp8,320,240,134334,25.075659,82,7541,0,7623,833754,4286526,0,5120280,vp8,242000,12.0,176,144,216820,1.46
0ckO-lUydcc,177.33333,mpeg4,176,144,53707,12.0,37,2091,0,2128,100969,1089548,0,1190517,flv,242000,24.0,1920,1080,163632,2.736
0Au5-4UDHco,52.68,h264,480,360,372001,25.0,53,1265,0,1318,870136,1579497,0,2449633,mpeg4,5000000,25.0,320,240,140080,3.884
3U8m-ETsTS4,282.56,h264,640,480,559834,25.0,145,6920,0,7065,4966509,14806840,0,19773349,h264,820000,24.0,1280,720,332868,27.234
1D3O-16kzhQ,274.541,vp8,480,360,139791,30.029198,58,8170,0,8228,802625,3994697,0,4797322,h264,3000000,24.0,480,360,216820,12.225
1hEL-mcI-tM,304.927,vp8,320,240,134334,25.075659,82,7541,0,7623,833754,4286526,0,5120280,mpeg4,242000,29.97,480,360,216820,3.512
46oD-rS6PC8,95.462,h264,640,480,809256,29.0,51,2811,0,2862,886496,8770159,0,9656655,flv,820000,12.0,176,144,221160,1.588
25TI-jx-cag,176.901,vp8,480,360,26968,25.113636,38,4382,0,4420,393395,202954,0,596349,vp8,820000,29.97,1920,1080,218932,22.949
1WrA-SRsgEk,384.451,h264,640,480,646432,29.0,205,11318,0,11523,2839955,28225248,0,31065203,mpeg4,242000,29.97,480,360,217544,4.848
0OUmDeBapbQ,316.95166,mpeg4,176,144,55396,12.0,64,3739,0,3803,111850,2082902,0,2194752,mpeg4,539000,24.0,1280,720,165700,6.204
1s9d-jTKyUw,448.575,vp8,1280,720,2052426,30.002232,92,13349,0,13441,9132637,105950761,0,115083398,vp8,820000,25.0,1920,1080,217080,57.776
2HTJjLLaFL0,379.32,h264,480,360,181960,25.0,195,9289,0,9484,3392479,5235193,0,8627672,h264,3000000,24.0,176,144,219480,2.212
15fr-zSdCqg,39.055,h264,1920,1080,5992818,30.0,26,1144,0,1170,839251,28416939,0,29256190,flv,5000000,24.0,640,480,216020,10.153
1G6F-Huj2hY,110.966995,h264,480,360,397112,30.0,59,3271,0,3330,529627,4978664,0,5508291,h264,820000,24.0,320,240,216820,9.869
0Hwk-yGT-M4,714.371,vp8,1280,720,652356,29.981792,143,21264,0,21407,14532530,43720516,0,58253046,vp8,242000,29.97,320,240,164888,6.344
4keb-__zqyQ,452.689,vp8,320,240,66680,5.7057524,42,2537,0,2579,207037,3566163,0,3773200,h264,5000000,29.97,320,240,256164,9.821
2NO0-ve7CKM,1140.349,vp8,1280,720,2394626,30.007017,328,33880,0,34208,20478926,320859863,0,341338789,mpeg4,109000,29.97,320,240,219480,4.508
0XTW-dqdT4w,216.55,h264,320,240,291150,29.0,112,6379,0,6491,1789334,6091735,0,7881069,flv,5000000,25.0,640,480,209716,1.504
3Wdg-dsGihA,340.424,flv,320,240,244491,11.0,69,4012,0,4081,1168939,9234909,0,10403848,flv,56000,25.0,320,240,221152,0.32
3xUU-YRicZA,131.76,vp8,640,480,104723,25.145039,37,3257,0,3294,945865,778937,0,1724802,vp8,242000,25.0,1280,720,221152,13.265
22uE-OUUBH8,43.827,flv,320,240,272273,25.0,23,1081,0,1104,137210,1354404,0,1491614,mpeg4,3000000,25.0,176,144,218932,1.592
1YDt-FkeZ4E,98.683334,mpeg4,176,144,55552,12.0,20,1164,0,1184,48267,636993,0,685260,mpeg4,242000,15.0,640,480,217852,1.66
4Fob-eSnrb8,1768.9417,mpeg4,176,144,56152,12.0,354,20873,0,21227,1382103,11034284,0,12416387,flv,109000,24.0,176,144,228952,0.308
3N6c-uPdNas,69.933,flv,320,240,272898,15.0,37,1013,0,1050,349781,2035796,0,2385577,mpeg4,539000,24.0,480,360,219656,3.06
WxdC-9L9s6g,153.0,vp8,480,360,196726,25.0,34,3791,0,3825,400923,3361475,0,3762398,vp8,539000,15.0,1280,720,81640,13.017
0Axi-TRoqVA,59.883,vp8,1280,720,994960,30.38983,13,1780,0,1793,481774,6965881,0,7447655,flv,242000,25.0,320,240,160152,3.248
0a6_--ZJXTE,290.01666,mpeg4,176,144,52783,12.0,61,3417,0,3478,119325,1794184,0,1913509,h264,820000,25.0,1280,720,308748,36.974
1ZzJ-T2FJAw,250.017,h264,320,240,153059,29.0,128,7366,0,7494,856855,3926589,0,4783444,h264,5000000,24.0,480,360,218932,17.273
1D3O-16kzhQ,274.541,vp8,480,360,139791,30.029198,58,8170,0,8228,802625,3994697,0,4797322,vp8,242000,15.0,1920,1080,216064,20.009
1Vq6-f1kYeM,127.221664,h264,1920,1080,3080852,23.0,70,2980,0,3050,3818903,45174992,0,48993895,vp8,109000,12.0,320,240,217348,8.221
2tzy-vqeeLY,106.765,h264,1280,720,849586,25.0,66,2603,0,2669,4427240,6911026,0,11338266,h264,109000,12.0,1920,1080,688480,22.257
3N6c-uPdNas,69.933,flv,320,240,272898,15.0,37,1013,0,1050,349781,2035796,0,2385577,vp8,3000000,15.0,320,240,219656,3.252
4b7b-FY4JPI,203.198,flv,320,240,239336,29.0,104,5974,0,6078,853613,5225468,0,6079081,vp8,539000,24.0,1280,720,221160,19.673
1L6x-TgAldY,286.995,h264,480,360,508160,23.0,156,6726,0,6882,2285153,15944803,0,18229956,mpeg4,5000000,25.0,640,480,216820,6.752
1L6x-TgAldY,286.995,h264,480,360,508160,23.0,156,6726,0,6882,2285153,15944803,0,18229956,flv,820000,29.97,640,480,216820,1.744
3SQY-ZB8hmI,473.0,h264,320,240,164017,25.0,198,10924,704,11826,1419320,8047423,0,9697521,mpeg4,5000000,12.0,1280,720,220808,4.712
08EV-X022WI,204.938,h264,480,360,297373,16.0,111,3169,0,3280,1451634,6166260,0,7617894,mpeg4,109000,25.0,480,360,79104,2.76
0Hwk-yGT-M4,714.371,vp8,1280,720,652356,29.981792,143,21264,0,21407,14532530,43720516,0,58253046,mpeg4,539000,12.0,1920,1080,164736,8.537
15fr-zSdCqg,39.055,h264,1920,1080,5992818,30.0,26,1144,0,1170,839251,28416939,0,29256190,mpeg4,5000000,12.0,1280,720,215848,12.729
4BJV-yiTcus,254.922,vp8,480,360,260667,30.062992,51,7585,0,7636,918325,7387906,0,8306231,flv,109000,29.97,480,360,221160,1.092
3AYz-PCa1aI,391.08,h264,640,480,230847,25.0,209,9569,0,9778,9023743,2261252,0,11284995,vp8,56000,12.0,640,480,219480,3.132
4NcD-WQyXCQ,860.056,vp8,1280,720,2688309,29.968605,277,25496,0,25773,12989828,276022270,0,289012098,mpeg4,3000000,29.97,320,240,260360,5.184
3SQY-ZB8hmI,473.0,h264,320,240,164017,25.0,198,10924,704,11826,1419320,8047423,0,9697521,h264,820000,12.0,640,480,220900,15.657
0QZJN4yTbbU,34.168,vp8,480,360,186895,30.029411,16,1005,0,1021,238485,559745,0,798230,flv,5000000,24.0,1280,720,165700,2.988
2NuI-Bp5brA,80.536,h264,480,360,690041,29.0,43,2374,0,2417,618732,6327913,0,6946645,h264,109000,12.0,640,480,219480,9.113
25TI-jx-cag,176.901,vp8,480,360,26968,25.113636,38,4382,0,4420,393395,202954,0,596349,mpeg4,5000000,15.0,320,240,218932,1.788
1D3O-16kzhQ,274.541,vp8,480,360,139791,30.029198,58,8170,0,8228,802625,3994697,0,4797322,flv,109000,25.0,1280,720,216820,2.764
3o_2-igmsyo,440.967,h264,320,240,281642,30.0,236,12994,0,13230,2444863,13079542,0,15524405,vp8,3000000,25.0,1920,1080,219656,33.502
0XTW-dqdT4w,216.55,h264,320,240,291150,29.0,112,6379,0,6491,1789334,6091735,0,7881069,vp8,56000,25.0,480,360,189572,4.236
1D3O-16kzhQ,274.541,vp8,480,360,139791,30.029198,58,8170,0,8228,802625,3994697,0,4797322,vp8,109000,25.0,1920,1080,216064,28.346
3fmy-4uvR9U,143.03334,mpeg4,176,144,51082,12.0,31,1685,0,1716,56405,856907,0,913312,mpeg4,242000,15.0,640,480,219480,1.82
1Y-Y-RHCxRQ,189.956,flv,320,240,231296,29.0,97,5597,0,5694,580292,4911734,0,5492026,flv,242000,24.0,1280,720,218664,2.32
0XTW-dqdT4w,216.55,h264,320,240,291150,29.0,112,6379,0,6491,1789334,6091735,0,7881069,h264,3000000,24.0,480,360,212572,12.421
2HTJjLLaFL0,379.32,h264,480,360,181960,25.0,195,9289,0,9484,3392479,5235193,0,8627672,flv,56000,15.0,480,360,219480,0.776
3-Wy-Ftbd40,69.93833,mpeg4,176,144,56717,12.0,14,825,0,839,47521,448322,0,495843,flv,820000,15.0,1280,720,221152,1.312
3ODf-KYiOZw,63.667,h264,640,480,972572,15.0,33,923,0,956,1259657,6480438,0,7740095,mpeg4,56000,25.0,1280,720,219656,8.061
1Nc0-MKuExg,107.443,vp8,480,360,320011,30.093458,30,3190,0,3220,671936,3625932,0,4297868,mpeg4,242000,29.97,1280,720,216820,10.621
1Nc0-MKuExg,107.443,vp8,480,360,320011,30.093458,30,3190,0,3220,671936,3625932,0,4297868,mpeg4,539000,29.97,320,240,216820,2.916
2pet-NcSXvY,37.011665,h264,1280,720,2759449,29.0,21,1088,0,1109,1899633,10866846,0,12766479,flv,109000,29.97,1920,1080,219480,11.033
2SkA-cUEaJ0,490.6,h264,480,360,300437,25.0,256,12010,0,12266,1448177,16976151,0,18424328,h264,56000,15.0,1280,720,326980,14.297
1tos-YhVzA4,222.53334,h264,480,360,500449,30.0,219,6457,0,6676,2821722,11099102,0,13920824,mpeg4,5000000,25.0,1280,720,217336,7.908
3Wdg-dsGihA,340.424,flv,320,240,244491,11.0,69,4012,0,4081,1168939,9234909,0,10403848,mpeg4,820000,25.0,1920,1080,221152,12.693
1hEL-mcI-tM,304.927,vp8,320,240,134334,25.075659,82,7541,0,7623,833754,4286526,0,5120280,h264,5000000,12.0,1280,720,323428,41.507
3ojsQWU7XWE,86.486,h264,640,480,356037,29.0,46,2547,0,2593,819680,3029350,0,3849030,flv,242000,24.0,1920,1080,219656,5.48
0ckO-lUydcc,177.33333,mpeg4,176,144,53707,12.0,37,2091,0,2128,100969,1089548,0,1190517,h264,56000,12.0,480,360,163632,3.32
3xGu-rfcH3s,368.32,vp8,640,480,29096,25.02174,74,9134,0,9208,869558,470067,0,1339625,mpeg4,820000,25.0,176,144,221152,2.132
3ojsQWU7XWE,86.486,h264,640,480,356037,29.0,46,2547,0,2593,819680,3029350,0,3849030,flv,820000,12.0,176,144,219656,1.152
0Axi-TRoqVA,59.883,vp8,1280,720,994960,30.38983,13,1780,0,1793,481774,6965881,0,7447655,h264,56000,24.0,640,480,162520,10.825
1WrA-SRsgEk,384.451,h264,640,480,646432,29.0,205,11318,0,11523,2839955,28225248,0,31065203,h264,56000,24.0,480,360,217828,6.972
2SkA-cUEaJ0,490.6,h264,480,360,300437,25.0,256,12010,0,12266,1448177,16976151,0,18424328,mpeg4,109000,29.97,640,480,219480,5.44
2u-5-Io725E,426.945,h264,1280,720,1064703,29.0,228,12567,0,12795,11297544,45523691,0,56821235,h264,56000,29.97,1920,1080,674808,43.115
3ODf-KYiOZw,63.667,h264,640,480,972572,15.0,33,923,0,956,1259657,6480438,0,7740095,h264,539000,15.0,320,240,219656,6.204
1RMD-MxzJn8,64.933,flv,320,240,236793,15.0,39,936,0,975,318954,1603007,0,1921961,h264,3000000,15.0,640,480,217080,19.977
0ckO-lUydcc,177.33333,mpeg4,176,144,53707,12.0,37,2091,0,2128,100969,1089548,0,1190517,mpeg4,820000,24.0,320,240,163024,1.308
1WrA-SRsgEk,384.451,h264,640,480,646432,29.0,205,11318,0,11523,2839955,28225248,0,31065203,vp8,56000,15.0,176,144,217568,2.512
4Fob-eSnrb8,1768.9417,mpeg4,176,144,56152,12.0,354,20873,0,21227,1382103,11034284,0,12416387,flv,3000000,15.0,320,240,235604,0.484
1D3O-16kzhQ,274.541,vp8,480,360,139791,30.029198,58,8170,0,8228,802625,3994697,0,4797322,vp8,56000,25.0,1920,1080,216064,26.418
15fr-zSdCqg,39.055,h264,1920,1080,5992818,30.0,26,1144,0,1170,839251,28416939,0,29256190,flv,109000,29.97,320,240,216020,9.581
3AYz-PCa1aI,391.08,h264,640,480,230847,25.0,209,9569,0,9778,9023743,2261252,0,11284995,flv,242000,12.0,640,480,219480,0.936
2HTJjLLaFL0,379.32,h264,480,360,181960,25.0,195,9289,0,9484,3392479,5235193,0,8627672,mpeg4,539000,12.0,1280,720,219464,3.668
3ojsQWU7XWE,86.486,h264,640,480,356037,29.0,46,2547,0,2593,819680,3029350,0,3849030,flv,56000,25.0,320,240,219656,1.22
2NuI-Bp5brA,80.536,h264,480,360,690041,29.0,43,2374,0,2417,618732,6327913,0,6946645,vp8,539000,29.97,480,360,219480,11.877
3Wdg-dsGihA,340.424,flv,320,240,244491,11.0,69,4012,0,4081,1168939,9234909,0,10403848,vp8,242000,15.0,320,240,221152,1.748
4Fob-eSnrb8,1768.9417,mpeg4,176,144,56152,12.0,354,20873,0,21227,1382103,11034284,0,12416387,flv,539000,25.0,1920,1080,233044,3.056
3N6c-uPdNas,69.933,flv,320,240,272898,15.0,37,1013,0,1050,349781,2035796,0,2385577,flv,242000,25.0,480,360,219656,0.596
2NuI-Bp5brA,80.536,h264,480,360,690041,29.0,43,2374,0,2417,618732,6327913,0,6946645,h264,242000,24.0,480,360,219480,11.877
3dI-kJGuWbY,292.092,h264,480,360,480125,29.0,156,8599,0,8755,2375028,15155062,0,17530090,flv,820000,15.0,176,144,219480,1.268
08EV-X022WI,204.938,h264,480,360,297373,16.0,111,3169,0,3280,1451634,6166260,0,7617894,mpeg4,242000,12.0,480,360,79400,1.336
1Y-Y-RHCxRQ,189.956,flv,320,240,231296,29.0,97,5597,0,5694,580292,4911734,0,5492026,vp8,109000,29.97,176,144,218664,1.26
1Vq6-f1kYeM,127.221664,h264,1920,1080,3080852,23.0,70,2980,0,3050,3818903,45174992,0,48993895,h264,820000,25.0,640,480,217544,28.582
3SQY-ZB8hmI,473.0,h264,320,240,164017,25.0,198,10924,704,11826,1419320,8047423,0,9697521,h264,5000000,15.0,640,480,220900,26.17
3-Wy-Ftbd40,69.93833,mpeg4,176,144,56717,12.0,14,825,0,839,47521,448322,0,495843,h264,5000000,15.0,1280,720,311828,32.466
3Wdg-dsGihA,340.424,flv,320,240,244491,11.0,69,4012,0,4081,1168939,9234909,0,10403848,vp8,5000000,24.0,176,144,221152,0.96
3U8m-ETsTS4,282.56,h264,640,480,559834,25.0,145,6920,0,7065,4966509,14806840,0,19773349,h264,820000,29.97,1920,1080,668784,57.336
0QZJN4yTbbU,34.168,vp8,480,360,186895,30.029411,16,1005,0,1021,238485,559745,0,798230,vp8,5000000,12.0,1280,720,165700,10.173
3DRy-Stwt9c,385.052,vp8,1280,720,441862,23.979221,77,9155,0,9232,16244376,5023129,0,21267505,flv,109000,15.0,640,480,219480,1.604
4keb-__zqyQ,452.689,vp8,320,240,66680,5.7057524,42,2537,0,2579,207037,3566163,0,3773200,flv,3000000,24.0,176,144,250532,0.576
25TI-jx-cag,176.901,vp8,480,360,26968,25.113636,38,4382,0,4420,393395,202954,0,596349,mpeg4,56000,12.0,176,144,218932,1.072
04t6-jw9czg,130.35667,mpeg4,176,144,54590,12.0,27,1537,0,1564,64483,825054,0,889537,flv,242000,12.0,1280,720,52252,1.476
4NcD-WQyXCQ,860.056,vp8,1280,720,2688309,29.968605,277,25496,0,25773,12989828,276022270,0,289012098,vp8,820000,29.97,320,240,262592,11.149
DMz-jU5oeas,363.63,flv,320,240,237378,29.0,187,10712,0,10899,841833,9947920,0,10789753,flv,820000,24.0,480,360,37948,1.704
2pet-NcSXvY,37.011665,h264,1280,720,2759449,29.0,21,1088,0,1109,1899633,10866846,0,12766479,vp8,56000,29.97,640,480,219480,16.065
0_VA-rJgmMI,750.433,vp8,1280,720,794075,13.482667,81,10031,0,10112,3852576,70635013,0,74487589,mpeg4,5000000,29.97,1920,1080,165700,14.369
0OUmDeBapbQ,316.95166,mpeg4,176,144,55396,12.0,64,3739,0,3803,111850,2082902,0,2194752,h264,109000,29.97,176,144,165700,2.104
46oD-rS6PC8,95.462,h264,640,480,809256,29.0,51,2811,0,2862,886496,8770159,0,9656655,vp8,242000,29.97,320,240,221160,5.16
3_fF9rtYCQ0,256.20834,mpeg4,176,144,57565,12.0,56,3018,0,3074,302900,1540700,0,1843600,h264,539000,29.97,640,480,219480,13.857
3SQY-ZB8hmI,473.0,h264,320,240,164017,25.0,198,10924,704,11826,1419320,8047423,0,9697521,h264,539000,24.0,176,144,220900,3.736
3HVJ-p8L33A,163.897,flv,320,240,267032,29.0,87,4826,0,4913,824159,4646573,0,5470732,flv,539000,15.0,1920,1080,219656,3.82
0a6_--ZJXTE,290.01666,mpeg4,176,144,52783,12.0,61,3417,0,3478,119325,1794184,0,1913509,mpeg4,56000,15.0,1280,720,123864,4.432
1RMD-MxzJn8,64.933,flv,320,240,236793,15.0,39,936,0,975,318954,1603007,0,1921961,flv,242000,24.0,480,360,217080,0.584
1tos-YhVzA4,222.53334,h264,480,360,500449,30.0,219,6457,0,6676,2821722,11099102,0,13920824,flv,56000,15.0,1280,720,217348,2.236
3xUU-YRicZA,131.76,vp8,640,480,104723,25.145039,37,3257,0,3294,945865,778937,0,1724802,flv,242000,15.0,176,144,221152,0.8
1LXH-OibJYQ,42.2,h264,480,360,288705,25.0,23,1033,0,1056,216154,1306770,0,1522924,h264,5000000,12.0,1920,1080,665932,52.671
2ApZ-KZ-pEk,157.891,h264,480,360,406908,29.0,87,4646,0,4733,1776729,6254165,0,8030894,vp8,56000,29.97,640,480,219464,8.969
3fpg-LlHcks,273.816,vp8,1920,1080,1571003,25.065933,77,6766,0,6843,6190779,47579961,0,53770740,mpeg4,5000000,15.0,640,480,219656,6.628
3Wdg-dsGihA,340.424,flv,320,240,244491,11.0,69,4012,0,4081,1168939,9234909,0,10403848,h264,820000,12.0,480,360,221152,8.293
236x-T7D-8g,581.233,h264,480,360,295979,30.0,310,17128,0,17438,10151572,11352574,0,21504146,h264,5000000,25.0,1920,1080,651220,122.056
1hEL-mcI-tM,304.927,vp8,320,240,134334,25.075659,82,7541,0,7623,833754,4286526,0,5120280,h264,242000,24.0,1280,720,321636,24.626
0ICm-Cu4_aE,476.957,vp8,1280,720,1387100,30.05252,105,14200,0,14305,3487520,79210885,0,82698405,h264,109000,25.0,480,360,165700,8.597
0a6_--ZJXTE,290.01666,mpeg4,176,144,52783,12.0,61,3417,0,3478,119325,1794184,0,1913509,flv,242000,29.97,640,480,136036,0.68
1Y-Y-RHCxRQ,189.956,flv,320,240,231296,29.0,97,5597,0,5694,580292,4911734,0,5492026,mpeg4,5000000,25.0,1280,720,218664,10.385
3_fF9rtYCQ0,256.20834,mpeg4,176,144,57565,12.0,56,3018,0,3074,302900,1540700,0,1843600,h264,3000000,12.0,480,360,219480,7.408
0Axi-TRoqVA,59.883,vp8,1280,720,994960,30.38983,13,1780,0,1793,481774,6965881,0,7447655,flv,109000,25.0,1280,720,159556,4.16
4Fob-eSnrb8,1768.9417,mpeg4,176,144,56152,12.0,354,20873,0,21227,1382103,11034284,0,12416387,vp8,3000000,15.0,480,360,224176,5.436
3o_2-igmsyo,440.967,h264,320,240,281642,30.0,236,12994,0,13230,2444863,13079542,0,15524405,flv,56000,12.0,176,144,219656,0.636
0I0e-5-iR3A,906.5983,mpeg4,176,144,56108,12.0,187,10692,0,10879,597549,5760936,0,6358485,vp8,109000,29.97,320,240,165668,2.06
0XTW-dqdT4w,216.55,h264,320,240,291150,29.0,112,6379,0,6491,1789334,6091735,0,7881069,flv,109000,15.0,176,144,203172,0.668
3_fF9rtYCQ0,256.20834,mpeg4,176,144,57565,12.0,56,3018,0,3074,302900,1540700,0,1843600,vp8,109000,15.0,176,144,219480,0.684
4Fob-eSnrb8,1768.9417,mpeg4,176,144,56152,12.0,354,20873,0,21227,1382103,11034284,0,12416387,flv,109000,12.0,480,360,228608,0.52
09oUj9EDIDo,239.14166,h264,480,360,500198,25.0,110,5868,0,5978,1406751,13545526,0,14952277,h264,5000000,29.97,1280,720,336484,93.286
1LXH-OibJYQ,42.2,h264,480,360,288705,25.0,23,1033,0,1056,216154,1306770,0,1522924,vp8,109000,15.0,1280,720,216820,9.781
3AYz-PCa1aI,391.08,h264,640,480,230847,25.0,209,9569,0,9778,9023743,2261252,0,11284995,mpeg4,56000,25.0,1920,1080,219480,12.041
0OUmDeBapbQ,316.95166,mpeg4,176,144,55396,12.0,64,3739,0,3803,111850,2082902,0,2194752,flv,242000,29.97,640,480,165700,0.636
1Vq6-f1kYeM,127.221664,h264,1920,1080,3080852,23.0,70,2980,0,3050,3818903,45174992,0,48993895,h264,109000,24.0,1280,720,393248,32.17
0XTW-dqdT4w,216.55,h264,320,240,291150,29.0,112,6379,0,6491,1789334,6091735,0,7881069,flv,109000,12.0,480,360,202856,0.892
3N6c-uPdNas,69.933,flv,320,240,272898,15.0,37,1013,0,1050,349781,2035796,0,2385577,mpeg4,242000,12.0,1920,1080,219656,7.324
3N6c-uPdNas,69.933,flv,320,240,272898,15.0,37,1013,0,1050,349781,2035796,0,2385577,h264,3000000,15.0,176,144,219656,4.316
236x-T7D-8g,581.233,h264,480,360,295979,30.0,310,17128,0,17438,10151572,11352574,0,21504146,h264,820000,24.0,320,240,218932,6.72
3fmy-4uvR9U,143.03334,mpeg4,176,144,51082,12.0,31,1685,0,1716,56405,856907,0,913312,flv,5000000,25.0,480,360,219480,0.716
1hEL-mcI-tM,304.927,vp8,320,240,134334,25.075659,82,7541,0,7623,833754,4286526,0,5120280,h264,3000000,25.0,176,144,216820,3.72
2NO0-ve7CKM,1140.349,vp8,1280,720,2394626,30.007017,328,33880,0,34208,20478926,320859863,0,341338789,flv,820000,24.0,176,144,219480,3.74
1G6F-Huj2hY,110.966995,h264,480,360,397112,30.0,59,3271,0,3330,529627,4978664,0,5508291,flv,242000,24.0,480,360,216820,1.132
0I0e-5-iR3A,906.5983,mpeg4,176,144,56108,12.0,187,10692,0,10879,597549,5760936,0,6358485,vp8,56000,15.0,640,480,165668,4.288
0ICm-Cu4_aE,476.957,vp8,1280,720,1387100,30.05252,105,14200,0,14305,3487520,79210885,0,82698405,h264,109000,12.0,1920,1080,669720,22.981
3ojsQWU7XWE,86.486,h264,640,480,356037,29.0,46,2547,0,2593,819680,3029350,0,3849030,h264,242000,15.0,480,360,219656,5.088
1LXH-OibJYQ,42.2,h264,480,360,288705,25.0,23,1033,0,1056,216154,1306770,0,1522924,h264,820000,15.0,176,144,216820,2.18
1hEL-mcI-tM,304.927,vp8,320,240,134334,25.075659,82,7541,0,7623,833754,4286526,0,5120280,flv,56000,24.0,480,360,216820,0.888
1G6F-Huj2hY,110.966995,h264,480,360,397112,30.0,59,3271,0,3330,529627,4978664,0,5508291,h264,242000,15.0,1280,720,318732,22.153
1YDt-FkeZ4E,98.683334,mpeg4,176,144,55552,12.0,20,1164,0,1184,48267,636993,0,685260,flv,242000,12.0,640,480,217880,0.588
09oUj9EDIDo,239.14166,h264,480,360,500198,25.0,110,5868,0,5978,1406751,13545526,0,14952277,flv,5000000,24.0,640,480,115884,1.996
1tos-YhVzA4,222.53334,h264,480,360,500449,30.0,219,6457,0,6676,2821722,11099102,0,13920824,mpeg4,242000,25.0,1920,1080,217336,12.029
2ApZ-KZ-pEk,157.891,h264,480,360,406908,29.0,87,4646,0,4733,1776729,6254165,0,8030894,vp8,109000,29.97,176,144,219464,2.284
3AYz-PCa1aI,391.08,h264,640,480,230847,25.0,209,9569,0,9778,9023743,2261252,0,11284995,h264,5000000,24.0,1280,720,325420,22.873
3o_2-igmsyo,440.967,h264,320,240,281642,30.0,236,12994,0,13230,2444863,13079542,0,15524405,flv,3000000,29.97,1920,1080,219656,6.096
3xGu-rfcH3s,368.32,vp8,640,480,29096,25.02174,74,9134,0,9208,869558,470067,0,1339625,vp8,539000,25.0,320,240,221152,1.9
0OUmDeBapbQ,316.95166,mpeg4,176,144,55396,12.0,64,3739,0,3803,111850,2082902,0,2194752,vp8,539000,29.97,320,240,165700,2.488
2NO0-ve7CKM,1140.349,vp8,1280,720,2394626,30.007017,328,33880,0,34208,20478926,320859863,0,341338789,vp8,56000,24.0,480,360,219480,10.613
3U8m-ETsTS4,282.56,h264,640,480,559834,25.0,145,6920,0,7065,4966509,14806840,0,19773349,h264,539000,12.0,1920,1080,659396,26.53
1YDt-FkeZ4E,98.683334,mpeg4,176,144,55552,12.0,20,1164,0,1184,48267,636993,0,685260,h264,3000000,25.0,480,360,218192,4.98
1ZzJ-T2FJAw,250.017,h264,320,240,153059,29.0,128,7366,0,7494,856855,3926589,0,4783444,h264,109000,12.0,320,240,218900,2.676
236x-T7D-8g,581.233,h264,480,360,295979,30.0,310,17128,0,17438,10151572,11352574,0,21504146,flv,56000,12.0,320,240,218932,1.012
2SkA-cUEaJ0,490.6,h264,480,360,300437,25.0,256,12010,0,12266,1448177,16976151,0,18424328,mpeg4,820000,25.0,1920,1080,219480,13.565
1RGh-RmYxHY,217.518,h264,480,360,83054,29.0,112,6408,0,6520,406683,1851539,0,2258222,mpeg4,3000000,12.0,1280,720,216820,3.44
3mWp-QQn-1M,167.39166,h264,1280,720,2207484,24.0,86,3931,0,4017,4369420,41819887,0,46189307,vp8,242000,15.0,480,360,219656,7.292
3mWp-QQn-1M,167.39166,h264,1280,720,2207484,24.0,86,3931,0,4017,4369420,41819887,0,46189307,flv,820000,12.0,640,480,219656,3.812
2TXm-QHXCzU,270.655,vp8,640,480,652967,30.062963,89,8028,0,8117,1912240,20178890,0,22091130,flv,820000,24.0,176,144,219480,1.696
2ApZ-KZ-pEk,157.891,h264,480,360,406908,29.0,87,4646,0,4733,1776729,6254165,0,8030894,h264,56000,15.0,176,144,219464,1.636
0ckO-lUydcc,177.33333,mpeg4,176,144,53707,12.0,37,2091,0,2128,100969,1089548,0,1190517,mpeg4,539000,12.0,1280,720,163024,3.28
15fr-zSdCqg,39.055,h264,1920,1080,5992818,30.0,26,1144,0,1170,839251,28416939,0,29256190,mpeg4,5000000,15.0,640,480,215848,11.061
1LXH-OibJYQ,42.2,h264,480,360,288705,25.0,23,1033,0,1056,216154,1306770,0,1522924,mpeg4,109000,15.0,176,144,216820,1.52
3fmy-4uvR9U,143.03334,mpeg4,176,144,51082,12.0,31,1685,0,1716,56405,856907,0,913312,vp8,5000000,29.97,176,144,219480,1.252
3fmy-4uvR9U,143.03334,mpeg4,176,144,51082,12.0,31,1685,0,1716,56405,856907,0,913312,flv,539000,12.0,1920,1080,219480,3.252
3xGu-rfcH3s,368.32,vp8,640,480,29096,25.02174,74,9134,0,9208,869558,470067,0,1339625,mpeg4,820000,24.0,1920,1080,221152,10.677
46oD-rS6PC8,95.462,h264,640,480,809256,29.0,51,2811,0,2862,886496,8770159,0,9656655,vp8,242000,25.0,1280,720,221160,19.105
3dI-kJGuWbY,292.092,h264,480,360,480125,29.0,156,8599,0,8755,2375028,15155062,0,17530090,vp8,820000,12.0,1280,720,219480,15.681
3AYz-PCa1aI,391.08,h264,640,480,230847,25.0,209,9569,0,9778,9023743,2261252,0,11284995,h264,56000,15.0,1920,1080,646188,15.389
3_fF9rtYCQ0,256.20834,mpeg4,176,144,57565,12.0,56,3018,0,3074,302900,1540700,0,1843600,flv,5000000,25.0,176,144,219480,0.316
1hEL-mcI-tM,304.927,vp8,320,240,134334,25.075659,82,7541,0,7623,833754,4286526,0,5120280,mpeg4,109000,25.0,320,240,216820,2.072
0I0e-5-iR3A,906.5983,mpeg4,176,144,56108,12.0,187,10692,0,10879,597549,5760936,0,6358485,mpeg4,820000,25.0,480,360,165668,2.212
1G6F-Huj2hY,110.966995,h264,480,360,397112,30.0,59,3271,0,3330,529627,4978664,0,5508291,h264,3000000,15.0,1280,720,319420,59.448
1Nc0-MKuExg,107.443,vp8,480,360,320011,30.093458,30,3190,0,3220,671936,3625932,0,4297868,h264,539000,24.0,480,360,216820,10.497
3AYz-PCa1aI,391.08,h264,640,480,230847,25.0,209,9569,0,9778,9023743,2261252,0,11284995,mpeg4,3000000,29.97,176,144,219480,1.86
22uE-OUUBH8,43.827,flv,320,240,272273,25.0,23,1081,0,1104,137210,1354404,0,1491614,flv,56000,15.0,1280,720,218932,2.216
1Y-Y-RHCxRQ,189.956,flv,320,240,231296,29.0,97,5597,0,5694,580292,4911734,0,5492026,h264,109000,25.0,320,240,218664,3.792
3dI-kJGuWbY,292.092,h264,480,360,480125,29.0,156,8599,0,8755,2375028,15155062,0,17530090,mpeg4,3000000,29.97,640,480,219480,8.441
1KXW-XA6QkQ,255.28,flv,320,240,250276,25.0,110,6272,0,6382,611474,7374864,0,7986338,h264,820000,12.0,1280,720,307512,31.11
0Yxo-eU6AjI,326.583,vp8,640,480,1055982,25.039877,102,8061,0,8163,1868804,41239444,0,43108248,vp8,3000000,25.0,640,480,213080,12.641
1D3O-16kzhQ,274.541,vp8,480,360,139791,30.029198,58,8170,0,8228,802625,3994697,0,4797322,vp8,539000,25.0,1920,1080,216820,33.426
1LXH-OibJYQ,42.2,h264,480,360,288705,25.0,23,1033,0,1056,216154,1306770,0,1522924,mpeg4,5000000,29.97,176,144,216820,2.348
0Yxo-eU6AjI,326.583,vp8,640,480,1055982,25.039877,102,8061,0,8163,1868804,41239444,0,43108248,mpeg4,820000,29.97,176,144,212596,2.728
1L6x-TgAldY,286.995,h264,480,360,508160,23.0,156,6726,0,6882,2285153,15944803,0,18229956,h264,56000,24.0,320,240,216820,4.14
3fpg-LlHcks,273.816,vp8,1920,1080,1571003,25.065933,77,6766,0,6843,6190779,47579961,0,53770740,flv,539000,15.0,1280,720,219656,6.02
1Vq6-f1kYeM,127.221664,h264,1920,1080,3080852,23.0,70,2980,0,3050,3818903,45174992,0,48993895,flv,5000000,25.0,640,480,217544,7.764
1KXW-XA6QkQ,255.28,flv,320,240,250276,25.0,110,6272,0,6382,611474,7374864,0,7986338,mpeg4,242000,29.97,480,360,216820,3.236
3Xyf-6FdtDA,49.178333,mpeg4,176,144,54338,7.0,10,334,0,344,33046,300986,0,334032,mpeg4,820000,24.0,176,144,221160,0.768
0XTW-dqdT4w,216.55,h264,320,240,291150,29.0,112,6379,0,6491,1789334,6091735,0,7881069,vp8,56000,15.0,1920,1080,188948,17.925
0_VA-rJgmMI,750.433,vp8,1280,720,794075,13.482667,81,10031,0,10112,3852576,70635013,0,74487589,flv,3000000,29.97,480,360,165700,2.28
0_VA-rJgmMI,750.433,vp8,1280,720,794075,13.482667,81,10031,0,10112,3852576,70635013,0,74487589,flv,242000,24.0,1920,1080,165700,5.9
3fpg-LlHcks,273.816,vp8,1920,1080,1571003,25.065933,77,6766,0,6843,6190779,47579961,0,53770740,vp8,820000,29.97,320,240,219656,8.273
0OUmDeBapbQ,316.95166,mpeg4,176,144,55396,12.0,64,3739,0,3803,111850,2082902,0,2194752,mpeg4,820000,15.0,1280,720,165700,4.176
0I0e-5-iR3A,906.5983,mpeg4,176,144,56108,12.0,187,10692,0,10879,597549,5760936,0,6358485,mpeg4,5000000,25.0,320,240,165668,1.468
0Au5-4UDHco,52.68,h264,480,360,372001,25.0,53,1265,0,1318,870136,1579497,0,2449633,flv,242000,25.0,320,240,140080,1.176
3U8m-ETsTS4,282.56,h264,640,480,559834,25.0,145,6920,0,7065,4966509,14806840,0,19773349,vp8,242000,29.97,1280,720,221152,16.021
3xGu-rfcH3s,368.32,vp8,640,480,29096,25.02174,74,9134,0,9208,869558,470067,0,1339625,mpeg4,539000,24.0,320,240,221152,2.228
3N6c-uPdNas,69.933,flv,320,240,272898,15.0,37,1013,0,1050,349781,2035796,0,2385577,mpeg4,242000,29.97,640,480,219656,4.312
2kFF-0kB_4w,339.667,h264,640,480,257699,30.0,181,10010,0,10191,10121223,820261,0,10941484,h264,539000,12.0,176,144,219480,1.428
0ckO-lUydcc,177.33333,mpeg4,176,144,53707,12.0,37,2091,0,2128,100969,1089548,0,1190517,mpeg4,820000,15.0,640,480,163024,2.264
1hEL-mcI-tM,304.927,vp8,320,240,134334,25.075659,82,7541,0,7623,833754,4286526,0,5120280,vp8,539000,29.97,176,144,216820,1.792
0I0e-5-iR3A,906.5983,mpeg4,176,144,56108,12.0,187,10692,0,10879,597549,5760936,0,6358485,h264,109000,25.0,640,480,165668,8.149
04t6-jw9czg,130.35667,mpeg4,176,144,54590,12.0,27,1537,0,1564,64483,825054,0,889537,mpeg4,820000,12.0,1280,720,58528,3.28
2HTJjLLaFL0,379.32,h264,480,360,181960,25.0,195,9289,0,9484,3392479,5235193,0,8627672,mpeg4,56000,25.0,320,240,219464,2.628
3xUU-YRicZA,131.76,vp8,640,480,104723,25.145039,37,3257,0,3294,945865,778937,0,1724802,vp8,109000,24.0,320,240,221152,2.36
1oz8-nezz50,225.08,h264,480,360,538452,25.0,113,5515,0,5628,1873408,13275961,0,15149369,mpeg4,109000,24.0,1280,720,216820,8.089
3AYz-PCa1aI,391.08,h264,640,480,230847,25.0,209,9569,0,9778,9023743,2261252,0,11284995,flv,109000,12.0,640,480,219480,0.92
2ApZ-KZ-pEk,157.891,h264,480,360,406908,29.0,87,4646,0,4733,1776729,6254165,0,8030894,h264,3000000,25.0,176,144,219464,3.668
3mWp-QQn-1M,167.39166,h264,1280,720,2207484,24.0,86,3931,0,4017,4369420,41819887,0,46189307,mpeg4,109000,12.0,640,480,219656,4.316
3-Wy-Ftbd40,69.93833,mpeg4,176,144,56717,12.0,14,825,0,839,47521,448322,0,495843,vp8,539000,29.97,320,240,221152,1.728
3Wdg-dsGihA,340.424,flv,320,240,244491,11.0,69,4012,0,4081,1168939,9234909,0,10403848,mpeg4,242000,25.0,1280,720,221152,7.088
0OUmDeBapbQ,316.95166,mpeg4,176,144,55396,12.0,64,3739,0,3803,111850,2082902,0,2194752,mpeg4,56000,24.0,1280,720,165700,5.812
2pet-NcSXvY,37.011665,h264,1280,720,2759449,29.0,21,1088,0,1109,1899633,10866846,0,12766479,vp8,820000,15.0,1920,1080,219480,39.842
3mWp-QQn-1M,167.39166,h264,1280,720,2207484,24.0,86,3931,0,4017,4369420,41819887,0,46189307,vp8,820000,25.0,320,240,219656,7.0
1KXW-XA6QkQ,255.28,flv,320,240,250276,25.0,110,6272,0,6382,611474,7374864,0,7986338,mpeg4,5000000,12.0,320,240,216820,1.48
1Y-Y-RHCxRQ,189.956,flv,320,240,231296,29.0,97,5597,0,5694,580292,4911734,0,5492026,mpeg4,56000,12.0,320,240,218192,1.1
0Hwk-yGT-M4,714.371,vp8,1280,720,652356,29.981792,143,21264,0,21407,14532530,43720516,0,58253046,h264,820000,29.97,480,360,165564,17.389
_2al-ZI1Wss,74.535,mpeg4,176,144,55305,12.0,15,879,0,894,23996,491276,0,515272,h264,820000,25.0,320,240,219464,4.348
3Xyf-6FdtDA,49.178333,mpeg4,176,144,54338,7.0,10,334,0,344,33046,300986,0,334032,mpeg4,5000000,25.0,640,480,221160,2.548
0Yxo-eU6AjI,326.583,vp8,640,480,1055982,25.039877,102,8061,0,8163,1868804,41239444,0,43108248,mpeg4,3000000,12.0,480,360,212772,2.312
1L6x-TgAldY,286.995,h264,480,360,508160,23.0,156,6726,0,6882,2285153,15944803,0,18229956,flv,109000,12.0,480,360,216820,1.04
1LXH-OibJYQ,42.2,h264,480,360,288705,25.0,23,1033,0,1056,216154,1306770,0,1522924,mpeg4,3000000,12.0,1280,720,216820,4.152
2zeL-QQa8Sk,77.233,h264,480,360,382461,30.0,53,2265,0,2318,182297,3510033,0,3692330,vp8,242000,25.0,1280,720,219480,16.469
46oD-rS6PC8,95.462,h264,640,480,809256,29.0,51,2811,0,2862,886496,8770159,0,9656655,flv,56000,15.0,1920,1080,221160,5.032
1RMD-MxzJn8,64.933,flv,320,240,236793,15.0,39,936,0,975,318954,1603007,0,1921961,vp8,56000,29.97,320,240,217080,2.168
1s9d-jTKyUw,448.575,vp8,1280,720,2052426,30.002232,92,13349,0,13441,9132637,105950761,0,115083398,vp8,56000,29.97,176,144,217080,5.268
08EV-X022WI,204.938,h264,480,360,297373,16.0,111,3169,0,3280,1451634,6166260,0,7617894,vp8,539000,29.97,320,240,83384,2.268
3_fF9rtYCQ0,256.20834,mpeg4,176,144,57565,12.0,56,3018,0,3074,302900,1540700,0,1843600,vp8,56000,12.0,176,144,219480,0.76
3xGu-rfcH3s,368.32,vp8,640,480,29096,25.02174,74,9134,0,9208,869558,470067,0,1339625,flv,820000,12.0,1280,720,221152,1.808
46oD-rS6PC8,95.462,h264,640,480,809256,29.0,51,2811,0,2862,886496,8770159,0,9656655,flv,56000,12.0,1280,720,221160,2.876
3xGu-rfcH3s,368.32,vp8,640,480,29096,25.02174,74,9134,0,9208,869558,470067,0,1339625,mpeg4,5000000,12.0,176,144,221152,1.248
2pet-NcSXvY,37.011665,h264,1280,720,2759449,29.0,21,1088,0,1109,1899633,10866846,0,12766479,vp8,5000000,15.0,640,480,219480,16.897
25TI-jx-cag,176.901,vp8,480,360,26968,25.113636,38,4382,0,4420,393395,202954,0,596349,mpeg4,820000,25.0,1920,1080,218932,11.853
4Fob-eSnrb8,1768.9417,mpeg4,176,144,56152,12.0,354,20873,0,21227,1382103,11034284,0,12416387,mpeg4,56000,24.0,640,480,221160,2.66
1D3O-16kzhQ,274.541,vp8,480,360,139791,30.029198,58,8170,0,8228,802625,3994697,0,4797322,vp8,242000,24.0,176,144,216064,1.828
k26V-Rv-_vc,487.054,h264,320,240,286460,29.0,289,14309,0,14598,1539451,15900790,0,17440241,flv,5000000,24.0,176,144,51740,1.348
2HTJjLLaFL0,379.32,h264,480,360,181960,25.0,195,9289,0,9484,3392479,5235193,0,8627672,vp8,3000000,15.0,176,144,219480,1.46
09oUj9EDIDo,239.14166,h264,480,360,500198,25.0,110,5868,0,5978,1406751,13545526,0,14952277,h264,109000,15.0,1280,720,334784,17.441
3fpg-LlHcks,273.816,vp8,1920,1080,1571003,25.065933,77,6766,0,6843,6190779,47579961,0,53770740,mpeg4,539000,25.0,640,480,219656,6.792
0OUmDeBapbQ,316.95166,mpeg4,176,144,55396,12.0,64,3739,0,3803,111850,2082902,0,2194752,mpeg4,109000,15.0,1920,1080,165700,7.844
3o_2-igmsyo,440.967,h264,320,240,281642,30.0,236,12994,0,13230,2444863,13079542,0,15524405,flv,3000000,24.0,1920,1080,219656,5.312
4keb-__zqyQ,452.689,vp8,320,240,66680,5.7057524,42,2537,0,2579,207037,3566163,0,3773200,flv,5000000,15.0,640,480,250544,1.26
0QZJN4yTbbU,34.168,vp8,480,360,186895,30.029411,16,1005,0,1021,238485,559745,0,798230,flv,539000,24.0,1920,1080,165700,5.124
2zeL-QQa8Sk,77.233,h264,480,360,382461,30.0,53,2265,0,2318,182297,3510033,0,3692330,vp8,109000,15.0,640,480,219480,5.368
15fr-zSdCqg,39.055,h264,1920,1080,5992818,30.0,26,1144,0,1170,839251,28416939,0,29256190,mpeg4,3000000,15.0,1920,1080,215848,15.477
1ZzJ-T2FJAw,250.017,h264,320,240,153059,29.0,128,7366,0,7494,856855,3926589,0,4783444,h264,3000000,25.0,480,360,218932,15.841
3fpg-LlHcks,273.816,vp8,1920,1080,1571003,25.065933,77,6766,0,6843,6190779,47579961,0,53770740,h264,56000,12.0,640,480,219656,9.193
1Vq6-f1kYeM,127.221664,h264,1920,1080,3080852,23.0,70,2980,0,3050,3818903,45174992,0,48993895,flv,109000,15.0,1280,720,217544,7.724
1oz8-nezz50,225.08,h264,480,360,538452,25.0,113,5515,0,5628,1873408,13275961,0,15149369,h264,5000000,29.97,640,480,216820,32.642
0OUmDeBapbQ,316.95166,mpeg4,176,144,55396,12.0,64,3739,0,3803,111850,2082902,0,2194752,mpeg4,820000,12.0,1920,1080,165700,6.796
1L6x-TgAldY,286.995,h264,480,360,508160,23.0,156,6726,0,6882,2285153,15944803,0,18229956,h264,56000,29.97,176,144,216820,2.756
1tos-YhVzA4,222.53334,h264,480,360,500449,30.0,219,6457,0,6676,2821722,11099102,0,13920824,flv,109000,25.0,176,144,217348,0.884
1Nc0-MKuExg,107.443,vp8,480,360,320011,30.093458,30,3190,0,3220,671936,3625932,0,4297868,flv,539000,24.0,1280,720,216820,2.936
0XTW-dqdT4w,216.55,h264,320,240,291150,29.0,112,6379,0,6491,1789334,6091735,0,7881069,flv,56000,25.0,320,240,201920,0.716
1LXH-OibJYQ,42.2,h264,480,360,288705,25.0,23,1033,0,1056,216154,1306770,0,1522924,mpeg4,3000000,12.0,176,144,216820,1.28
0ICm-Cu4_aE,476.957,vp8,1280,720,1387100,30.05252,105,14200,0,14305,3487520,79210885,0,82698405,h264,56000,29.97,320,240,165700,5.528
4NcD-WQyXCQ,860.056,vp8,1280,720,2688309,29.968605,277,25496,0,25773,12989828,276022270,0,289012098,mpeg4,3000000,12.0,320,240,259768,4.664
0QZJN4yTbbU,34.168,vp8,480,360,186895,30.029411,16,1005,0,1021,238485,559745,0,798230,mpeg4,109000,29.97,1280,720,165700,10.437
3AYz-PCa1aI,391.08,h264,640,480,230847,25.0,209,9569,0,9778,9023743,2261252,0,11284995,flv,242000,29.97,176,144,219480,0.896
2AfTeWTxhIg,645.84,vp8,320,240,95903,25.032558,138,16008,0,16146,1081321,6660941,0,7742262,h264,56000,29.97,1920,1080,659532,36.03
1Nc0-MKuExg,107.443,vp8,480,360,320011,30.093458,30,3190,0,3220,671936,3625932,0,4297868,h264,5000000,15.0,1280,720,324164,50.259
22uE-OUUBH8,43.827,flv,320,240,272273,25.0,23,1081,0,1104,137210,1354404,0,1491614,flv,539000,25.0,1920,1080,218932,6.304
4keb-__zqyQ,452.689,vp8,320,240,66680,5.7057524,42,2537,0,2579,207037,3566163,0,3773200,mpeg4,109000,25.0,1920,1080,247360,13.817
2NuI-Bp5brA,80.536,h264,480,360,690041,29.0,43,2374,0,2417,618732,6327913,0,6946645,h264,242000,29.97,1920,1080,665900,64.44
3DRy-Stwt9c,385.052,vp8,1280,720,441862,23.979221,77,9155,0,9232,16244376,5023129,0,21267505,mpeg4,56000,15.0,320,240,219480,2.092
3dI-kJGuWbY,292.092,h264,480,360,480125,29.0,156,8599,0,8755,2375028,15155062,0,17530090,flv,3000000,24.0,480,360,219480,1.744
3xUU-YRicZA,131.76,vp8,640,480,104723,25.145039,37,3257,0,3294,945865,778937,0,1724802,flv,3000000,12.0,320,240,221152,0.816
2AfTeWTxhIg,645.84,vp8,320,240,95903,25.032558,138,16008,0,16146,1081321,6660941,0,7742262,vp8,242000,25.0,176,144,218932,1.996
3ojsQWU7XWE,86.486,h264,640,480,356037,29.0,46,2547,0,2593,819680,3029350,0,3849030,flv,56000,29.97,1920,1080,219656,6.2
1lkF-VNDcss,458.625,h264,640,480,517364,29.0,245,13501,0,13746,5308581,24350943,0,29659524,flv,56000,15.0,1920,1080,216820,4.36
1oz8-nezz50,225.08,h264,480,360,538452,25.0,113,5515,0,5628,1873408,13275961,0,15149369,h264,109000,15.0,1920,1080,648668,22.945
3SQY-ZB8hmI,473.0,h264,320,240,164017,25.0,198,10924,704,11826,1419320,8047423,0,9697521,h264,5000000,24.0,1920,1080,646680,169.607
3fmy-4uvR9U,143.03334,mpeg4,176,144,51082,12.0,31,1685,0,1716,56405,856907,0,913312,flv,539000,15.0,176,144,219480,0.348
1Y-Y-RHCxRQ,189.956,flv,320,240,231296,29.0,97,5597,0,5694,580292,4911734,0,5492026,vp8,242000,15.0,176,144,218664,0.964
1hEL-mcI-tM,304.927,vp8,320,240,134334,25.075659,82,7541,0,7623,833754,4286526,0,5120280,vp8,5000000,15.0,480,360,216820,4.2
1ZzJ-T2FJAw,250.017,h264,320,240,153059,29.0,128,7366,0,7494,856855,3926589,0,4783444,h264,109000,25.0,320,240,218900,3.74
0QZJN4yTbbU,34.168,vp8,480,360,186895,30.029411,16,1005,0,1021,238485,559745,0,798230,vp8,242000,12.0,176,144,165700,1.576
15fr-zSdCqg,39.055,h264,1920,1080,5992818,30.0,26,1144,0,1170,839251,28416939,0,29256190,vp8,5000000,29.97,1920,1080,216020,77.625
1hEL-mcI-tM,304.927,vp8,320,240,134334,25.075659,82,7541,0,7623,833754,4286526,0,5120280,vp8,56000,12.0,1280,720,216820,8.737
25TI-jx-cag,176.901,vp8,480,360,26968,25.113636,38,4382,0,4420,393395,202954,0,596349,flv,56000,25.0,480,360,218932,0.688
3mWp-QQn-1M,167.39166,h264,1280,720,2207484,24.0,86,3931,0,4017,4369420,41819887,0,46189307,flv,3000000,24.0,1280,720,219656,5.236
2HTJjLLaFL0,379.32,h264,480,360,181960,25.0,195,9289,0,9484,3392479,5235193,0,8627672,h264,3000000,12.0,1280,720,327308,21.249
3HVJ-p8L33A,163.897,flv,320,240,267032,29.0,87,4826,0,4913,824159,4646573,0,5470732,mpeg4,242000,24.0,1280,720,219656,6.792
3U8m-ETsTS4,282.56,h264,640,480,559834,25.0,145,6920,0,7065,4966509,14806840,0,19773349,vp8,56000,24.0,176,144,221152,2.068
3ojsQWU7XWE,86.486,h264,640,480,356037,29.0,46,2547,0,2593,819680,3029350,0,3849030,mpeg4,5000000,25.0,176,144,219656,3.16
1ZzJ-T2FJAw,250.017,h264,320,240,153059,29.0,128,7366,0,7494,856855,3926589,0,4783444,vp8,3000000,24.0,480,360,218664,5.42
2NO0-ve7CKM,1140.349,vp8,1280,720,2394626,30.007017,328,33880,0,34208,20478926,320859863,0,341338789,vp8,539000,25.0,1920,1080,219480,50.471
1oz8-nezz50,225.08,h264,480,360,538452,25.0,113,5515,0,5628,1873408,13275961,0,15149369,vp8,56000,12.0,480,360,216820,3.032
0Hwk-yGT-M4,714.371,vp8,1280,720,652356,29.981792,143,21264,0,21407,14532530,43720516,0,58253046,h264,56000,24.0,1280,720,328476,18.737
0Yxo-eU6AjI,326.583,vp8,640,480,1055982,25.039877,102,8061,0,8163,1868804,41239444,0,43108248,vp8,539000,15.0,1920,1080,212772,23.469
28BV-NZV3C8,326.58832,h264,1920,1080,5999648,23.0,174,7656,0,7830,16603953,228322925,0,244926878,mpeg4,56000,25.0,1280,720,218932,12.257
46oD-rS6PC8,95.462,h264,640,480,809256,29.0,51,2811,0,2862,886496,8770159,0,9656655,flv,5000000,15.0,1920,1080,221160,5.896
3BVV-0I-JlM,33.09,h264,320,240,279173,13.0,22,434,0,456,101794,1052937,0,1154731,h264,109000,24.0,480,360,219480,6.252
3ojsQWU7XWE,86.486,h264,640,480,356037,29.0,46,2547,0,2593,819680,3029350,0,3849030,mpeg4,539000,15.0,480,360,219656,3.184
3AYz-PCa1aI,391.08,h264,640,480,230847,25.0,209,9569,0,9778,9023743,2261252,0,11284995,h264,242000,15.0,176,144,219480,1.368
0QZJN4yTbbU,34.168,vp8,480,360,186895,30.029411,16,1005,0,1021,238485,559745,0,798230,vp8,820000,25.0,480,360,165700,4.48
3mWp-QQn-1M,167.39166,h264,1280,720,2207484,24.0,86,3931,0,4017,4369420,41819887,0,46189307,mpeg4,109000,24.0,320,240,219656,4.12
1Y-Y-RHCxRQ,189.956,flv,320,240,231296,29.0,97,5597,0,5694,580292,4911734,0,5492026,h264,539000,24.0,1280,720,311156,33.786
3BVV-0I-JlM,33.09,h264,320,240,279173,13.0,22,434,0,456,101794,1052937,0,1154731,flv,109000,15.0,176,144,219480,0.588
2SkA-cUEaJ0,490.6,h264,480,360,300437,25.0,256,12010,0,12266,1448177,16976151,0,18424328,flv,539000,15.0,1920,1080,219480,4.352
2HTJjLLaFL0,379.32,h264,480,360,181960,25.0,195,9289,0,9484,3392479,5235193,0,8627672,h264,820000,15.0,320,240,219480,3.192
3fpg-LlHcks,273.816,vp8,1920,1080,1571003,25.065933,77,6766,0,6843,6190779,47579961,0,53770740,vp8,56000,25.0,1280,720,219656,21.885
2kFF-0kB_4w,339.667,h264,640,480,257699,30.0,181,10010,0,10191,10121223,820261,0,10941484,h264,5000000,15.0,176,144,219480,1.572
0XTW-dqdT4w,216.55,h264,320,240,291150,29.0,112,6379,0,6491,1789334,6091735,0,7881069,flv,539000,29.97,320,240,207156,0.836
3DRy-Stwt9c,385.052,vp8,1280,720,441862,23.979221,77,9155,0,9232,16244376,5023129,0,21267505,flv,242000,24.0,1280,720,219480,2.512
3_fF9rtYCQ0,256.20834,mpeg4,176,144,57565,12.0,56,3018,0,3074,302900,1540700,0,1843600,mpeg4,820000,24.0,480,360,219480,2.012
2AfTeWTxhIg,645.84,vp8,320,240,95903,25.032558,138,16008,0,16146,1081321,6660941,0,7742262,flv,56000,25.0,1920,1080,219200,5.492
3AYz-PCa1aI,391.08,h264,640,480,230847,25.0,209,9569,0,9778,9023743,2261252,0,11284995,h264,3000000,24.0,480,360,219480,5.632
_2al-ZI1Wss,74.535,mpeg4,176,144,55305,12.0,15,879,0,894,23996,491276,0,515272,mpeg4,109000,15.0,1920,1080,219200,7.696
3YNh-PI2q64,395.44,vp8,1280,720,1611942,25.027847,80,9806,0,9886,5073258,74605061,0,79678319,vp8,539000,25.0,1920,1080,221160,33.006
3xUU-YRicZA,131.76,vp8,640,480,104723,25.145039,37,3257,0,3294,945865,778937,0,1724802,flv,242000,24.0,176,144,221152,0.824
0QZJN4yTbbU,34.168,vp8,480,360,186895,30.029411,16,1005,0,1021,238485,559745,0,798230,h264,109000,25.0,480,360,165700,5.028
3dI-kJGuWbY,292.092,h264,480,360,480125,29.0,156,8599,0,8755,2375028,15155062,0,17530090,flv,3000000,15.0,640,480,219480,2.02
0XTW-dqdT4w,216.55,h264,320,240,291150,29.0,112,6379,0,6491,1789334,6091735,0,7881069,vp8,820000,29.97,320,240,197752,2.924
7ApB-Tfc0Oc,798.5333,mpeg4,176,144,56106,12.0,160,9422,0,9582,316307,5284072,0,5600379,mpeg4,820000,24.0,1920,1080,102596,14.129
1a5f-GbYEaM,157.80167,h264,1280,720,2885589,25.0,72,3873,0,3945,5611970,51306874,0,56918844,mpeg4,56000,12.0,640,480,216020,4.372
0Au5-4UDHco,52.68,h264,480,360,372001,25.0,53,1265,0,1318,870136,1579497,0,2449633,vp8,820000,24.0,176,144,140080,2.696
2Y-k-006Zbs,67.583336,mpeg4,176,144,51225,12.0,15,777,0,792,47585,385164,0,432749,mpeg4,539000,12.0,1280,720,219480,2.948
3o_2-igmsyo,440.967,h264,320,240,281642,30.0,236,12994,0,13230,2444863,13079542,0,15524405,mpeg4,3000000,12.0,1920,1080,219656,6.752
0Hwk-yGT-M4,714.371,vp8,1280,720,652356,29.981792,143,21264,0,21407,14532530,43720516,0,58253046,mpeg4,56000,12.0,176,144,164736,3.36
2kFF-0kB_4w,339.667,h264,640,480,257699,30.0,181,10010,0,10191,10121223,820261,0,10941484,mpeg4,820000,12.0,1920,1080,219480,6.02
1KXW-XA6QkQ,255.28,flv,320,240,250276,25.0,110,6272,0,6382,611474,7374864,0,7986338,flv,242000,12.0,1280,720,216820,1.8
1KXW-XA6QkQ,255.28,flv,320,240,250276,25.0,110,6272,0,6382,611474,7374864,0,7986338,vp8,242000,29.97,1280,720,216820,19.021
2TXm-QHXCzU,270.655,vp8,640,480,652967,30.062963,89,8028,0,8117,1912240,20178890,0,22091130,h264,820000,24.0,1280,720,319292,48.155
3mWp-QQn-1M,167.39166,h264,1280,720,2207484,24.0,86,3931,0,4017,4369420,41819887,0,46189307,mpeg4,539000,29.97,1920,1080,219656,15.345
1RMD-MxzJn8,64.933,flv,320,240,236793,15.0,39,936,0,975,318954,1603007,0,1921961,h264,820000,29.97,1280,720,296840,41.507
1lkF-VNDcss,458.625,h264,640,480,517364,29.0,245,13501,0,13746,5308581,24350943,0,29659524,h264,242000,25.0,1920,1080,679736,41.471
1RMD-MxzJn8,64.933,flv,320,240,236793,15.0,39,936,0,975,318954,1603007,0,1921961,vp8,56000,25.0,320,240,217080,2.124
3U8m-ETsTS4,282.56,h264,640,480,559834,25.0,145,6920,0,7065,4966509,14806840,0,19773349,mpeg4,3000000,15.0,640,480,221152,3.332
1KXW-XA6QkQ,255.28,flv,320,240,250276,25.0,110,6272,0,6382,611474,7374864,0,7986338,mpeg4,3000000,12.0,1280,720,216820,5.288
1WrA-SRsgEk,384.451,h264,640,480,646432,29.0,205,11318,0,11523,2839955,28225248,0,31065203,h264,820000,25.0,480,360,217852,12.989
zlIl-4cm2F8,96.333,flv,320,240,247866,15.0,278,1168,0,1446,978755,2005962,0,2984717,mpeg4,56000,12.0,176,144,87256,1.144
0ckO-lUydcc,177.33333,mpeg4,176,144,53707,12.0,37,2091,0,2128,100969,1089548,0,1190517,h264,109000,15.0,176,144,163632,1.352
25TI-jx-cag,176.901,vp8,480,360,26968,25.113636,38,4382,0,4420,393395,202954,0,596349,mpeg4,820000,12.0,176,144,218932,0.888
76yV-TxnFo0,69.0,h264,320,240,259974,20.0,38,1343,0,1381,493150,1749132,0,2242282,flv,56000,25.0,320,240,28304,1.708
1Vq6-f1kYeM,127.221664,h264,1920,1080,3080852,23.0,70,2980,0,3050,3818903,45174992,0,48993895,h264,3000000,15.0,176,144,217544,11.521
0OUmDeBapbQ,316.95166,mpeg4,176,144,55396,12.0,64,3739,0,3803,111850,2082902,0,2194752,vp8,5000000,12.0,1920,1080,165700,27.27
whcA-7Rxv60,84.833,h264,480,360,319665,30.0,45,2501,0,2546,806626,2583150,0,3389776,flv,539000,24.0,320,240,80484,2.6
3Xyf-6FdtDA,49.178333,mpeg4,176,144,54338,7.0,10,334,0,344,33046,300986,0,334032,vp8,56000,25.0,640,480,221160,2.02
2NuI-Bp5brA,80.536,h264,480,360,690041,29.0,43,2374,0,2417,618732,6327913,0,6946645,h264,56000,12.0,176,144,219480,2.54
2NuI-Bp5brA,80.536,h264,480,360,690041,29.0,43,2374,0,2417,618732,6327913,0,6946645,flv,820000,24.0,480,360,219480,1.584
1RMD-MxzJn8,64.933,flv,320,240,236793,15.0,39,936,0,975,318954,1603007,0,1921961,h264,56000,29.97,176,144,217080,1.752
QA-S-cICZRE,95.696,h264,320,240,312430,29.0,51,2818,0,2869,523833,3213458,0,3737291,vp8,539000,25.0,320,240,67720,5.512
0Axi-TRoqVA,59.883,vp8,1280,720,994960,30.38983,13,1780,0,1793,481774,6965881,0,7447655,mpeg4,109000,25.0,320,240,155028,3.824
15fr-zSdCqg,39.055,h264,1920,1080,5992818,30.0,26,1144,0,1170,839251,28416939,0,29256190,h264,242000,25.0,1280,720,376424,43.763
0_VA-rJgmMI,750.433,vp8,1280,720,794075,13.482667,81,10031,0,10112,3852576,70635013,0,74487589,flv,109000,15.0,1280,720,165700,2.072
3_fF9rtYCQ0,256.20834,mpeg4,176,144,57565,12.0,56,3018,0,3074,302900,1540700,0,1843600,flv,56000,24.0,1280,720,219480,1.24
1RGh-RmYxHY,217.518,h264,480,360,83054,29.0,112,6408,0,6520,406683,1851539,0,2258222,vp8,242000,12.0,320,240,217080,1.736
0QZJN4yTbbU,34.168,vp8,480,360,186895,30.029411,16,1005,0,1021,238485,559745,0,798230,h264,242000,29.97,320,240,165700,4.148
2u-5-Io725E,426.945,h264,1280,720,1064703,29.0,228,12567,0,12795,11297544,45523691,0,56821235,mpeg4,56000,15.0,640,480,219480,4.472
1Y-Y-RHCxRQ,189.956,flv,320,240,231296,29.0,97,5597,0,5694,580292,4911734,0,5492026,flv,242000,12.0,320,240,218664,0.396
1RGh-RmYxHY,217.518,h264,480,360,83054,29.0,112,6408,0,6520,406683,1851539,0,2258222,h264,539000,12.0,480,360,217080,5.124
0QZJN4yTbbU,34.168,vp8,480,360,186895,30.029411,16,1005,0,1021,238485,559745,0,798230,flv,109000,25.0,1280,720,165700,2.712
4NcD-WQyXCQ,860.056,vp8,1280,720,2688309,29.968605,277,25496,0,25773,12989828,276022270,0,289012098,mpeg4,242000,24.0,176,144,258284,4.332
1lkF-VNDcss,458.625,h264,640,480,517364,29.0,245,13501,0,13746,5308581,24350943,0,29659524,flv,820000,24.0,640,480,216820,1.54
3o_2-igmsyo,440.967,h264,320,240,281642,30.0,236,12994,0,13230,2444863,13079542,0,15524405,h264,3000000,29.97,176,144,219656,3.296
1Nc0-MKuExg,107.443,vp8,480,360,320011,30.093458,30,3190,0,3220,671936,3625932,0,4297868,mpeg4,109000,29.97,176,144,216820,2.48
0OUmDeBapbQ,316.95166,mpeg4,176,144,55396,12.0,64,3739,0,3803,111850,2082902,0,2194752,h264,820000,25.0,1280,720,317816,32.094
3YNh-PI2q64,395.44,vp8,1280,720,1611942,25.027847,80,9806,0,9886,5073258,74605061,0,79678319,vp8,242000,15.0,1280,720,221160,9.565
0OUmDeBapbQ,316.95166,mpeg4,176,144,55396,12.0,64,3739,0,3803,111850,2082902,0,2194752,h264,109000,24.0,640,480,165700,7.532
1KXW-XA6QkQ,255.28,flv,320,240,250276,25.0,110,6272,0,6382,611474,7374864,0,7986338,h264,242000,29.97,1280,720,308896,30.93
0ICm-Cu4_aE,476.957,vp8,1280,720,1387100,30.05252,105,14200,0,14305,3487520,79210885,0,82698405,h264,56000,12.0,640,480,165700,7.072
0Hwk-yGT-M4,714.371,vp8,1280,720,652356,29.981792,143,21264,0,21407,14532530,43720516,0,58253046,mpeg4,242000,24.0,480,360,164736,4.604
1LXH-OibJYQ,42.2,h264,480,360,288705,25.0,23,1033,0,1056,216154,1306770,0,1522924,h264,5000000,25.0,176,144,216820,2.948
1Y-Y-RHCxRQ,189.956,flv,320,240,231296,29.0,97,5597,0,5694,580292,4911734,0,5492026,h264,820000,29.97,640,480,218664,18.841
4BJV-yiTcus,254.922,vp8,480,360,260667,30.062992,51,7585,0,7636,918325,7387906,0,8306231,mpeg4,5000000,25.0,176,144,221160,2.688
3o_2-igmsyo,440.967,h264,320,240,281642,30.0,236,12994,0,13230,2444863,13079542,0,15524405,vp8,820000,25.0,1920,1080,219656,31.51
0Yxo-eU6AjI,326.583,vp8,640,480,1055982,25.039877,102,8061,0,8163,1868804,41239444,0,43108248,flv,820000,29.97,320,240,215124,1.292
4Fob-eSnrb8,1768.9417,mpeg4,176,144,56152,12.0,354,20873,0,21227,1382103,11034284,0,12416387,h264,109000,15.0,176,144,239736,1.536
1Y-Y-RHCxRQ,189.956,flv,320,240,231296,29.0,97,5597,0,5694,580292,4911734,0,5492026,h264,109000,12.0,480,360,218664,4.296
0Au5-4UDHco,52.68,h264,480,360,372001,25.0,53,1265,0,1318,870136,1579497,0,2449633,mpeg4,820000,12.0,480,360,139940,3.14
2AfTeWTxhIg,645.84,vp8,320,240,95903,25.032558,138,16008,0,16146,1081321,6660941,0,7742262,h264,56000,12.0,320,240,219200,2.324
2kFF-0kB_4w,339.667,h264,640,480,257699,30.0,181,10010,0,10191,10121223,820261,0,10941484,flv,820000,29.97,320,240,219480,1.224
1lkF-VNDcss,458.625,h264,640,480,517364,29.0,245,13501,0,13746,5308581,24350943,0,29659524,h264,5000000,25.0,1920,1080,683920,83.065
3AYz-PCa1aI,391.08,h264,640,480,230847,25.0,209,9569,0,9778,9023743,2261252,0,11284995,mpeg4,5000000,15.0,320,240,219480,1.704
3dI-kJGuWbY,292.092,h264,480,360,480125,29.0,156,8599,0,8755,2375028,15155062,0,17530090,h264,109000,25.0,320,240,219480,5.668
3Xyf-6FdtDA,49.178333,mpeg4,176,144,54338,7.0,10,334,0,344,33046,300986,0,334032,flv,242000,29.97,480,360,221160,0.388
25TI-jx-cag,176.901,vp8,480,360,26968,25.113636,38,4382,0,4420,393395,202954,0,596349,h264,539000,12.0,1280,720,286700,5.268
04t6-jw9czg,130.35667,mpeg4,176,144,54590,12.0,27,1537,0,1564,64483,825054,0,889537,mpeg4,820000,15.0,480,360,31984,1.396
25TI-jx-cag,176.901,vp8,480,360,26968,25.113636,38,4382,0,4420,393395,202954,0,596349,mpeg4,539000,29.97,1280,720,218932,7.452
3fmy-4uvR9U,143.03334,mpeg4,176,144,51082,12.0,31,1685,0,1716,56405,856907,0,913312,flv,820000,29.97,1920,1080,219480,3.212
236x-T7D-8g,581.233,h264,480,360,295979,30.0,310,17128,0,17438,10151572,11352574,0,21504146,flv,56000,25.0,480,360,218932,1.104
3xGu-rfcH3s,368.32,vp8,640,480,29096,25.02174,74,9134,0,9208,869558,470067,0,1339625,vp8,242000,12.0,1920,1080,221152,15.285
2ApZ-KZ-pEk,157.891,h264,480,360,406908,29.0,87,4646,0,4733,1776729,6254165,0,8030894,mpeg4,242000,15.0,176,144,219464,1.68
3U8m-ETsTS4,282.56,h264,640,480,559834,25.0,145,6920,0,7065,4966509,14806840,0,19773349,flv,242000,25.0,640,480,221152,1.336
3N6c-uPdNas,69.933,flv,320,240,272898,15.0,37,1013,0,1050,349781,2035796,0,2385577,vp8,109000,12.0,640,480,219656,4.624
3dI-kJGuWbY,292.092,h264,480,360,480125,29.0,156,8599,0,8755,2375028,15155062,0,17530090,vp8,242000,12.0,320,240,219480,3.468
2SkA-cUEaJ0,490.6,h264,480,360,300437,25.0,256,12010,0,12266,1448177,16976151,0,18424328,vp8,539000,25.0,640,480,219480,9.193
1Nc0-MKuExg,107.443,vp8,480,360,320011,30.093458,30,3190,0,3220,671936,3625932,0,4297868,vp8,3000000,12.0,1280,720,216820,14.253
3AYz-PCa1aI,391.08,h264,640,480,230847,25.0,209,9569,0,9778,9023743,2261252,0,11284995,mpeg4,242000,29.97,176,144,219480,2.336
3N6c-uPdNas,69.933,flv,320,240,272898,15.0,37,1013,0,1050,349781,2035796,0,2385577,vp8,5000000,25.0,176,144,219656,1.768
2NuI-Bp5brA,80.536,h264,480,360,690041,29.0,43,2374,0,2417,618732,6327913,0,6946645,h264,109000,15.0,1920,1080,653980,39.39
2Y-k-006Zbs,67.583336,mpeg4,176,144,51225,12.0,15,777,0,792,47585,385164,0,432749,h264,109000,12.0,1920,1080,633092,18.893
0Axi-TRoqVA,59.883,vp8,1280,720,994960,30.38983,13,1780,0,1793,481774,6965881,0,7447655,flv,109000,15.0,320,240,159152,3.22
46oD-rS6PC8,95.462,h264,640,480,809256,29.0,51,2811,0,2862,886496,8770159,0,9656655,flv,539000,25.0,1920,1080,221160,6.4
3N6c-uPdNas,69.933,flv,320,240,272898,15.0,37,1013,0,1050,349781,2035796,0,2385577,h264,3000000,29.97,1920,1080,608740,126.912
2pet-NcSXvY,37.011665,h264,1280,720,2759449,29.0,21,1088,0,1109,1899633,10866846,0,12766479,flv,56000,24.0,1920,1080,219480,10.277
3HVJ-p8L33A,163.897,flv,320,240,267032,29.0,87,4826,0,4913,824159,4646573,0,5470732,vp8,56000,24.0,176,144,219656,1.676
1WrA-SRsgEk,384.451,h264,640,480,646432,29.0,205,11318,0,11523,2839955,28225248,0,31065203,vp8,109000,25.0,1920,1080,217568,36.31
1lkF-VNDcss,458.625,h264,640,480,517364,29.0,245,13501,0,13746,5308581,24350943,0,29659524,mpeg4,539000,29.97,640,480,216820,4.78
3HVJ-p8L33A,163.897,flv,320,240,267032,29.0,87,4826,0,4913,824159,4646573,0,5470732,vp8,820000,25.0,640,480,219656,7.876
09oUj9EDIDo,239.14166,h264,480,360,500198,25.0,110,5868,0,5978,1406751,13545526,0,14952277,mpeg4,3000000,24.0,176,144,97284,1.672
1ZzJ-T2FJAw,250.017,h264,320,240,153059,29.0,128,7366,0,7494,856855,3926589,0,4783444,mpeg4,242000,25.0,1280,720,218664,8.997
25TI-jx-cag,176.901,vp8,480,360,26968,25.113636,38,4382,0,4420,393395,202954,0,596349,h264,242000,29.97,640,480,218932,4.496
1lkF-VNDcss,458.625,h264,640,480,517364,29.0,245,13501,0,13746,5308581,24350943,0,29659524,h264,820000,24.0,640,480,216820,12.009
1a5f-GbYEaM,157.80167,h264,1280,720,2885589,25.0,72,3873,0,3945,5611970,51306874,0,56918844,vp8,242000,15.0,640,480,216020,11.061
1lkF-VNDcss,458.625,h264,640,480,517364,29.0,245,13501,0,13746,5308581,24350943,0,29659524,vp8,242000,29.97,320,240,216820,2.996
2SkA-cUEaJ0,490.6,h264,480,360,300437,25.0,256,12010,0,12266,1448177,16976151,0,18424328,flv,820000,12.0,320,240,219480,0.988
0a6_--ZJXTE,290.01666,mpeg4,176,144,52783,12.0,61,3417,0,3478,119325,1794184,0,1913509,mpeg4,56000,15.0,320,240,123568,0.896
2Y-k-006Zbs,67.583336,mpeg4,176,144,51225,12.0,15,777,0,792,47585,385164,0,432749,mpeg4,3000000,12.0,320,240,219480,0.852
1Nc0-MKuExg,107.443,vp8,480,360,320011,30.093458,30,3190,0,3220,671936,3625932,0,4297868,vp8,56000,12.0,176,144,216820,1.784
2u-5-Io725E,426.945,h264,1280,720,1064703,29.0,228,12567,0,12795,11297544,45523691,0,56821235,flv,56000,12.0,640,480,219480,3.82
3xGu-rfcH3s,368.32,vp8,640,480,29096,25.02174,74,9134,0,9208,869558,470067,0,1339625,flv,109000,12.0,1920,1080,221152,3.032
3YNh-PI2q64,395.44,vp8,1280,720,1611942,25.027847,80,9806,0,9886,5073258,74605061,0,79678319,vp8,56000,29.97,1920,1080,221160,35.286
08EV-X022WI,204.938,h264,480,360,297373,16.0,111,3169,0,3280,1451634,6166260,0,7617894,mpeg4,5000000,24.0,320,240,82508,2.38
0QZJN4yTbbU,34.168,vp8,480,360,186895,30.029411,16,1005,0,1021,238485,559745,0,798230,flv,5000000,29.97,1920,1080,165700,6.668
0QZJN4yTbbU,34.168,vp8,480,360,186895,30.029411,16,1005,0,1021,238485,559745,0,798230,vp8,539000,25.0,176,144,165700,1.844
4BJV-yiTcus,254.922,vp8,480,360,260667,30.062992,51,7585,0,7636,918325,7387906,0,8306231,mpeg4,3000000,29.97,1920,1080,221160,16.353
1WrA-SRsgEk,384.451,h264,640,480,646432,29.0,205,11318,0,11523,2839955,28225248,0,31065203,mpeg4,820000,15.0,480,360,217568,2.828
0QZJN4yTbbU,34.168,vp8,480,360,186895,30.029411,16,1005,0,1021,238485,559745,0,798230,vp8,820000,29.97,1280,720,165700,19.845
_2al-ZI1Wss,74.535,mpeg4,176,144,55305,12.0,15,879,0,894,23996,491276,0,515272,mpeg4,56000,15.0,1920,1080,219200,7.388
0ICm-Cu4_aE,476.957,vp8,1280,720,1387100,30.05252,105,14200,0,14305,3487520,79210885,0,82698405,vp8,3000000,29.97,640,480,165700,11.809
0Au5-4UDHco,52.68,h264,480,360,372001,25.0,53,1265,0,1318,870136,1579497,0,2449633,h264,242000,15.0,320,240,155028,5.108
0QZJN4yTbbU,34.168,vp8,480,360,186895,30.029411,16,1005,0,1021,238485,559745,0,798230,mpeg4,109000,15.0,1920,1080,165700,7.648
0Hwk-yGT-M4,714.371,vp8,1280,720,652356,29.981792,143,21264,0,21407,14532530,43720516,0,58253046,h264,3000000,24.0,1280,720,329568,62.848
2tzy-vqeeLY,106.765,h264,1280,720,849586,25.0,66,2603,0,2669,4427240,6911026,0,11338266,flv,3000000,29.97,176,144,219480,2.436
2NuI-Bp5brA,80.536,h264,480,360,690041,29.0,43,2374,0,2417,618732,6327913,0,6946645,h264,5000000,24.0,1920,1080,664152,177.267
2NO0-ve7CKM,1140.349,vp8,1280,720,2394626,30.007017,328,33880,0,34208,20478926,320859863,0,341338789,mpeg4,109000,24.0,176,144,219480,3.98
0Axi-TRoqVA,59.883,vp8,1280,720,994960,30.38983,13,1780,0,1793,481774,6965881,0,7447655,h264,3000000,25.0,176,144,162924,8.161
08EV-X022WI,204.938,h264,480,360,297373,16.0,111,3169,0,3280,1451634,6166260,0,7617894,vp8,3000000,25.0,320,240,83844,2.212
3fmy-4uvR9U,143.03334,mpeg4,176,144,51082,12.0,31,1685,0,1716,56405,856907,0,913312,mpeg4,539000,12.0,176,144,219480,0.668
08EV-X022WI,204.938,h264,480,360,297373,16.0,111,3169,0,3280,1451634,6166260,0,7617894,vp8,109000,24.0,1920,1080,98808,21.085
3Wdg-dsGihA,340.424,flv,320,240,244491,11.0,69,4012,0,4081,1168939,9234909,0,10403848,mpeg4,539000,12.0,1920,1080,221152,6.404
1LXH-OibJYQ,42.2,h264,480,360,288705,25.0,23,1033,0,1056,216154,1306770,0,1522924,mpeg4,3000000,24.0,176,144,216820,2.136
2Y-k-006Zbs,67.583336,mpeg4,176,144,51225,12.0,15,777,0,792,47585,385164,0,432749,mpeg4,539000,15.0,176,144,219480,0.6
1tos-YhVzA4,222.53334,h264,480,360,500449,30.0,219,6457,0,6676,2821722,11099102,0,13920824,vp8,242000,15.0,480,360,217336,3.972
236x-T7D-8g,581.233,h264,480,360,295979,30.0,310,17128,0,17438,10151572,11352574,0,21504146,h264,820000,29.97,1920,1080,650012,77.465
42hr-6A1jYc,311.1,mpeg4,176,144,56416,12.0,113,3620,0,3733,127552,2066350,0,2193902,flv,539000,15.0,480,360,221160,0.464
3ojsQWU7XWE,86.486,h264,640,480,356037,29.0,46,2547,0,2593,819680,3029350,0,3849030,mpeg4,242000,12.0,640,480,219656,3.252
0ckO-lUydcc,177.33333,mpeg4,176,144,53707,12.0,37,2091,0,2128,100969,1089548,0,1190517,flv,242000,29.97,1920,1080,163632,2.66
0_VA-rJgmMI,750.433,vp8,1280,720,794075,13.482667,81,10031,0,10112,3852576,70635013,0,74487589,vp8,3000000,12.0,1920,1080,165700,19.193
1L6x-TgAldY,286.995,h264,480,360,508160,23.0,156,6726,0,6882,2285153,15944803,0,18229956,mpeg4,56000,24.0,640,480,216820,5.0
2pet-NcSXvY,37.011665,h264,1280,720,2759449,29.0,21,1088,0,1109,1899633,10866846,0,12766479,vp8,539000,15.0,640,480,219480,14.577
1lkF-VNDcss,458.625,h264,640,480,517364,29.0,245,13501,0,13746,5308581,24350943,0,29659524,vp8,5000000,15.0,1920,1080,216820,22.165
1tos-YhVzA4,222.53334,h264,480,360,500449,30.0,219,6457,0,6676,2821722,11099102,0,13920824,vp8,242000,15.0,176,144,217336,1.92
3fmy-4uvR9U,143.03334,mpeg4,176,144,51082,12.0,31,1685,0,1716,56405,856907,0,913312,flv,539000,29.97,320,240,219480,0.448
2NO0-ve7CKM,1140.349,vp8,1280,720,2394626,30.007017,328,33880,0,34208,20478926,320859863,0,341338789,mpeg4,56000,25.0,1280,720,219480,8.513
2HTJjLLaFL0,379.32,h264,480,360,181960,25.0,195,9289,0,9484,3392479,5235193,0,8627672,flv,242000,29.97,1920,1080,219480,4.996
22uE-OUUBH8,43.827,flv,320,240,272273,25.0,23,1081,0,1104,137210,1354404,0,1491614,flv,820000,12.0,480,360,218932,0.84
3fpg-LlHcks,273.816,vp8,1920,1080,1571003,25.065933,77,6766,0,6843,6190779,47579961,0,53770740,vp8,539000,25.0,480,360,219656,10.293
_2al-ZI1Wss,74.535,mpeg4,176,144,55305,12.0,15,879,0,894,23996,491276,0,515272,vp8,242000,29.97,1920,1080,219200,16.537
09oUj9EDIDo,239.14166,h264,480,360,500198,25.0,110,5868,0,5978,1406751,13545526,0,14952277,flv,242000,12.0,1920,1080,111092,4.02
1L6x-TgAldY,286.995,h264,480,360,508160,23.0,156,6726,0,6882,2285153,15944803,0,18229956,vp8,3000000,29.97,176,144,216820,2.728
3YNh-PI2q64,395.44,vp8,1280,720,1611942,25.027847,80,9806,0,9886,5073258,74605061,0,79678319,flv,109000,12.0,1280,720,221160,1.704
1WrA-SRsgEk,384.451,h264,640,480,646432,29.0,205,11318,0,11523,2839955,28225248,0,31065203,flv,3000000,29.97,320,240,217828,1.736
1ZzJ-T2FJAw,250.017,h264,320,240,153059,29.0,128,7366,0,7494,856855,3926589,0,4783444,h264,242000,12.0,640,480,218900,8.049
3Wdg-dsGihA,340.424,flv,320,240,244491,11.0,69,4012,0,4081,1168939,9234909,0,10403848,flv,109000,29.97,1280,720,221152,1.232
2AfTeWTxhIg,645.84,vp8,320,240,95903,25.032558,138,16008,0,16146,1081321,6660941,0,7742262,flv,820000,29.97,1280,720,219200,2.752
1D3O-16kzhQ,274.541,vp8,480,360,139791,30.029198,58,8170,0,8228,802625,3994697,0,4797322,vp8,242000,25.0,1280,720,216820,15.297
15fr-zSdCqg,39.055,h264,1920,1080,5992818,30.0,26,1144,0,1170,839251,28416939,0,29256190,h264,109000,25.0,176,144,216020,12.781
1RMD-MxzJn8,64.933,flv,320,240,236793,15.0,39,936,0,975,318954,1603007,0,1921961,mpeg4,242000,15.0,1280,720,217080,5.208
3mWp-QQn-1M,167.39166,h264,1280,720,2207484,24.0,86,3931,0,4017,4369420,41819887,0,46189307,h264,242000,24.0,480,360,219656,12.997
3BVV-0I-JlM,33.09,h264,320,240,279173,13.0,22,434,0,456,101794,1052937,0,1154731,mpeg4,539000,24.0,1920,1080,219480,12.669
2NO0-ve7CKM,1140.349,vp8,1280,720,2394626,30.007017,328,33880,0,34208,20478926,320859863,0,341338789,flv,820000,29.97,1920,1080,219480,10.773
2TXm-QHXCzU,270.655,vp8,640,480,652967,30.062963,89,8028,0,8117,1912240,20178890,0,22091130,h264,820000,25.0,320,240,219480,9.625
1s9d-jTKyUw,448.575,vp8,1280,720,2052426,30.002232,92,13349,0,13441,9132637,105950761,0,115083398,vp8,242000,15.0,1920,1080,217080,34.254
04t6-jw9czg,130.35667,mpeg4,176,144,54590,12.0,27,1537,0,1564,64483,825054,0,889537,h264,5000000,29.97,480,360,95632,14.761
3SQY-ZB8hmI,473.0,h264,320,240,164017,25.0,198,10924,704,11826,1419320,8047423,0,9697521,mpeg4,242000,15.0,1280,720,219656,4.472
2Y-k-006Zbs,67.583336,mpeg4,176,144,51225,12.0,15,777,0,792,47585,385164,0,432749,vp8,820000,29.97,640,480,219480,4.444
1WrA-SRsgEk,384.451,h264,640,480,646432,29.0,205,11318,0,11523,2839955,28225248,0,31065203,vp8,3000000,15.0,1280,720,217568,15.993
2u-5-Io725E,426.945,h264,1280,720,1064703,29.0,228,12567,0,12795,11297544,45523691,0,56821235,h264,3000000,24.0,1280,720,336468,56.576
1Vq6-f1kYeM,127.221664,h264,1920,1080,3080852,23.0,70,2980,0,3050,3818903,45174992,0,48993895,flv,5000000,24.0,320,240,217544,7.52
2pet-NcSXvY,37.011665,h264,1280,720,2759449,29.0,21,1088,0,1109,1899633,10866846,0,12766479,mpeg4,820000,12.0,640,480,219480,5.944
2u-5-Io725E,426.945,h264,1280,720,1064703,29.0,228,12567,0,12795,11297544,45523691,0,56821235,flv,820000,24.0,640,480,219480,3.884
1LXH-OibJYQ,42.2,h264,480,360,288705,25.0,23,1033,0,1056,216154,1306770,0,1522924,h264,109000,24.0,320,240,216820,3.228
1G6F-Huj2hY,110.966995,h264,480,360,397112,30.0,59,3271,0,3330,529627,4978664,0,5508291,vp8,56000,29.97,1920,1080,216820,37.358
1RGh-RmYxHY,217.518,h264,480,360,83054,29.0,112,6408,0,6520,406683,1851539,0,2258222,vp8,539000,12.0,640,480,217080,3.396
3-Wy-Ftbd40,69.93833,mpeg4,176,144,56717,12.0,14,825,0,839,47521,448322,0,495843,vp8,3000000,15.0,480,360,221152,2.868
3xGu-rfcH3s,368.32,vp8,640,480,29096,25.02174,74,9134,0,9208,869558,470067,0,1339625,flv,539000,29.97,480,360,221152,1.064
28BV-NZV3C8,326.58832,h264,1920,1080,5999648,23.0,174,7656,0,7830,16603953,228322925,0,244926878,flv,820000,15.0,480,360,218932,8.445
0ICm-Cu4_aE,476.957,vp8,1280,720,1387100,30.05252,105,14200,0,14305,3487520,79210885,0,82698405,vp8,5000000,29.97,1920,1080,165700,56.288
4NcD-WQyXCQ,860.056,vp8,1280,720,2688309,29.968605,277,25496,0,25773,12989828,276022270,0,289012098,mpeg4,820000,15.0,1280,720,259696,6.788
2Y-k-006Zbs,67.583336,mpeg4,176,144,51225,12.0,15,777,0,792,47585,385164,0,432749,vp8,820000,15.0,640,480,219480,4.536
3-Wy-Ftbd40,69.93833,mpeg4,176,144,56717,12.0,14,825,0,839,47521,448322,0,495843,vp8,3000000,29.97,480,360,221152,2.92
3BVV-0I-JlM,33.09,h264,320,240,279173,13.0,22,434,0,456,101794,1052937,0,1154731,vp8,242000,29.97,1280,720,219480,11.533
08EV-X022WI,204.938,h264,480,360,297373,16.0,111,3169,0,3280,1451634,6166260,0,7617894,flv,539000,25.0,480,360,87148,0.804
1D3O-16kzhQ,274.541,vp8,480,360,139791,30.029198,58,8170,0,8228,802625,3994697,0,4797322,flv,539000,12.0,320,240,216820,0.888
3BVV-0I-JlM,33.09,h264,320,240,279173,13.0,22,434,0,456,101794,1052937,0,1154731,mpeg4,242000,12.0,640,480,219480,2.9
0QZJN4yTbbU,34.168,vp8,480,360,186895,30.029411,16,1005,0,1021,238485,559745,0,798230,flv,820000,15.0,640,480,165700,1.292
3BVV-0I-JlM,33.09,h264,320,240,279173,13.0,22,434,0,456,101794,1052937,0,1154731,flv,820000,25.0,1280,720,219480,2.008
0Au5-4UDHco,52.68,h264,480,360,372001,25.0,53,1265,0,1318,870136,1579497,0,2449633,mpeg4,3000000,12.0,176,144,140080,1.94
3HVJ-p8L33A,163.897,flv,320,240,267032,29.0,87,4826,0,4913,824159,4646573,0,5470732,h264,56000,12.0,480,360,219656,3.14
2kFF-0kB_4w,339.667,h264,640,480,257699,30.0,181,10010,0,10191,10121223,820261,0,10941484,mpeg4,539000,25.0,176,144,219480,2.26
0_VA-rJgmMI,750.433,vp8,1280,720,794075,13.482667,81,10031,0,10112,3852576,70635013,0,74487589,flv,5000000,12.0,1280,720,165700,2.024
1L6x-TgAldY,286.995,h264,480,360,508160,23.0,156,6726,0,6882,2285153,15944803,0,18229956,h264,109000,15.0,320,240,216820,3.732
2AfTeWTxhIg,645.84,vp8,320,240,95903,25.032558,138,16008,0,16146,1081321,6660941,0,7742262,vp8,56000,15.0,640,480,218932,4.752
1s9d-jTKyUw,448.575,vp8,1280,720,2052426,30.002232,92,13349,0,13441,9132637,105950761,0,115083398,vp8,242000,25.0,1280,720,217080,30.09
3BVV-0I-JlM,33.09,h264,320,240,279173,13.0,22,434,0,456,101794,1052937,0,1154731,h264,109000,29.97,1280,720,317112,25.302
0a6_--ZJXTE,290.01666,mpeg4,176,144,52783,12.0,61,3417,0,3478,119325,1794184,0,1913509,h264,3000000,15.0,1280,720,310096,47.567
1Vq6-f1kYeM,127.221664,h264,1920,1080,3080852,23.0,70,2980,0,3050,3818903,45174992,0,48993895,vp8,820000,15.0,176,144,217436,8.113
3fmy-4uvR9U,143.03334,mpeg4,176,144,51082,12.0,31,1685,0,1716,56405,856907,0,913312,mpeg4,3000000,29.97,176,144,219480,0.86
1WrA-SRsgEk,384.451,h264,640,480,646432,29.0,205,11318,0,11523,2839955,28225248,0,31065203,vp8,56000,12.0,640,480,217568,5.616
0_VA-rJgmMI,750.433,vp8,1280,720,794075,13.482667,81,10031,0,10112,3852576,70635013,0,74487589,flv,3000000,15.0,1280,720,165700,2.22
1D3O-16kzhQ,274.541,vp8,480,360,139791,30.029198,58,8170,0,8228,802625,3994697,0,4797322,h264,820000,15.0,640,480,216820,12.149
3_fF9rtYCQ0,256.20834,mpeg4,176,144,57565,12.0,56,3018,0,3074,302900,1540700,0,1843600,h264,242000,12.0,480,360,219480,5.028
1L6x-TgAldY,286.995,h264,480,360,508160,23.0,156,6726,0,6882,2285153,15944803,0,18229956,vp8,5000000,29.97,480,360,216820,7.984
25TI-jx-cag,176.901,vp8,480,360,26968,25.113636,38,4382,0,4420,393395,202954,0,596349,flv,820000,29.97,480,360,218932,0.688
3DRy-Stwt9c,385.052,vp8,1280,720,441862,23.979221,77,9155,0,9232,16244376,5023129,0,21267505,flv,3000000,15.0,640,480,219480,1.752
3HVJ-p8L33A,163.897,flv,320,240,267032,29.0,87,4826,0,4913,824159,4646573,0,5470732,mpeg4,109000,12.0,480,360,219656,1.628
3SQY-ZB8hmI,473.0,h264,320,240,164017,25.0,198,10924,704,11826,1419320,8047423,0,9697521,h264,242000,12.0,176,144,220900,2.192
3DRy-Stwt9c,385.052,vp8,1280,720,441862,23.979221,77,9155,0,9232,16244376,5023129,0,21267505,mpeg4,3000000,24.0,320,240,219480,2.896
2tzy-vqeeLY,106.765,h264,1280,720,849586,25.0,66,2603,0,2669,4427240,6911026,0,11338266,mpeg4,820000,29.97,1920,1080,219480,13.941
1D3O-16kzhQ,274.541,vp8,480,360,139791,30.029198,58,8170,0,8228,802625,3994697,0,4797322,vp8,109000,24.0,480,360,216064,4.02
42hr-6A1jYc,311.1,mpeg4,176,144,56416,12.0,113,3620,0,3733,127552,2066350,0,2193902,flv,5000000,25.0,176,144,221160,0.292
_2al-ZI1Wss,74.535,mpeg4,176,144,55305,12.0,15,879,0,894,23996,491276,0,515272,mpeg4,539000,12.0,480,360,219200,1.32
3BVV-0I-JlM,33.09,h264,320,240,279173,13.0,22,434,0,456,101794,1052937,0,1154731,vp8,539000,25.0,640,480,219480,7.092
2pet-NcSXvY,37.011665,h264,1280,720,2759449,29.0,21,1088,0,1109,1899633,10866846,0,12766479,flv,109000,24.0,1280,720,219480,6.272
0I0e-5-iR3A,906.5983,mpeg4,176,144,56108,12.0,187,10692,0,10879,597549,5760936,0,6358485,mpeg4,5000000,12.0,1280,720,165668,4.188
1tos-YhVzA4,222.53334,h264,480,360,500449,30.0,219,6457,0,6676,2821722,11099102,0,13920824,flv,56000,24.0,176,144,217348,0.892
46oD-rS6PC8,95.462,h264,640,480,809256,29.0,51,2811,0,2862,886496,8770159,0,9656655,vp8,820000,15.0,176,144,221160,2.676
2u-5-Io725E,426.945,h264,1280,720,1064703,29.0,228,12567,0,12795,11297544,45523691,0,56821235,h264,242000,12.0,1280,720,332848,18.209
1ZzJ-T2FJAw,250.017,h264,320,240,153059,29.0,128,7366,0,7494,856855,3926589,0,4783444,h264,3000000,29.97,176,144,218932,4.7
09oUj9EDIDo,239.14166,h264,480,360,500198,25.0,110,5868,0,5978,1406751,13545526,0,14952277,vp8,109000,15.0,1920,1080,99528,22.833
2Y-k-006Zbs,67.583336,mpeg4,176,144,51225,12.0,15,777,0,792,47585,385164,0,432749,h264,56000,25.0,176,144,219480,1.464
0QZJN4yTbbU,34.168,vp8,480,360,186895,30.029411,16,1005,0,1021,238485,559745,0,798230,flv,5000000,12.0,320,240,165700,0.88
3o_2-igmsyo,440.967,h264,320,240,281642,30.0,236,12994,0,13230,2444863,13079542,0,15524405,vp8,242000,25.0,176,144,219656,1.472
1G6F-Huj2hY,110.966995,h264,480,360,397112,30.0,59,3271,0,3330,529627,4978664,0,5508291,flv,242000,12.0,480,360,216820,1.04
236x-T7D-8g,581.233,h264,480,360,295979,30.0,310,17128,0,17438,10151572,11352574,0,21504146,flv,5000000,25.0,1280,720,218932,3.612
25TI-jx-cag,176.901,vp8,480,360,26968,25.113636,38,4382,0,4420,393395,202954,0,596349,flv,820000,29.97,1280,720,218932,2.268
1Nc0-MKuExg,107.443,vp8,480,360,320011,30.093458,30,3190,0,3220,671936,3625932,0,4297868,vp8,5000000,25.0,640,480,216820,9.197
3DRy-Stwt9c,385.052,vp8,1280,720,441862,23.979221,77,9155,0,9232,16244376,5023129,0,21267505,mpeg4,109000,12.0,1920,1080,219480,6.508
4BJV-yiTcus,254.922,vp8,480,360,260667,30.062992,51,7585,0,7636,918325,7387906,0,8306231,mpeg4,3000000,15.0,1280,720,221160,5.412
1Vq6-f1kYeM,127.221664,h264,1920,1080,3080852,23.0,70,2980,0,3050,3818903,45174992,0,48993895,mpeg4,56000,12.0,640,480,217348,8.081
1lkF-VNDcss,458.625,h264,640,480,517364,29.0,245,13501,0,13746,5308581,24350943,0,29659524,flv,539000,25.0,1920,1080,216820,5.756
2pet-NcSXvY,37.011665,h264,1280,720,2759449,29.0,21,1088,0,1109,1899633,10866846,0,12766479,vp8,5000000,12.0,1920,1080,219480,51.807
1WrA-SRsgEk,384.451,h264,640,480,646432,29.0,205,11318,0,11523,2839955,28225248,0,31065203,h264,56000,25.0,176,144,217828,2.86
4Fob-eSnrb8,1768.9417,mpeg4,176,144,56152,12.0,354,20873,0,21227,1382103,11034284,0,12416387,mpeg4,3000000,15.0,1280,720,221160,5.196
0OUmDeBapbQ,316.95166,mpeg4,176,144,55396,12.0,64,3739,0,3803,111850,2082902,0,2194752,h264,242000,25.0,1920,1080,643672,46.927
3U8m-ETsTS4,282.56,h264,640,480,559834,25.0,145,6920,0,7065,4966509,14806840,0,19773349,vp8,539000,15.0,1920,1080,221152,22.429
0Yxo-eU6AjI,326.583,vp8,640,480,1055982,25.039877,102,8061,0,8163,1868804,41239444,0,43108248,flv,820000,25.0,320,240,215124,1.328
2tzy-vqeeLY,106.765,h264,1280,720,849586,25.0,66,2603,0,2669,4427240,6911026,0,11338266,mpeg4,242000,24.0,1920,1080,219480,11.677
3YNh-PI2q64,395.44,vp8,1280,720,1611942,25.027847,80,9806,0,9886,5073258,74605061,0,79678319,vp8,109000,24.0,480,360,221160,4.588
1G6F-Huj2hY,110.966995,h264,480,360,397112,30.0,59,3271,0,3330,529627,4978664,0,5508291,mpeg4,539000,15.0,320,240,216820,3.116
2HTJjLLaFL0,379.32,h264,480,360,181960,25.0,195,9289,0,9484,3392479,5235193,0,8627672,h264,820000,25.0,1280,720,323448,27.818
1ZzJ-T2FJAw,250.017,h264,320,240,153059,29.0,128,7366,0,7494,856855,3926589,0,4783444,flv,242000,15.0,1920,1080,218900,4.004
1D3O-16kzhQ,274.541,vp8,480,360,139791,30.029198,58,8170,0,8228,802625,3994697,0,4797322,h264,109000,29.97,176,144,216820,2.336
42hr-6A1jYc,311.1,mpeg4,176,144,56416,12.0,113,3620,0,3733,127552,2066350,0,2193902,h264,5000000,24.0,480,360,221160,5.96
1KXW-XA6QkQ,255.28,flv,320,240,250276,25.0,110,6272,0,6382,611474,7374864,0,7986338,flv,5000000,15.0,1920,1080,216820,4.7
0I0e-5-iR3A,906.5983,mpeg4,176,144,56108,12.0,187,10692,0,10879,597549,5760936,0,6358485,h264,820000,15.0,1920,1080,648976,52.575
2pet-NcSXvY,37.011665,h264,1280,720,2759449,29.0,21,1088,0,1109,1899633,10866846,0,12766479,vp8,3000000,15.0,640,480,219480,17.457
1tos-YhVzA4,222.53334,h264,480,360,500449,30.0,219,6457,0,6676,2821722,11099102,0,13920824,h264,56000,24.0,1920,1080,646220,30.43
2HTJjLLaFL0,379.32,h264,480,360,181960,25.0,195,9289,0,9484,3392479,5235193,0,8627672,vp8,109000,15.0,480,360,219464,2.948
2ApZ-KZ-pEk,157.891,h264,480,360,406908,29.0,87,4646,0,4733,1776729,6254165,0,8030894,mpeg4,3000000,15.0,320,240,219464,2.568
2SkA-cUEaJ0,490.6,h264,480,360,300437,25.0,256,12010,0,12266,1448177,16976151,0,18424328,mpeg4,3000000,15.0,640,480,219480,4.0
2TXm-QHXCzU,270.655,vp8,640,480,652967,30.062963,89,8028,0,8117,1912240,20178890,0,22091130,mpeg4,3000000,24.0,1280,720,219480,8.317
46oD-rS6PC8,95.462,h264,640,480,809256,29.0,51,2811,0,2862,886496,8770159,0,9656655,flv,242000,12.0,176,144,221160,1.544
1RMD-MxzJn8,64.933,flv,320,240,236793,15.0,39,936,0,975,318954,1603007,0,1921961,mpeg4,539000,15.0,1280,720,217080,5.792
4NcD-WQyXCQ,860.056,vp8,1280,720,2688309,29.968605,277,25496,0,25773,12989828,276022270,0,289012098,mpeg4,3000000,25.0,480,360,260360,5.9
1RMD-MxzJn8,64.933,flv,320,240,236793,15.0,39,936,0,975,318954,1603007,0,1921961,mpeg4,820000,24.0,1920,1080,217080,12.161
jLuy-7egJ2U,414.708,flv,320,240,256804,24.0,209,9745,0,9954,2779810,10532528,0,13312338,mpeg4,539000,29.97,1280,720,50456,11.137
28BV-NZV3C8,326.58832,h264,1920,1080,5999648,23.0,174,7656,0,7830,16603953,228322925,0,244926878,flv,5000000,12.0,176,144,218932,8.553
2u-5-Io725E,426.945,h264,1280,720,1064703,29.0,228,12567,0,12795,11297544,45523691,0,56821235,flv,5000000,25.0,1280,720,219480,4.888
3ojsQWU7XWE,86.486,h264,640,480,356037,29.0,46,2547,0,2593,819680,3029350,0,3849030,vp8,56000,25.0,1920,1080,219656,27.03
1RMD-MxzJn8,64.933,flv,320,240,236793,15.0,39,936,0,975,318954,1603007,0,1921961,vp8,242000,24.0,480,360,217080,4.66
46oD-rS6PC8,95.462,h264,640,480,809256,29.0,51,2811,0,2862,886496,8770159,0,9656655,vp8,56000,12.0,176,144,221160,2.412
0OUmDeBapbQ,316.95166,mpeg4,176,144,55396,12.0,64,3739,0,3803,111850,2082902,0,2194752,mpeg4,109000,25.0,320,240,165700,1.284
0OUmDeBapbQ,316.95166,mpeg4,176,144,55396,12.0,64,3739,0,3803,111850,2082902,0,2194752,vp8,56000,25.0,1920,1080,165700,19.649
0OUmDeBapbQ,316.95166,mpeg4,176,144,55396,12.0,64,3739,0,3803,111850,2082902,0,2194752,vp8,3000000,29.97,1280,720,165700,14.241
1Nc0-MKuExg,107.443,vp8,480,360,320011,30.093458,30,3190,0,3220,671936,3625932,0,4297868,flv,3000000,12.0,1920,1080,216820,4.348
2pet-NcSXvY,37.011665,h264,1280,720,2759449,29.0,21,1088,0,1109,1899633,10866846,0,12766479,vp8,820000,25.0,320,240,219480,9.681
1s9d-jTKyUw,448.575,vp8,1280,720,2052426,30.002232,92,13349,0,13441,9132637,105950761,0,115083398,vp8,56000,24.0,480,360,217080,9.961
3Xyf-6FdtDA,49.178333,mpeg4,176,144,54338,7.0,10,334,0,344,33046,300986,0,334032,h264,242000,24.0,176,144,221160,1.424
15fr-zSdCqg,39.055,h264,1920,1080,5992818,30.0,26,1144,0,1170,839251,28416939,0,29256190,h264,820000,29.97,1920,1080,668692,105.831
1YDt-FkeZ4E,98.683334,mpeg4,176,144,55552,12.0,20,1164,0,1184,48267,636993,0,685260,mpeg4,820000,25.0,320,240,217864,1.136
0Hwk-yGT-M4,714.371,vp8,1280,720,652356,29.981792,143,21264,0,21407,14532530,43720516,0,58253046,flv,109000,25.0,480,360,165172,3.268
2Y-k-006Zbs,67.583336,mpeg4,176,144,51225,12.0,15,777,0,792,47585,385164,0,432749,h264,109000,29.97,1920,1080,633488,32.394
28BV-NZV3C8,326.58832,h264,1920,1080,5999648,23.0,174,7656,0,7830,16603953,228322925,0,244926878,mpeg4,5000000,12.0,480,360,218932,8.929
3o_2-igmsyo,440.967,h264,320,240,281642,30.0,236,12994,0,13230,2444863,13079542,0,15524405,vp8,56000,12.0,1920,1080,219656,15.585
3fmy-4uvR9U,143.03334,mpeg4,176,144,51082,12.0,31,1685,0,1716,56405,856907,0,913312,vp8,109000,12.0,1920,1080,219480,17.661
0_VA-rJgmMI,750.433,vp8,1280,720,794075,13.482667,81,10031,0,10112,3852576,70635013,0,74487589,mpeg4,3000000,15.0,1920,1080,165700,8.185
1lkF-VNDcss,458.625,h264,640,480,517364,29.0,245,13501,0,13746,5308581,24350943,0,29659524,h264,109000,25.0,640,480,216820,8.429
25TI-jx-cag,176.901,vp8,480,360,26968,25.113636,38,4382,0,4420,393395,202954,0,596349,mpeg4,5000000,29.97,640,480,218932,4.172
1G6F-Huj2hY,110.966995,h264,480,360,397112,30.0,59,3271,0,3330,529627,4978664,0,5508291,mpeg4,56000,15.0,320,240,216820,2.372
2pet-NcSXvY,37.011665,h264,1280,720,2759449,29.0,21,1088,0,1109,1899633,10866846,0,12766479,mpeg4,242000,15.0,1920,1080,219480,11.293
1s9d-jTKyUw,448.575,vp8,1280,720,2052426,30.002232,92,13349,0,13441,9132637,105950761,0,115083398,flv,109000,15.0,176,144,217080,3.852
1LXH-OibJYQ,42.2,h264,480,360,288705,25.0,23,1033,0,1056,216154,1306770,0,1522924,vp8,109000,24.0,480,360,216820,4.104
2zeL-QQa8Sk,77.233,h264,480,360,382461,30.0,53,2265,0,2318,182297,3510033,0,3692330,h264,3000000,24.0,480,360,219480,17.505
1WrA-SRsgEk,384.451,h264,640,480,646432,29.0,205,11318,0,11523,2839955,28225248,0,31065203,vp8,539000,15.0,176,144,217568,2.54
3dI-kJGuWbY,292.092,h264,480,360,480125,29.0,156,8599,0,8755,2375028,15155062,0,17530090,mpeg4,5000000,12.0,320,240,219480,1.908
1hEL-mcI-tM,304.927,vp8,320,240,134334,25.075659,82,7541,0,7623,833754,4286526,0,5120280,mpeg4,3000000,25.0,320,240,216820,2.132
0a6_--ZJXTE,290.01666,mpeg4,176,144,52783,12.0,61,3417,0,3478,119325,1794184,0,1913509,vp8,242000,25.0,1920,1080,132516,18.713
1ZzJ-T2FJAw,250.017,h264,320,240,153059,29.0,128,7366,0,7494,856855,3926589,0,4783444,flv,539000,29.97,1920,1080,218900,5.992
2Y-k-006Zbs,67.583336,mpeg4,176,144,51225,12.0,15,777,0,792,47585,385164,0,432749,mpeg4,109000,25.0,480,360,219480,1.828
09oUj9EDIDo,239.14166,h264,480,360,500198,25.0,110,5868,0,5978,1406751,13545526,0,14952277,h264,56000,12.0,176,144,116572,2.024
0Yxo-eU6AjI,326.583,vp8,640,480,1055982,25.039877,102,8061,0,8163,1868804,41239444,0,43108248,vp8,3000000,15.0,1920,1080,212880,35.37
04t6-jw9czg,130.35667,mpeg4,176,144,54590,12.0,27,1537,0,1564,64483,825054,0,889537,vp8,56000,24.0,176,144,37220,1.18
0XTW-dqdT4w,216.55,h264,320,240,291150,29.0,112,6379,0,6491,1789334,6091735,0,7881069,h264,5000000,29.97,176,144,212576,4.232
0OUmDeBapbQ,316.95166,mpeg4,176,144,55396,12.0,64,3739,0,3803,111850,2082902,0,2194752,vp8,539000,25.0,640,480,165700,5.992
2TXm-QHXCzU,270.655,vp8,640,480,652967,30.062963,89,8028,0,8117,1912240,20178890,0,22091130,h264,539000,24.0,176,144,219480,4.656
0Hwk-yGT-M4,714.371,vp8,1280,720,652356,29.981792,143,21264,0,21407,14532530,43720516,0,58253046,h264,3000000,29.97,320,240,165564,13.985
28BV-NZV3C8,326.58832,h264,1920,1080,5999648,23.0,174,7656,0,7830,16603953,228322925,0,244926878,h264,3000000,25.0,1280,720,395576,81.209
1hEL-mcI-tM,304.927,vp8,320,240,134334,25.075659,82,7541,0,7623,833754,4286526,0,5120280,flv,539000,24.0,320,240,216820,0.696
3Wdg-dsGihA,340.424,flv,320,240,244491,11.0,69,4012,0,4081,1168939,9234909,0,10403848,mpeg4,56000,29.97,480,360,221152,2.616
3HVJ-p8L33A,163.897,flv,320,240,267032,29.0,87,4826,0,4913,824159,4646573,0,5470732,vp8,3000000,25.0,1280,720,219656,20.057
3xGu-rfcH3s,368.32,vp8,640,480,29096,25.02174,74,9134,0,9208,869558,470067,0,1339625,mpeg4,539000,29.97,1280,720,221152,9.085
1RMD-MxzJn8,64.933,flv,320,240,236793,15.0,39,936,0,975,318954,1603007,0,1921961,h264,3000000,24.0,1920,1080,609692,105.471
1Nc0-MKuExg,107.443,vp8,480,360,320011,30.093458,30,3190,0,3220,671936,3625932,0,4297868,h264,242000,12.0,320,240,216820,3.524
09oUj9EDIDo,239.14166,h264,480,360,500198,25.0,110,5868,0,5978,1406751,13545526,0,14952277,vp8,539000,15.0,1280,720,100852,14.785
3dI-kJGuWbY,292.092,h264,480,360,480125,29.0,156,8599,0,8755,2375028,15155062,0,17530090,mpeg4,3000000,25.0,320,240,219480,4.212
46oD-rS6PC8,95.462,h264,640,480,809256,29.0,51,2811,0,2862,886496,8770159,0,9656655,flv,820000,12.0,320,240,221160,1.6
1hEL-mcI-tM,304.927,vp8,320,240,134334,25.075659,82,7541,0,7623,833754,4286526,0,5120280,flv,109000,15.0,1920,1080,216820,3.716
3Wdg-dsGihA,340.424,flv,320,240,244491,11.0,69,4012,0,4081,1168939,9234909,0,10403848,flv,242000,25.0,176,144,221152,0.324
3fmy-4uvR9U,143.03334,mpeg4,176,144,51082,12.0,31,1685,0,1716,56405,856907,0,913312,h264,56000,12.0,320,240,219480,2.396
1LXH-OibJYQ,42.2,h264,480,360,288705,25.0,23,1033,0,1056,216154,1306770,0,1522924,mpeg4,539000,25.0,480,360,216820,3.048
3HVJ-p8L33A,163.897,flv,320,240,267032,29.0,87,4826,0,4913,824159,4646573,0,5470732,flv,242000,25.0,176,144,219656,0.564
2pet-NcSXvY,37.011665,h264,1280,720,2759449,29.0,21,1088,0,1109,1899633,10866846,0,12766479,mpeg4,242000,15.0,1280,720,219480,7.264
1RGh-RmYxHY,217.518,h264,480,360,83054,29.0,112,6408,0,6520,406683,1851539,0,2258222,vp8,242000,25.0,1920,1080,217080,26.346
7aeo-9dGEKs,278.91666,mpeg4,176,144,55402,12.0,56,3291,0,3347,224586,1707003,0,1931589,h264,242000,24.0,176,144,42124,2.132
2pet-NcSXvY,37.011665,h264,1280,720,2759449,29.0,21,1088,0,1109,1899633,10866846,0,12766479,mpeg4,109000,12.0,320,240,219480,5.356
3-Wy-Ftbd40,69.93833,mpeg4,176,144,56717,12.0,14,825,0,839,47521,448322,0,495843,h264,820000,15.0,480,360,221152,6.14
0I0e-5-iR3A,906.5983,mpeg4,176,144,56108,12.0,187,10692,0,10879,597549,5760936,0,6358485,flv,109000,24.0,176,144,165668,0.316
0I0e-5-iR3A,906.5983,mpeg4,176,144,56108,12.0,187,10692,0,10879,597549,5760936,0,6358485,flv,56000,25.0,176,144,165668,0.304
46oD-rS6PC8,95.462,h264,640,480,809256,29.0,51,2811,0,2862,886496,8770159,0,9656655,h264,820000,12.0,640,480,221160,13.261
4keb-__zqyQ,452.689,vp8,320,240,66680,5.7057524,42,2537,0,2579,207037,3566163,0,3773200,vp8,5000000,29.97,640,480,248092,9.545
C2Qg-Ejgc4g,287.02167,h264,1280,720,811956,29.0,167,8435,0,8602,24129279,5001843,0,29131122,h264,56000,29.97,640,480,166416,9.041
0a6_--ZJXTE,290.01666,mpeg4,176,144,52783,12.0,61,3417,0,3478,119325,1794184,0,1913509,h264,820000,24.0,480,360,139932,10.025
2AfTeWTxhIg,645.84,vp8,320,240,95903,25.032558,138,16008,0,16146,1081321,6660941,0,7742262,vp8,109000,25.0,320,240,218932,3.156
04t6-jw9czg,130.35667,mpeg4,176,144,54590,12.0,27,1537,0,1564,64483,825054,0,889537,mpeg4,242000,29.97,1280,720,58540,7.388
3mWp-QQn-1M,167.39166,h264,1280,720,2207484,24.0,86,3931,0,4017,4369420,41819887,0,46189307,mpeg4,109000,29.97,1280,720,219656,7.816
04t6-jw9czg,130.35667,mpeg4,176,144,54590,12.0,27,1537,0,1564,64483,825054,0,889537,flv,820000,15.0,640,480,56348,0.776
1hEL-mcI-tM,304.927,vp8,320,240,134334,25.075659,82,7541,0,7623,833754,4286526,0,5120280,vp8,242000,24.0,176,144,216820,1.788
2kFF-0kB_4w,339.667,h264,640,480,257699,30.0,181,10010,0,10191,10121223,820261,0,10941484,vp8,539000,12.0,1920,1080,219480,16.577
2SkA-cUEaJ0,490.6,h264,480,360,300437,25.0,256,12010,0,12266,1448177,16976151,0,18424328,mpeg4,56000,24.0,640,480,219480,4.904
2SkA-cUEaJ0,490.6,h264,480,360,300437,25.0,256,12010,0,12266,1448177,16976151,0,18424328,flv,820000,24.0,640,480,219480,1.608
4b7b-FY4JPI,203.198,flv,320,240,239336,29.0,104,5974,0,6078,853613,5225468,0,6079081,vp8,5000000,25.0,480,360,221160,7.428
1hEL-mcI-tM,304.927,vp8,320,240,134334,25.075659,82,7541,0,7623,833754,4286526,0,5120280,h264,3000000,15.0,1920,1080,659684,80.977
3HVJ-p8L33A,163.897,flv,320,240,267032,29.0,87,4826,0,4913,824159,4646573,0,5470732,h264,539000,12.0,176,144,219656,2.036
1G6F-Huj2hY,110.966995,h264,480,360,397112,30.0,59,3271,0,3330,529627,4978664,0,5508291,flv,820000,24.0,320,240,216820,1.2
2NO0-ve7CKM,1140.349,vp8,1280,720,2394626,30.007017,328,33880,0,34208,20478926,320859863,0,341338789,mpeg4,5000000,25.0,1280,720,219480,8.885
3U8m-ETsTS4,282.56,h264,640,480,559834,25.0,145,6920,0,7065,4966509,14806840,0,19773349,h264,5000000,24.0,1280,720,334820,39.19
3-Wy-Ftbd40,69.93833,mpeg4,176,144,56717,12.0,14,825,0,839,47521,448322,0,495843,flv,539000,29.97,640,480,221152,0.636
0I0e-5-iR3A,906.5983,mpeg4,176,144,56108,12.0,187,10692,0,10879,597549,5760936,0,6358485,h264,56000,15.0,1280,720,317268,11.873
0XTW-dqdT4w,216.55,h264,320,240,291150,29.0,112,6379,0,6491,1789334,6091735,0,7881069,mpeg4,820000,29.97,640,480,184512,5.268
3fmy-4uvR9U,143.03334,mpeg4,176,144,51082,12.0,31,1685,0,1716,56405,856907,0,913312,mpeg4,242000,29.97,1280,720,219480,7.752
3_fF9rtYCQ0,256.20834,mpeg4,176,144,57565,12.0,56,3018,0,3074,302900,1540700,0,1843600,flv,5000000,24.0,480,360,219480,0.556
3dI-kJGuWbY,292.092,h264,480,360,480125,29.0,156,8599,0,8755,2375028,15155062,0,17530090,vp8,109000,25.0,480,360,219480,6.82
4b7b-FY4JPI,203.198,flv,320,240,239336,29.0,104,5974,0,6078,853613,5225468,0,6079081,vp8,539000,24.0,176,144,221160,2.02
2kFF-0kB_4w,339.667,h264,640,480,257699,30.0,181,10010,0,10191,10121223,820261,0,10941484,h264,109000,29.97,1280,720,321388,18.561
2TXm-QHXCzU,270.655,vp8,640,480,652967,30.062963,89,8028,0,8117,1912240,20178890,0,22091130,vp8,109000,24.0,640,480,219480,10.837
22uE-OUUBH8,43.827,flv,320,240,272273,25.0,23,1081,0,1104,137210,1354404,0,1491614,vp8,820000,15.0,1280,720,218932,17.165
2NO0-ve7CKM,1140.349,vp8,1280,720,2394626,30.007017,328,33880,0,34208,20478926,320859863,0,341338789,vp8,820000,15.0,1920,1080,219480,36.274
2tzy-vqeeLY,106.765,h264,1280,720,849586,25.0,66,2603,0,2669,4427240,6911026,0,11338266,mpeg4,242000,29.97,176,144,219480,3.016
3ODf-KYiOZw,63.667,h264,640,480,972572,15.0,33,923,0,956,1259657,6480438,0,7740095,flv,109000,24.0,1280,720,219656,2.828
1G6F-Huj2hY,110.966995,h264,480,360,397112,30.0,59,3271,0,3330,529627,4978664,0,5508291,vp8,3000000,15.0,176,144,216820,2.024
3xUU-YRicZA,131.76,vp8,640,480,104723,25.145039,37,3257,0,3294,945865,778937,0,1724802,mpeg4,539000,29.97,480,360,221152,4.02
3AYz-PCa1aI,391.08,h264,640,480,230847,25.0,209,9569,0,9778,9023743,2261252,0,11284995,h264,539000,24.0,640,480,219480,7.524
0ICm-Cu4_aE,476.957,vp8,1280,720,1387100,30.05252,105,14200,0,14305,3487520,79210885,0,82698405,flv,5000000,12.0,320,240,165700,2.772
0ckO-lUydcc,177.33333,mpeg4,176,144,53707,12.0,37,2091,0,2128,100969,1089548,0,1190517,mpeg4,56000,25.0,176,144,162996,0.924
25TI-jx-cag,176.901,vp8,480,360,26968,25.113636,38,4382,0,4420,393395,202954,0,596349,h264,539000,29.97,1920,1080,647964,28.254
K0qNp2W3YBI,571.567,h264,480,360,800318,30.0,606,7135,9407,17148,5742380,35875296,0,57179482,flv,5000000,12.0,320,240,51716,1.34
3-Wy-Ftbd40,69.93833,mpeg4,176,144,56717,12.0,14,825,0,839,47521,448322,0,495843,h264,820000,12.0,1920,1080,637032,40.343
0ICm-Cu4_aE,476.957,vp8,1280,720,1387100,30.05252,105,14200,0,14305,3487520,79210885,0,82698405,h264,820000,15.0,320,240,165700,7.972
0a6_--ZJXTE,290.01666,mpeg4,176,144,52783,12.0,61,3417,0,3478,119325,1794184,0,1913509,vp8,3000000,25.0,1920,1080,134572,28.05
1D3O-16kzhQ,274.541,vp8,480,360,139791,30.029198,58,8170,0,8228,802625,3994697,0,4797322,flv,539000,29.97,1280,720,216820,3.076
0_VA-rJgmMI,750.433,vp8,1280,720,794075,13.482667,81,10031,0,10112,3852576,70635013,0,74487589,mpeg4,242000,24.0,320,240,165700,3.336
0I0e-5-iR3A,906.5983,mpeg4,176,144,56108,12.0,187,10692,0,10879,597549,5760936,0,6358485,flv,242000,25.0,480,360,165668,0.512
3Wdg-dsGihA,340.424,flv,320,240,244491,11.0,69,4012,0,4081,1168939,9234909,0,10403848,vp8,56000,15.0,1920,1080,221152,15.241
1Y-Y-RHCxRQ,189.956,flv,320,240,231296,29.0,97,5597,0,5694,580292,4911734,0,5492026,vp8,242000,12.0,320,240,218664,1.332
3AYz-PCa1aI,391.08,h264,640,480,230847,25.0,209,9569,0,9778,9023743,2261252,0,11284995,h264,5000000,12.0,480,360,219480,3.412
2zeL-QQa8Sk,77.233,h264,480,360,382461,30.0,53,2265,0,2318,182297,3510033,0,3692330,mpeg4,820000,15.0,176,144,219480,1.72
22uE-OUUBH8,43.827,flv,320,240,272273,25.0,23,1081,0,1104,137210,1354404,0,1491614,vp8,539000,24.0,176,144,218932,2.704
2SkA-cUEaJ0,490.6,h264,480,360,300437,25.0,256,12010,0,12266,1448177,16976151,0,18424328,mpeg4,109000,12.0,1920,1080,219480,6.824
3Wdg-dsGihA,340.424,flv,320,240,244491,11.0,69,4012,0,4081,1168939,9234909,0,10403848,h264,242000,29.97,320,240,221152,4.376
3SQY-ZB8hmI,473.0,h264,320,240,164017,25.0,198,10924,704,11826,1419320,8047423,0,9697521,flv,820000,15.0,480,360,220900,1.104
3o_2-igmsyo,440.967,h264,320,240,281642,30.0,236,12994,0,13230,2444863,13079542,0,15524405,vp8,5000000,29.97,320,240,219656,2.372
04t6-jw9czg,130.35667,mpeg4,176,144,54590,12.0,27,1537,0,1564,64483,825054,0,889537,vp8,242000,15.0,1280,720,45080,11.033
46oD-rS6PC8,95.462,h264,640,480,809256,29.0,51,2811,0,2862,886496,8770159,0,9656655,vp8,5000000,25.0,640,480,221160,11.705
25TI-jx-cag,176.901,vp8,480,360,26968,25.113636,38,4382,0,4420,393395,202954,0,596349,flv,56000,29.97,176,144,218932,0.644
2TXm-QHXCzU,270.655,vp8,640,480,652967,30.062963,89,8028,0,8117,1912240,20178890,0,22091130,h264,3000000,15.0,480,360,219480,18.881
0Hwk-yGT-M4,714.371,vp8,1280,720,652356,29.981792,143,21264,0,21407,14532530,43720516,0,58253046,h264,539000,25.0,1920,1080,674620,62.836
1D3O-16kzhQ,274.541,vp8,480,360,139791,30.029198,58,8170,0,8228,802625,3994697,0,4797322,mpeg4,3000000,12.0,176,144,216064,1.388
1hEL-mcI-tM,304.927,vp8,320,240,134334,25.075659,82,7541,0,7623,833754,4286526,0,5120280,vp8,820000,29.97,640,480,216820,8.309
1Nc0-MKuExg,107.443,vp8,480,360,320011,30.093458,30,3190,0,3220,671936,3625932,0,4297868,flv,3000000,12.0,320,240,216820,1.0
1KXW-XA6QkQ,255.28,flv,320,240,250276,25.0,110,6272,0,6382,611474,7374864,0,7986338,mpeg4,3000000,29.97,176,144,216820,1.716
1D3O-16kzhQ,274.541,vp8,480,360,139791,30.029198,58,8170,0,8228,802625,3994697,0,4797322,mpeg4,56000,12.0,640,480,216064,2.232
1a5f-GbYEaM,157.80167,h264,1280,720,2885589,25.0,72,3873,0,3945,5611970,51306874,0,56918844,h264,242000,25.0,176,144,216064,5.696
0Hwk-yGT-M4,714.371,vp8,1280,720,652356,29.981792,143,21264,0,21407,14532530,43720516,0,58253046,flv,109000,12.0,176,144,164988,2.88
1WrA-SRsgEk,384.451,h264,640,480,646432,29.0,205,11318,0,11523,2839955,28225248,0,31065203,mpeg4,56000,29.97,1280,720,217544,9.481
1tos-YhVzA4,222.53334,h264,480,360,500449,30.0,219,6457,0,6676,2821722,11099102,0,13920824,mpeg4,5000000,12.0,480,360,217336,2.012
3U8m-ETsTS4,282.56,h264,640,480,559834,25.0,145,6920,0,7065,4966509,14806840,0,19773349,h264,3000000,29.97,176,144,221152,3.3
2HTJjLLaFL0,379.32,h264,480,360,181960,25.0,195,9289,0,9484,3392479,5235193,0,8627672,flv,820000,15.0,320,240,219480,0.876
1ZzJ-T2FJAw,250.017,h264,320,240,153059,29.0,128,7366,0,7494,856855,3926589,0,4783444,mpeg4,109000,24.0,320,240,218664,2.176
0_VA-rJgmMI,750.433,vp8,1280,720,794075,13.482667,81,10031,0,10112,3852576,70635013,0,74487589,h264,820000,12.0,1920,1080,665016,36.834
1Vq6-f1kYeM,127.221664,h264,1920,1080,3080852,23.0,70,2980,0,3050,3818903,45174992,0,48993895,vp8,56000,29.97,176,144,217348,7.856
2SkA-cUEaJ0,490.6,h264,480,360,300437,25.0,256,12010,0,12266,1448177,16976151,0,18424328,flv,5000000,12.0,1920,1080,219480,4.524
2HTJjLLaFL0,379.32,h264,480,360,181960,25.0,195,9289,0,9484,3392479,5235193,0,8627672,flv,3000000,25.0,1280,720,219480,2.82
22uE-OUUBH8,43.827,flv,320,240,272273,25.0,23,1081,0,1104,137210,1354404,0,1491614,mpeg4,56000,15.0,1920,1080,218932,8.633
1RGh-RmYxHY,217.518,h264,480,360,83054,29.0,112,6408,0,6520,406683,1851539,0,2258222,h264,56000,25.0,1280,720,323264,12.861
0OUmDeBapbQ,316.95166,mpeg4,176,144,55396,12.0,64,3739,0,3803,111850,2082902,0,2194752,flv,539000,12.0,640,480,165700,0.684
0Yxo-eU6AjI,326.583,vp8,640,480,1055982,25.039877,102,8061,0,8163,1868804,41239444,0,43108248,flv,3000000,25.0,640,480,215124,1.796
2AfTeWTxhIg,645.84,vp8,320,240,95903,25.032558,138,16008,0,16146,1081321,6660941,0,7742262,vp8,539000,25.0,640,480,219196,8.673
3AYz-PCa1aI,391.08,h264,640,480,230847,25.0,209,9569,0,9778,9023743,2261252,0,11284995,vp8,3000000,12.0,1280,720,219480,6.92
0a6_--ZJXTE,290.01666,mpeg4,176,144,52783,12.0,61,3417,0,3478,119325,1794184,0,1913509,mpeg4,56000,29.97,1920,1080,124296,14.021
3-Wy-Ftbd40,69.93833,mpeg4,176,144,56717,12.0,14,825,0,839,47521,448322,0,495843,vp8,5000000,29.97,1280,720,221152,10.641
15fr-zSdCqg,39.055,h264,1920,1080,5992818,30.0,26,1144,0,1170,839251,28416939,0,29256190,h264,539000,12.0,320,240,216020,16.233
3HVJ-p8L33A,163.897,flv,320,240,267032,29.0,87,4826,0,4913,824159,4646573,0,5470732,mpeg4,539000,25.0,1280,720,219656,7.648
3xUU-YRicZA,131.76,vp8,640,480,104723,25.145039,37,3257,0,3294,945865,778937,0,1724802,mpeg4,242000,15.0,1280,720,221152,3.688
2SkA-cUEaJ0,490.6,h264,480,360,300437,25.0,256,12010,0,12266,1448177,16976151,0,18424328,vp8,3000000,24.0,480,360,219480,6.564
28BV-NZV3C8,326.58832,h264,1920,1080,5999648,23.0,174,7656,0,7830,16603953,228322925,0,244926878,flv,242000,25.0,1920,1080,218932,10.549
42hr-6A1jYc,311.1,mpeg4,176,144,56416,12.0,113,3620,0,3733,127552,2066350,0,2193902,vp8,820000,29.97,1280,720,221160,7.396
0I0e-5-iR3A,906.5983,mpeg4,176,144,56108,12.0,187,10692,0,10879,597549,5760936,0,6358485,vp8,5000000,29.97,176,144,165668,1.028
1oz8-nezz50,225.08,h264,480,360,538452,25.0,113,5515,0,5628,1873408,13275961,0,15149369,flv,109000,29.97,176,144,216820,0.936
0Au5-4UDHco,52.68,h264,480,360,372001,25.0,53,1265,0,1318,870136,1579497,0,2449633,vp8,5000000,15.0,320,240,140080,3.848
1D3O-16kzhQ,274.541,vp8,480,360,139791,30.029198,58,8170,0,8228,802625,3994697,0,4797322,mpeg4,242000,12.0,640,480,216064,2.492
0I0e-5-iR3A,906.5983,mpeg4,176,144,56108,12.0,187,10692,0,10879,597549,5760936,0,6358485,vp8,5000000,25.0,176,144,165668,1.02
0Yxo-eU6AjI,326.583,vp8,640,480,1055982,25.039877,102,8061,0,8163,1868804,41239444,0,43108248,h264,539000,15.0,176,144,215712,3.76
3U8m-ETsTS4,282.56,h264,640,480,559834,25.0,145,6920,0,7065,4966509,14806840,0,19773349,mpeg4,3000000,12.0,1920,1080,221152,7.068
3_fF9rtYCQ0,256.20834,mpeg4,176,144,57565,12.0,56,3018,0,3074,302900,1540700,0,1843600,flv,5000000,24.0,640,480,219480,0.72
3N6c-uPdNas,69.933,flv,320,240,272898,15.0,37,1013,0,1050,349781,2035796,0,2385577,vp8,56000,15.0,640,480,219656,4.664
0I0e-5-iR3A,906.5983,mpeg4,176,144,56108,12.0,187,10692,0,10879,597549,5760936,0,6358485,mpeg4,5000000,29.97,176,144,165668,0.96
0a6_--ZJXTE,290.01666,mpeg4,176,144,52783,12.0,61,3417,0,3478,119325,1794184,0,1913509,vp8,56000,12.0,176,144,130204,1.12
0OUmDeBapbQ,316.95166,mpeg4,176,144,55396,12.0,64,3739,0,3803,111850,2082902,0,2194752,flv,820000,29.97,480,360,165700,0.576
2TXm-QHXCzU,270.655,vp8,640,480,652967,30.062963,89,8028,0,8117,1912240,20178890,0,22091130,vp8,109000,29.97,1280,720,219480,24.182
1RGh-RmYxHY,217.518,h264,480,360,83054,29.0,112,6408,0,6520,406683,1851539,0,2258222,mpeg4,5000000,24.0,480,360,216820,2.98
0OUmDeBapbQ,316.95166,mpeg4,176,144,55396,12.0,64,3739,0,3803,111850,2082902,0,2194752,mpeg4,539000,15.0,1920,1080,165700,8.013
_2al-ZI1Wss,74.535,mpeg4,176,144,55305,12.0,15,879,0,894,23996,491276,0,515272,h264,539000,12.0,480,360,219464,6.184
_2al-ZI1Wss,74.535,mpeg4,176,144,55305,12.0,15,879,0,894,23996,491276,0,515272,vp8,109000,24.0,1920,1080,219200,16.265
3xUU-YRicZA,131.76,vp8,640,480,104723,25.145039,37,3257,0,3294,945865,778937,0,1724802,flv,242000,15.0,640,480,221152,0.872
4NcD-WQyXCQ,860.056,vp8,1280,720,2688309,29.968605,277,25496,0,25773,12989828,276022270,0,289012098,mpeg4,109000,24.0,320,240,257568,4.692
0OUmDeBapbQ,316.95166,mpeg4,176,144,55396,12.0,64,3739,0,3803,111850,2082902,0,2194752,vp8,242000,15.0,176,144,165700,1.12
0ckO-lUydcc,177.33333,mpeg4,176,144,53707,12.0,37,2091,0,2128,100969,1089548,0,1190517,h264,539000,15.0,1920,1080,634256,43.127
3SQY-ZB8hmI,473.0,h264,320,240,164017,25.0,198,10924,704,11826,1419320,8047423,0,9697521,vp8,109000,25.0,480,360,220808,4.948
46oD-rS6PC8,95.462,h264,640,480,809256,29.0,51,2811,0,2862,886496,8770159,0,9656655,h264,242000,24.0,1280,720,338256,28.526
2NO0-ve7CKM,1140.349,vp8,1280,720,2394626,30.007017,328,33880,0,34208,20478926,320859863,0,341338789,flv,3000000,25.0,640,480,219480,4.6
09oUj9EDIDo,239.14166,h264,480,360,500198,25.0,110,5868,0,5978,1406751,13545526,0,14952277,mpeg4,820000,25.0,176,144,97184,1.812
1RGh-RmYxHY,217.518,h264,480,360,83054,29.0,112,6408,0,6520,406683,1851539,0,2258222,h264,3000000,25.0,320,240,217080,5.784
4BJV-yiTcus,254.922,vp8,480,360,260667,30.062992,51,7585,0,7636,918325,7387906,0,8306231,vp8,5000000,25.0,1920,1080,221160,45.479
09oUj9EDIDo,239.14166,h264,480,360,500198,25.0,110,5868,0,5978,1406751,13545526,0,14952277,mpeg4,5000000,25.0,320,240,98868,2.708
28BV-NZV3C8,326.58832,h264,1920,1080,5999648,23.0,174,7656,0,7830,16603953,228322925,0,244926878,flv,820000,12.0,176,144,218932,8.393
0QZJN4yTbbU,34.168,vp8,480,360,186895,30.029411,16,1005,0,1021,238485,559745,0,798230,flv,820000,24.0,176,144,165700,0.808
4keb-__zqyQ,452.689,vp8,320,240,66680,5.7057524,42,2537,0,2579,207037,3566163,0,3773200,h264,820000,24.0,640,480,253996,20.605
3_fF9rtYCQ0,256.20834,mpeg4,176,144,57565,12.0,56,3018,0,3074,302900,1540700,0,1843600,flv,3000000,29.97,640,480,219480,0.704
1RMD-MxzJn8,64.933,flv,320,240,236793,15.0,39,936,0,975,318954,1603007,0,1921961,vp8,56000,24.0,320,240,217080,2.284
3AYz-PCa1aI,391.08,h264,640,480,230847,25.0,209,9569,0,9778,9023743,2261252,0,11284995,h264,3000000,29.97,176,144,219480,1.808
2ApZ-KZ-pEk,157.891,h264,480,360,406908,29.0,87,4646,0,4733,1776729,6254165,0,8030894,vp8,3000000,12.0,640,480,219464,5.676
0ICm-Cu4_aE,476.957,vp8,1280,720,1387100,30.05252,105,14200,0,14305,3487520,79210885,0,82698405,mpeg4,820000,25.0,176,144,165696,3.28
1Vq6-f1kYeM,127.221664,h264,1920,1080,3080852,23.0,70,2980,0,3050,3818903,45174992,0,48993895,vp8,5000000,12.0,640,480,217436,13.433
3HVJ-p8L33A,163.897,flv,320,240,267032,29.0,87,4826,0,4913,824159,4646573,0,5470732,mpeg4,539000,25.0,480,360,219656,3.136
0a6_--ZJXTE,290.01666,mpeg4,176,144,52783,12.0,61,3417,0,3478,119325,1794184,0,1913509,flv,539000,29.97,480,360,136100,0.584
4b7b-FY4JPI,203.198,flv,320,240,239336,29.0,104,5974,0,6078,853613,5225468,0,6079081,h264,56000,24.0,320,240,221160,2.524
3Xyf-6FdtDA,49.178333,mpeg4,176,144,54338,7.0,10,334,0,344,33046,300986,0,334032,flv,5000000,24.0,480,360,221160,0.396
3SQY-ZB8hmI,473.0,h264,320,240,164017,25.0,198,10924,704,11826,1419320,8047423,0,9697521,h264,109000,12.0,320,240,220900,3.412
0Hwk-yGT-M4,714.371,vp8,1280,720,652356,29.981792,143,21264,0,21407,14532530,43720516,0,58253046,h264,820000,12.0,640,480,165564,15.525
3-Wy-Ftbd40,69.93833,mpeg4,176,144,56717,12.0,14,825,0,839,47521,448322,0,495843,flv,3000000,29.97,480,360,221152,0.52
1RGh-RmYxHY,217.518,h264,480,360,83054,29.0,112,6408,0,6520,406683,1851539,0,2258222,vp8,3000000,29.97,320,240,217080,2.516
4Fob-eSnrb8,1768.9417,mpeg4,176,144,56152,12.0,354,20873,0,21227,1382103,11034284,0,12416387,mpeg4,56000,12.0,176,144,221160,0.68
3dI-kJGuWbY,292.092,h264,480,360,480125,29.0,156,8599,0,8755,2375028,15155062,0,17530090,h264,539000,24.0,1920,1080,646008,69.544
46oD-rS6PC8,95.462,h264,640,480,809256,29.0,51,2811,0,2862,886496,8770159,0,9656655,flv,109000,12.0,1280,720,221160,2.792
04t6-jw9czg,130.35667,mpeg4,176,144,54590,12.0,27,1537,0,1564,64483,825054,0,889537,flv,820000,29.97,176,144,56808,0.356
2kFF-0kB_4w,339.667,h264,640,480,257699,30.0,181,10010,0,10191,10121223,820261,0,10941484,h264,56000,15.0,480,360,219480,3.324
0Hwk-yGT-M4,714.371,vp8,1280,720,652356,29.981792,143,21264,0,21407,14532530,43720516,0,58253046,vp8,539000,29.97,176,144,164988,4.264
2zeL-QQa8Sk,77.233,h264,480,360,382461,30.0,53,2265,0,2318,182297,3510033,0,3692330,h264,5000000,12.0,480,360,219480,11.601
3mWp-QQn-1M,167.39166,h264,1280,720,2207484,24.0,86,3931,0,4017,4369420,41819887,0,46189307,vp8,3000000,15.0,480,360,219656,8.709
25TI-jx-cag,176.901,vp8,480,360,26968,25.113636,38,4382,0,4420,393395,202954,0,596349,mpeg4,242000,24.0,480,360,218932,2.376
1tos-YhVzA4,222.53334,h264,480,360,500449,30.0,219,6457,0,6676,2821722,11099102,0,13920824,vp8,242000,15.0,1280,720,217336,11.793
09oUj9EDIDo,239.14166,h264,480,360,500198,25.0,110,5868,0,5978,1406751,13545526,0,14952277,vp8,56000,29.97,480,360,99476,5.356
22uE-OUUBH8,43.827,flv,320,240,272273,25.0,23,1081,0,1104,137210,1354404,0,1491614,flv,242000,29.97,320,240,218932,0.612
3-Wy-Ftbd40,69.93833,mpeg4,176,144,56717,12.0,14,825,0,839,47521,448322,0,495843,mpeg4,5000000,29.97,1920,1080,221152,12.997
0_VA-rJgmMI,750.433,vp8,1280,720,794075,13.482667,81,10031,0,10112,3852576,70635013,0,74487589,flv,109000,12.0,176,144,165700,1.556
Ibjd-a8dYbU,35.41,h264,480,360,500637,10.0,12,342,0,354,94325,2121621,0,2215946,flv,56000,15.0,176,144,46868,1.608
1a5f-GbYEaM,157.80167,h264,1280,720,2885589,25.0,72,3873,0,3945,5611970,51306874,0,56918844,vp8,109000,24.0,640,480,216020,14.805
2zeL-QQa8Sk,77.233,h264,480,360,382461,30.0,53,2265,0,2318,182297,3510033,0,3692330,vp8,3000000,12.0,1280,720,219480,13.353
1s9d-jTKyUw,448.575,vp8,1280,720,2052426,30.002232,92,13349,0,13441,9132637,105950761,0,115083398,flv,5000000,29.97,320,240,217080,4.064
3mWp-QQn-1M,167.39166,h264,1280,720,2207484,24.0,86,3931,0,4017,4369420,41819887,0,46189307,mpeg4,539000,12.0,1920,1080,219656,8.581
3DRy-Stwt9c,385.052,vp8,1280,720,441862,23.979221,77,9155,0,9232,16244376,5023129,0,21267505,vp8,109000,25.0,640,480,219480,6.74
2TXm-QHXCzU,270.655,vp8,640,480,652967,30.062963,89,8028,0,8117,1912240,20178890,0,22091130,flv,56000,25.0,1280,720,219480,4.048
22uE-OUUBH8,43.827,flv,320,240,272273,25.0,23,1081,0,1104,137210,1354404,0,1491614,vp8,820000,29.97,1280,720,218932,25.046
2kFF-0kB_4w,339.667,h264,640,480,257699,30.0,181,10010,0,10191,10121223,820261,0,10941484,flv,109000,15.0,1920,1080,219480,4.152
1lkF-VNDcss,458.625,h264,640,480,517364,29.0,245,13501,0,13746,5308581,24350943,0,29659524,mpeg4,820000,25.0,640,480,216820,4.724
0Yxo-eU6AjI,326.583,vp8,640,480,1055982,25.039877,102,8061,0,8163,1868804,41239444,0,43108248,mpeg4,3000000,15.0,176,144,212772,1.764
2ApZ-KZ-pEk,157.891,h264,480,360,406908,29.0,87,4646,0,4733,1776729,6254165,0,8030894,mpeg4,539000,15.0,320,240,219464,1.848
1RGh-RmYxHY,217.518,h264,480,360,83054,29.0,112,6408,0,6520,406683,1851539,0,2258222,mpeg4,109000,29.97,176,144,216820,2.44
1YDt-FkeZ4E,98.683334,mpeg4,176,144,55552,12.0,20,1164,0,1184,48267,636993,0,685260,h264,56000,15.0,1280,720,310016,9.205
3DRy-Stwt9c,385.052,vp8,1280,720,441862,23.979221,77,9155,0,9232,16244376,5023129,0,21267505,vp8,56000,29.97,1280,720,219480,18.177
2NO0-ve7CKM,1140.349,vp8,1280,720,2394626,30.007017,328,33880,0,34208,20478926,320859863,0,341338789,flv,242000,12.0,1280,720,219480,4.48
2SkA-cUEaJ0,490.6,h264,480,360,300437,25.0,256,12010,0,12266,1448177,16976151,0,18424328,flv,109000,29.97,320,240,219480,1.004
3YNh-PI2q64,395.44,vp8,1280,720,1611942,25.027847,80,9806,0,9886,5073258,74605061,0,79678319,flv,109000,24.0,640,480,221160,1.888
4BJV-yiTcus,254.922,vp8,480,360,260667,30.062992,51,7585,0,7636,918325,7387906,0,8306231,flv,539000,24.0,640,480,221160,1.58
2pet-NcSXvY,37.011665,h264,1280,720,2759449,29.0,21,1088,0,1109,1899633,10866846,0,12766479,h264,56000,29.97,480,360,219480,13.037
0OUmDeBapbQ,316.95166,mpeg4,176,144,55396,12.0,64,3739,0,3803,111850,2082902,0,2194752,vp8,56000,15.0,480,360,165700,3.22
2tzy-vqeeLY,106.765,h264,1280,720,849586,25.0,66,2603,0,2669,4427240,6911026,0,11338266,vp8,3000000,15.0,1280,720,219480,11.609
2TXm-QHXCzU,270.655,vp8,640,480,652967,30.062963,89,8028,0,8117,1912240,20178890,0,22091130,mpeg4,5000000,25.0,480,360,219480,5.908
2Y-k-006Zbs,67.583336,mpeg4,176,144,51225,12.0,15,777,0,792,47585,385164,0,432749,vp8,109000,24.0,1920,1080,219480,14.789
2HTJjLLaFL0,379.32,h264,480,360,181960,25.0,195,9289,0,9484,3392479,5235193,0,8627672,flv,109000,29.97,1920,1080,219480,5.016
3ojsQWU7XWE,86.486,h264,640,480,356037,29.0,46,2547,0,2593,819680,3029350,0,3849030,h264,820000,29.97,320,240,219656,6.228
2HTJjLLaFL0,379.32,h264,480,360,181960,25.0,195,9289,0,9484,3392479,5235193,0,8627672,vp8,109000,29.97,176,144,219480,1.572
1KXW-XA6QkQ,255.28,flv,320,240,250276,25.0,110,6272,0,6382,611474,7374864,0,7986338,vp8,539000,24.0,1920,1080,216820,38.122
2HTJjLLaFL0,379.32,h264,480,360,181960,25.0,195,9289,0,9484,3392479,5235193,0,8627672,flv,539000,29.97,640,480,219480,1.348
4b7b-FY4JPI,203.198,flv,320,240,239336,29.0,104,5974,0,6078,853613,5225468,0,6079081,h264,820000,25.0,480,360,221160,10.793
236x-T7D-8g,581.233,h264,480,360,295979,30.0,310,17128,0,17438,10151572,11352574,0,21504146,mpeg4,56000,12.0,176,144,218932,1.412
1RGh-RmYxHY,217.518,h264,480,360,83054,29.0,112,6408,0,6520,406683,1851539,0,2258222,flv,3000000,24.0,640,480,217080,1.34
3U8m-ETsTS4,282.56,h264,640,480,559834,25.0,145,6920,0,7065,4966509,14806840,0,19773349,h264,109000,12.0,1920,1080,657424,18.409
0Yxo-eU6AjI,326.583,vp8,640,480,1055982,25.039877,102,8061,0,8163,1868804,41239444,0,43108248,flv,242000,25.0,176,144,213260,1.18
22uE-OUUBH8,43.827,flv,320,240,272273,25.0,23,1081,0,1104,137210,1354404,0,1491614,vp8,3000000,29.97,1920,1080,218932,58.328
2tzy-vqeeLY,106.765,h264,1280,720,849586,25.0,66,2603,0,2669,4427240,6911026,0,11338266,vp8,539000,15.0,176,144,219480,3.192
2kFF-0kB_4w,339.667,h264,640,480,257699,30.0,181,10010,0,10191,10121223,820261,0,10941484,vp8,242000,24.0,320,240,219480,2.34
1RMD-MxzJn8,64.933,flv,320,240,236793,15.0,39,936,0,975,318954,1603007,0,1921961,vp8,242000,29.97,176,144,217080,1.468
46oD-rS6PC8,95.462,h264,640,480,809256,29.0,51,2811,0,2862,886496,8770159,0,9656655,h264,5000000,15.0,320,240,221160,9.385
1a5f-GbYEaM,157.80167,h264,1280,720,2885589,25.0,72,3873,0,3945,5611970,51306874,0,56918844,vp8,3000000,29.97,480,360,216056,9.897
2NO0-ve7CKM,1140.349,vp8,1280,720,2394626,30.007017,328,33880,0,34208,20478926,320859863,0,341338789,mpeg4,5000000,24.0,176,144,219480,4.264
1YDt-FkeZ4E,98.683334,mpeg4,176,144,55552,12.0,20,1164,0,1184,48267,636993,0,685260,h264,820000,24.0,1920,1080,636264,40.723
3U8m-ETsTS4,282.56,h264,640,480,559834,25.0,145,6920,0,7065,4966509,14806840,0,19773349,vp8,5000000,29.97,176,144,221152,2.012
0Hwk-yGT-M4,714.371,vp8,1280,720,652356,29.981792,143,21264,0,21407,14532530,43720516,0,58253046,vp8,109000,29.97,320,240,164888,6.312
3mWp-QQn-1M,167.39166,h264,1280,720,2207484,24.0,86,3931,0,4017,4369420,41819887,0,46189307,mpeg4,539000,25.0,1920,1080,219656,13.297
0ckO-lUydcc,177.33333,mpeg4,176,144,53707,12.0,37,2091,0,2128,100969,1089548,0,1190517,flv,820000,29.97,176,144,163632,0.32
3ojsQWU7XWE,86.486,h264,640,480,356037,29.0,46,2547,0,2593,819680,3029350,0,3849030,h264,242000,25.0,1920,1080,671796,39.358
2zeL-QQa8Sk,77.233,h264,480,360,382461,30.0,53,2265,0,2318,182297,3510033,0,3692330,vp8,539000,25.0,1280,720,219480,18.345
1L6x-TgAldY,286.995,h264,480,360,508160,23.0,156,6726,0,6882,2285153,15944803,0,18229956,flv,5000000,15.0,480,360,216820,1.276
3YNh-PI2q64,395.44,vp8,1280,720,1611942,25.027847,80,9806,0,9886,5073258,74605061,0,79678319,vp8,242000,15.0,640,480,221160,4.72
3ODf-KYiOZw,63.667,h264,640,480,972572,15.0,33,923,0,956,1259657,6480438,0,7740095,h264,109000,24.0,640,480,219656,10.153
1oz8-nezz50,225.08,h264,480,360,538452,25.0,113,5515,0,5628,1873408,13275961,0,15149369,h264,5000000,15.0,1280,720,324852,50.583
2tzy-vqeeLY,106.765,h264,1280,720,849586,25.0,66,2603,0,2669,4427240,6911026,0,11338266,h264,56000,12.0,176,144,219480,3.228
3xUU-YRicZA,131.76,vp8,640,480,104723,25.145039,37,3257,0,3294,945865,778937,0,1724802,flv,56000,25.0,320,240,221152,0.868
3Xyf-6FdtDA,49.178333,mpeg4,176,144,54338,7.0,10,334,0,344,33046,300986,0,334032,mpeg4,242000,29.97,1920,1080,221160,11.981
04t6-jw9czg,130.35667,mpeg4,176,144,54590,12.0,27,1537,0,1564,64483,825054,0,889537,h264,3000000,25.0,480,360,95104,12.397
3fpg-LlHcks,273.816,vp8,1920,1080,1571003,25.065933,77,6766,0,6843,6190779,47579961,0,53770740,mpeg4,5000000,29.97,320,240,219656,6.008
09oUj9EDIDo,239.14166,h264,480,360,500198,25.0,110,5868,0,5978,1406751,13545526,0,14952277,mpeg4,539000,24.0,1280,720,96904,6.776
3Wdg-dsGihA,340.424,flv,320,240,244491,11.0,69,4012,0,4081,1168939,9234909,0,10403848,mpeg4,3000000,29.97,640,480,221152,4.228
42hr-6A1jYc,311.1,mpeg4,176,144,56416,12.0,113,3620,0,3733,127552,2066350,0,2193902,h264,56000,12.0,480,360,221160,2.704
09oUj9EDIDo,239.14166,h264,480,360,500198,25.0,110,5868,0,5978,1406751,13545526,0,14952277,h264,109000,25.0,320,240,118256,4.996
1L6x-TgAldY,286.995,h264,480,360,508160,23.0,156,6726,0,6882,2285153,15944803,0,18229956,mpeg4,109000,24.0,320,240,216820,2.708
_2al-ZI1Wss,74.535,mpeg4,176,144,55305,12.0,15,879,0,894,23996,491276,0,515272,flv,539000,29.97,640,480,219464,0.66
15fr-zSdCqg,39.055,h264,1920,1080,5992818,30.0,26,1144,0,1170,839251,28416939,0,29256190,h264,539000,12.0,176,144,216020,12.925
3N6c-uPdNas,69.933,flv,320,240,272898,15.0,37,1013,0,1050,349781,2035796,0,2385577,h264,5000000,15.0,320,240,219656,8.409
1tos-YhVzA4,222.53334,h264,480,360,500449,30.0,219,6457,0,6676,2821722,11099102,0,13920824,h264,109000,29.97,320,240,217348,4.452
2NuI-Bp5brA,80.536,h264,480,360,690041,29.0,43,2374,0,2417,618732,6327913,0,6946645,mpeg4,109000,15.0,176,144,219480,2.0
3xUU-YRicZA,131.76,vp8,640,480,104723,25.145039,37,3257,0,3294,945865,778937,0,1724802,vp8,109000,25.0,480,360,221152,3.696
3fpg-LlHcks,273.816,vp8,1920,1080,1571003,25.065933,77,6766,0,6843,6190779,47579961,0,53770740,h264,820000,24.0,320,240,219656,12.881
1KXW-XA6QkQ,255.28,flv,320,240,250276,25.0,110,6272,0,6382,611474,7374864,0,7986338,flv,820000,12.0,1920,1080,216820,3.688
3xGu-rfcH3s,368.32,vp8,640,480,29096,25.02174,74,9134,0,9208,869558,470067,0,1339625,h264,109000,29.97,176,144,221152,1.232
1ZzJ-T2FJAw,250.017,h264,320,240,153059,29.0,128,7366,0,7494,856855,3926589,0,4783444,vp8,5000000,12.0,320,240,218664,2.204
25TI-jx-cag,176.901,vp8,480,360,26968,25.113636,38,4382,0,4420,393395,202954,0,596349,flv,242000,24.0,176,144,218932,0.616
0a6_--ZJXTE,290.01666,mpeg4,176,144,52783,12.0,61,3417,0,3478,119325,1794184,0,1913509,mpeg4,56000,15.0,480,360,123580,1.284
1a5f-GbYEaM,157.80167,h264,1280,720,2885589,25.0,72,3873,0,3945,5611970,51306874,0,56918844,mpeg4,109000,12.0,320,240,216020,3.972
2ApZ-KZ-pEk,157.891,h264,480,360,406908,29.0,87,4646,0,4733,1776729,6254165,0,8030894,vp8,109000,25.0,1920,1080,219464,29.85
46oD-rS6PC8,95.462,h264,640,480,809256,29.0,51,2811,0,2862,886496,8770159,0,9656655,h264,242000,15.0,320,240,221160,5.136
3SQY-ZB8hmI,473.0,h264,320,240,164017,25.0,198,10924,704,11826,1419320,8047423,0,9697521,vp8,109000,25.0,1280,720,220808,14.893
4NcD-WQyXCQ,860.056,vp8,1280,720,2688309,29.968605,277,25496,0,25773,12989828,276022270,0,289012098,vp8,5000000,25.0,1280,720,262784,50.947
0Axi-TRoqVA,59.883,vp8,1280,720,994960,30.38983,13,1780,0,1793,481774,6965881,0,7447655,vp8,820000,12.0,176,144,155028,3.404
3fpg-LlHcks,273.816,vp8,1920,1080,1571003,25.065933,77,6766,0,6843,6190779,47579961,0,53770740,flv,3000000,29.97,480,360,219656,5.856
2HTJjLLaFL0,379.32,h264,480,360,181960,25.0,195,9289,0,9484,3392479,5235193,0,8627672,vp8,5000000,25.0,320,240,219480,2.388
2AfTeWTxhIg,645.84,vp8,320,240,95903,25.032558,138,16008,0,16146,1081321,6660941,0,7742262,vp8,5000000,25.0,1920,1080,219200,54.463
3YNh-PI2q64,395.44,vp8,1280,720,1611942,25.027847,80,9806,0,9886,5073258,74605061,0,79678319,vp8,3000000,29.97,176,144,221160,2.16
3YNh-PI2q64,395.44,vp8,1280,720,1611942,25.027847,80,9806,0,9886,5073258,74605061,0,79678319,mpeg4,3000000,15.0,480,360,221160,2.468
04t6-jw9czg,130.35667,mpeg4,176,144,54590,12.0,27,1537,0,1564,64483,825054,0,889537,vp8,109000,29.97,640,480,38948,4.64
3DRy-Stwt9c,385.052,vp8,1280,720,441862,23.979221,77,9155,0,9232,16244376,5023129,0,21267505,flv,5000000,29.97,1920,1080,219480,5.872
2ApZ-KZ-pEk,157.891,h264,480,360,406908,29.0,87,4646,0,4733,1776729,6254165,0,8030894,flv,56000,25.0,1920,1080,219464,5.76
3AYz-PCa1aI,391.08,h264,640,480,230847,25.0,209,9569,0,9778,9023743,2261252,0,11284995,h264,539000,24.0,176,144,219480,1.592
1D3O-16kzhQ,274.541,vp8,480,360,139791,30.029198,58,8170,0,8228,802625,3994697,0,4797322,h264,539000,24.0,320,240,216820,5.252
3-Wy-Ftbd40,69.93833,mpeg4,176,144,56717,12.0,14,825,0,839,47521,448322,0,495843,vp8,5000000,12.0,176,144,221152,0.848
2AfTeWTxhIg,645.84,vp8,320,240,95903,25.032558,138,16008,0,16146,1081321,6660941,0,7742262,h264,56000,25.0,320,240,219200,3.332
3fpg-LlHcks,273.816,vp8,1920,1080,1571003,25.065933,77,6766,0,6843,6190779,47579961,0,53770740,flv,56000,12.0,640,480,219656,5.556
3xUU-YRicZA,131.76,vp8,640,480,104723,25.145039,37,3257,0,3294,945865,778937,0,1724802,mpeg4,56000,15.0,1280,720,221152,4.092
04t6-jw9czg,130.35667,mpeg4,176,144,54590,12.0,27,1537,0,1564,64483,825054,0,889537,mpeg4,3000000,29.97,480,360,34524,2.408
0QZJN4yTbbU,34.168,vp8,480,360,186895,30.029411,16,1005,0,1021,238485,559745,0,798230,flv,820000,24.0,320,240,165700,0.964
3dI-kJGuWbY,292.092,h264,480,360,480125,29.0,156,8599,0,8755,2375028,15155062,0,17530090,vp8,539000,24.0,176,144,219480,3.12
2TXm-QHXCzU,270.655,vp8,640,480,652967,30.062963,89,8028,0,8117,1912240,20178890,0,22091130,h264,242000,15.0,1280,720,317536,24.53
25TI-jx-cag,176.901,vp8,480,360,26968,25.113636,38,4382,0,4420,393395,202954,0,596349,mpeg4,820000,24.0,1280,720,218932,7.388
1lkF-VNDcss,458.625,h264,640,480,517364,29.0,245,13501,0,13746,5308581,24350943,0,29659524,flv,242000,29.97,320,240,216820,1.436
1RMD-MxzJn8,64.933,flv,320,240,236793,15.0,39,936,0,975,318954,1603007,0,1921961,flv,820000,12.0,480,360,217080,0.644
3U8m-ETsTS4,282.56,h264,640,480,559834,25.0,145,6920,0,7065,4966509,14806840,0,19773349,h264,242000,25.0,176,144,221152,2.696
25TI-jx-cag,176.901,vp8,480,360,26968,25.113636,38,4382,0,4420,393395,202954,0,596349,vp8,539000,29.97,320,240,218932,1.74
0I0e-5-iR3A,906.5983,mpeg4,176,144,56108,12.0,187,10692,0,10879,597549,5760936,0,6358485,h264,820000,29.97,640,480,165668,15.721
3Wdg-dsGihA,340.424,flv,320,240,244491,11.0,69,4012,0,4081,1168939,9234909,0,10403848,vp8,242000,24.0,176,144,221152,0.98
3fmy-4uvR9U,143.03334,mpeg4,176,144,51082,12.0,31,1685,0,1716,56405,856907,0,913312,vp8,539000,12.0,176,144,219480,1.26
0Axi-TRoqVA,59.883,vp8,1280,720,994960,30.38983,13,1780,0,1793,481774,6965881,0,7447655,flv,3000000,12.0,480,360,161940,3.488
2ApZ-KZ-pEk,157.891,h264,480,360,406908,29.0,87,4646,0,4733,1776729,6254165,0,8030894,vp8,56000,12.0,640,480,219464,5.004
09oUj9EDIDo,239.14166,h264,480,360,500198,25.0,110,5868,0,5978,1406751,13545526,0,14952277,vp8,539000,29.97,1280,720,101852,22.285
09oUj9EDIDo,239.14166,h264,480,360,500198,25.0,110,5868,0,5978,1406751,13545526,0,14952277,flv,820000,12.0,1920,1080,113224,3.992
0Axi-TRoqVA,59.883,vp8,1280,720,994960,30.38983,13,1780,0,1793,481774,6965881,0,7447655,vp8,109000,24.0,1280,720,155028,14.013
3AYz-PCa1aI,391.08,h264,640,480,230847,25.0,209,9569,0,9778,9023743,2261252,0,11284995,vp8,242000,12.0,1920,1080,219480,16.781
3DRy-Stwt9c,385.052,vp8,1280,720,441862,23.979221,77,9155,0,9232,16244376,5023129,0,21267505,vp8,5000000,24.0,480,360,219480,3.944
3_fF9rtYCQ0,256.20834,mpeg4,176,144,57565,12.0,56,3018,0,3074,302900,1540700,0,1843600,flv,242000,24.0,1920,1080,219480,2.484
0Yxo-eU6AjI,326.583,vp8,640,480,1055982,25.039877,102,8061,0,8163,1868804,41239444,0,43108248,flv,3000000,29.97,1280,720,215124,3.748
1Vq6-f1kYeM,127.221664,h264,1920,1080,3080852,23.0,70,2980,0,3050,3818903,45174992,0,48993895,flv,3000000,29.97,1920,1080,217544,9.529
0OUmDeBapbQ,316.95166,mpeg4,176,144,55396,12.0,64,3739,0,3803,111850,2082902,0,2194752,mpeg4,3000000,24.0,480,360,165700,2.316
4keb-__zqyQ,452.689,vp8,320,240,66680,5.7057524,42,2537,0,2579,207037,3566163,0,3773200,mpeg4,56000,25.0,1920,1080,246792,13.425
0OUmDeBapbQ,316.95166,mpeg4,176,144,55396,12.0,64,3739,0,3803,111850,2082902,0,2194752,flv,242000,12.0,176,144,165700,0.284
4keb-__zqyQ,452.689,vp8,320,240,66680,5.7057524,42,2537,0,2579,207037,3566163,0,3773200,vp8,3000000,12.0,1280,720,248092,18.417
2tzy-vqeeLY,106.765,h264,1280,720,849586,25.0,66,2603,0,2669,4427240,6911026,0,11338266,vp8,56000,24.0,1920,1080,219480,30.934
0OUmDeBapbQ,316.95166,mpeg4,176,144,55396,12.0,64,3739,0,3803,111850,2082902,0,2194752,vp8,3000000,25.0,640,480,165700,5.992
3YNh-PI2q64,395.44,vp8,1280,720,1611942,25.027847,80,9806,0,9886,5073258,74605061,0,79678319,flv,539000,12.0,320,240,221160,1.46
2ApZ-KZ-pEk,157.891,h264,480,360,406908,29.0,87,4646,0,4733,1776729,6254165,0,8030894,vp8,3000000,25.0,1280,720,219464,21.729
46oD-rS6PC8,95.462,h264,640,480,809256,29.0,51,2811,0,2862,886496,8770159,0,9656655,mpeg4,56000,25.0,1280,720,221160,8.833
2SkA-cUEaJ0,490.6,h264,480,360,300437,25.0,256,12010,0,12266,1448177,16976151,0,18424328,mpeg4,109000,29.97,1280,720,219480,10.209
3AYz-PCa1aI,391.08,h264,640,480,230847,25.0,209,9569,0,9778,9023743,2261252,0,11284995,flv,56000,29.97,1280,720,219480,2.688
1G6F-Huj2hY,110.966995,h264,480,360,397112,30.0,59,3271,0,3330,529627,4978664,0,5508291,mpeg4,242000,29.97,1280,720,216820,11.957
1Nc0-MKuExg,107.443,vp8,480,360,320011,30.093458,30,3190,0,3220,671936,3625932,0,4297868,flv,539000,29.97,640,480,216820,1.656
3-Wy-Ftbd40,69.93833,mpeg4,176,144,56717,12.0,14,825,0,839,47521,448322,0,495843,h264,3000000,24.0,1280,720,311596,35.542
1G6F-Huj2hY,110.966995,h264,480,360,397112,30.0,59,3271,0,3330,529627,4978664,0,5508291,vp8,539000,29.97,176,144,216820,2.648
4Fob-eSnrb8,1768.9417,mpeg4,176,144,56152,12.0,354,20873,0,21227,1382103,11034284,0,12416387,h264,5000000,12.0,176,144,245788,2.396
4BJV-yiTcus,254.922,vp8,480,360,260667,30.062992,51,7585,0,7636,918325,7387906,0,8306231,flv,5000000,25.0,640,480,221160,1.832
4keb-__zqyQ,452.689,vp8,320,240,66680,5.7057524,42,2537,0,2579,207037,3566163,0,3773200,mpeg4,109000,15.0,1920,1080,247080,8.713
1RGh-RmYxHY,217.518,h264,480,360,83054,29.0,112,6408,0,6520,406683,1851539,0,2258222,mpeg4,820000,12.0,1920,1080,216820,5.9
FB9-dDXy9vs,39.101665,mpeg4,176,144,53473,12.0,8,461,0,469,24527,236837,0,261364,flv,5000000,15.0,640,480,41296,0.824
1YDt-FkeZ4E,98.683334,mpeg4,176,144,55552,12.0,20,1164,0,1184,48267,636993,0,685260,flv,242000,24.0,320,240,217880,0.356
3xUU-YRicZA,131.76,vp8,640,480,104723,25.145039,37,3257,0,3294,945865,778937,0,1724802,h264,3000000,15.0,176,144,221152,1.42
15fr-zSdCqg,39.055,h264,1920,1080,5992818,30.0,26,1144,0,1170,839251,28416939,0,29256190,mpeg4,820000,24.0,320,240,215848,10.205
2ApZ-KZ-pEk,157.891,h264,480,360,406908,29.0,87,4646,0,4733,1776729,6254165,0,8030894,flv,5000000,12.0,176,144,219464,0.928
0_VA-rJgmMI,750.433,vp8,1280,720,794075,13.482667,81,10031,0,10112,3852576,70635013,0,74487589,h264,820000,15.0,320,240,171520,4.252
1hEL-mcI-tM,304.927,vp8,320,240,134334,25.075659,82,7541,0,7623,833754,4286526,0,5120280,h264,539000,12.0,320,240,216820,3.496
3-Wy-Ftbd40,69.93833,mpeg4,176,144,56717,12.0,14,825,0,839,47521,448322,0,495843,vp8,5000000,24.0,1280,720,221152,10.565
46oD-rS6PC8,95.462,h264,640,480,809256,29.0,51,2811,0,2862,886496,8770159,0,9656655,mpeg4,3000000,29.97,640,480,221160,7.304
3o_2-igmsyo,440.967,h264,320,240,281642,30.0,236,12994,0,13230,2444863,13079542,0,15524405,mpeg4,539000,25.0,1280,720,219656,7.876
2HTJjLLaFL0,379.32,h264,480,360,181960,25.0,195,9289,0,9484,3392479,5235193,0,8627672,h264,109000,24.0,1280,720,322688,16.045
2NuI-Bp5brA,80.536,h264,480,360,690041,29.0,43,2374,0,2417,618732,6327913,0,6946645,vp8,109000,29.97,176,144,219480,3.568
3fmy-4uvR9U,143.03334,mpeg4,176,144,51082,12.0,31,1685,0,1716,56405,856907,0,913312,mpeg4,56000,29.97,1280,720,219480,7.452
2Y-k-006Zbs,67.583336,mpeg4,176,144,51225,12.0,15,777,0,792,47585,385164,0,432749,h264,820000,29.97,480,360,219480,9.445
1Y-Y-RHCxRQ,189.956,flv,320,240,231296,29.0,97,5597,0,5694,580292,4911734,0,5492026,vp8,242000,29.97,640,480,218664,6.412
SvXQ-C6ggAQ,274.45834,mpeg4,176,144,55869,12.0,55,3238,0,3293,175032,1741714,0,1916746,vp8,109000,15.0,640,480,74072,4.176
3ODf-KYiOZw,63.667,h264,640,480,972572,15.0,33,923,0,956,1259657,6480438,0,7740095,mpeg4,5000000,29.97,1280,720,219656,11.173
3BVV-0I-JlM,33.09,h264,320,240,279173,13.0,22,434,0,456,101794,1052937,0,1154731,mpeg4,5000000,24.0,640,480,219480,5.044
0I0e-5-iR3A,906.5983,mpeg4,176,144,56108,12.0,187,10692,0,10879,597549,5760936,0,6358485,mpeg4,242000,24.0,320,240,165668,1.292
1Nc0-MKuExg,107.443,vp8,480,360,320011,30.093458,30,3190,0,3220,671936,3625932,0,4297868,vp8,5000000,12.0,480,360,216820,3.864
1ZzJ-T2FJAw,250.017,h264,320,240,153059,29.0,128,7366,0,7494,856855,3926589,0,4783444,mpeg4,5000000,25.0,320,240,218664,2.656
0Au5-4UDHco,52.68,h264,480,360,372001,25.0,53,1265,0,1318,870136,1579497,0,2449633,mpeg4,242000,24.0,1920,1080,139940,13.505
2u-5-Io725E,426.945,h264,1280,720,1064703,29.0,228,12567,0,12795,11297544,45523691,0,56821235,mpeg4,109000,15.0,480,360,219480,4.328
1lkF-VNDcss,458.625,h264,640,480,517364,29.0,245,13501,0,13746,5308581,24350943,0,29659524,vp8,242000,24.0,176,144,216820,1.952
2ApZ-KZ-pEk,157.891,h264,480,360,406908,29.0,87,4646,0,4733,1776729,6254165,0,8030894,vp8,56000,15.0,640,480,219464,5.66
3mWp-QQn-1M,167.39166,h264,1280,720,2207484,24.0,86,3931,0,4017,4369420,41819887,0,46189307,flv,109000,29.97,480,360,219656,3.952
4b7b-FY4JPI,203.198,flv,320,240,239336,29.0,104,5974,0,6078,853613,5225468,0,6079081,h264,5000000,29.97,1280,720,300752,78.929
0ICm-Cu4_aE,476.957,vp8,1280,720,1387100,30.05252,105,14200,0,14305,3487520,79210885,0,82698405,vp8,242000,24.0,640,480,165700,8.249
42hr-6A1jYc,311.1,mpeg4,176,144,56416,12.0,113,3620,0,3733,127552,2066350,0,2193902,mpeg4,3000000,12.0,1920,1080,221160,6.088
1Y-Y-RHCxRQ,189.956,flv,320,240,231296,29.0,97,5597,0,5694,580292,4911734,0,5492026,mpeg4,820000,25.0,640,480,218664,4.404
2zeL-QQa8Sk,77.233,h264,480,360,382461,30.0,53,2265,0,2318,182297,3510033,0,3692330,flv,242000,12.0,1920,1080,219480,4.016
2zeL-QQa8Sk,77.233,h264,480,360,382461,30.0,53,2265,0,2318,182297,3510033,0,3692330,flv,3000000,12.0,1920,1080,219480,4.396
46oD-rS6PC8,95.462,h264,640,480,809256,29.0,51,2811,0,2862,886496,8770159,0,9656655,flv,3000000,24.0,176,144,221160,1.652
4b7b-FY4JPI,203.198,flv,320,240,239336,29.0,104,5974,0,6078,853613,5225468,0,6079081,vp8,539000,12.0,1280,720,221160,12.657
0Au5-4UDHco,52.68,h264,480,360,372001,25.0,53,1265,0,1318,870136,1579497,0,2449633,flv,539000,29.97,1920,1080,140080,6.312
1lkF-VNDcss,458.625,h264,640,480,517364,29.0,245,13501,0,13746,5308581,24350943,0,29659524,mpeg4,539000,25.0,640,480,216820,4.064
3xUU-YRicZA,131.76,vp8,640,480,104723,25.145039,37,3257,0,3294,945865,778937,0,1724802,mpeg4,820000,29.97,176,144,221152,2.216
3dI-kJGuWbY,292.092,h264,480,360,480125,29.0,156,8599,0,8755,2375028,15155062,0,17530090,flv,5000000,12.0,320,240,219480,1.332
1lkF-VNDcss,458.625,h264,640,480,517364,29.0,245,13501,0,13746,5308581,24350943,0,29659524,h264,539000,25.0,320,240,216820,4.784
3HVJ-p8L33A,163.897,flv,320,240,267032,29.0,87,4826,0,4913,824159,4646573,0,5470732,vp8,242000,25.0,320,240,219656,3.016
2HTJjLLaFL0,379.32,h264,480,360,181960,25.0,195,9289,0,9484,3392479,5235193,0,8627672,h264,56000,12.0,1920,1080,654056,15.353
3ojsQWU7XWE,86.486,h264,640,480,356037,29.0,46,2547,0,2593,819680,3029350,0,3849030,vp8,242000,29.97,176,144,219656,2.104
3BVV-0I-JlM,33.09,h264,320,240,279173,13.0,22,434,0,456,101794,1052937,0,1154731,mpeg4,820000,15.0,480,360,219480,3.084
3xUU-YRicZA,131.76,vp8,640,480,104723,25.145039,37,3257,0,3294,945865,778937,0,1724802,mpeg4,539000,25.0,480,360,221152,3.66
1WrA-SRsgEk,384.451,h264,640,480,646432,29.0,205,11318,0,11523,2839955,28225248,0,31065203,mpeg4,56000,24.0,480,360,217544,4.204
1RGh-RmYxHY,217.518,h264,480,360,83054,29.0,112,6408,0,6520,406683,1851539,0,2258222,h264,539000,25.0,1920,1080,652972,49.423
3mWp-QQn-1M,167.39166,h264,1280,720,2207484,24.0,86,3931,0,4017,4369420,41819887,0,46189307,mpeg4,820000,15.0,1920,1080,219656,9.777
3o_2-igmsyo,440.967,h264,320,240,281642,30.0,236,12994,0,13230,2444863,13079542,0,15524405,flv,56000,29.97,1920,1080,219656,5.636
3SQY-ZB8hmI,473.0,h264,320,240,164017,25.0,198,10924,704,11826,1419320,8047423,0,9697521,mpeg4,3000000,24.0,1920,1080,220808,13.681
3mWp-QQn-1M,167.39166,h264,1280,720,2207484,24.0,86,3931,0,4017,4369420,41819887,0,46189307,mpeg4,109000,25.0,176,144,219656,3.884
0OUmDeBapbQ,316.95166,mpeg4,176,144,55396,12.0,64,3739,0,3803,111850,2082902,0,2194752,h264,56000,29.97,640,480,165700,7.468
1Nc0-MKuExg,107.443,vp8,480,360,320011,30.093458,30,3190,0,3220,671936,3625932,0,4297868,vp8,56000,29.97,640,480,216820,9.037
3ojsQWU7XWE,86.486,h264,640,480,356037,29.0,46,2547,0,2593,819680,3029350,0,3849030,flv,820000,25.0,320,240,219656,1.264
2NO0-ve7CKM,1140.349,vp8,1280,720,2394626,30.007017,328,33880,0,34208,20478926,320859863,0,341338789,flv,539000,12.0,176,144,219480,3.652
1hEL-mcI-tM,304.927,vp8,320,240,134334,25.075659,82,7541,0,7623,833754,4286526,0,5120280,h264,3000000,12.0,1920,1080,656604,70.404
1tos-YhVzA4,222.53334,h264,480,360,500449,30.0,219,6457,0,6676,2821722,11099102,0,13920824,h264,820000,29.97,176,144,217348,3.884
3Wdg-dsGihA,340.424,flv,320,240,244491,11.0,69,4012,0,4081,1168939,9234909,0,10403848,mpeg4,539000,29.97,640,480,221152,4.02
1s9d-jTKyUw,448.575,vp8,1280,720,2052426,30.002232,92,13349,0,13441,9132637,105950761,0,115083398,vp8,820000,12.0,480,360,217080,9.637
25TI-jx-cag,176.901,vp8,480,360,26968,25.113636,38,4382,0,4420,393395,202954,0,596349,vp8,3000000,29.97,320,240,218932,1.732
3dI-kJGuWbY,292.092,h264,480,360,480125,29.0,156,8599,0,8755,2375028,15155062,0,17530090,vp8,820000,25.0,320,240,219480,5.404
42hr-6A1jYc,311.1,mpeg4,176,144,56416,12.0,113,3620,0,3733,127552,2066350,0,2193902,mpeg4,539000,25.0,176,144,221160,0.74
3fmy-4uvR9U,143.03334,mpeg4,176,144,51082,12.0,31,1685,0,1716,56405,856907,0,913312,mpeg4,820000,24.0,1920,1080,219480,11.929
3-Wy-Ftbd40,69.93833,mpeg4,176,144,56717,12.0,14,825,0,839,47521,448322,0,495843,mpeg4,242000,12.0,1920,1080,221152,6.308
1Nc0-MKuExg,107.443,vp8,480,360,320011,30.093458,30,3190,0,3220,671936,3625932,0,4297868,flv,3000000,25.0,320,240,216820,1.164
1Y-Y-RHCxRQ,189.956,flv,320,240,231296,29.0,97,5597,0,5694,580292,4911734,0,5492026,flv,539000,12.0,1920,1080,218664,3.14
3ojsQWU7XWE,86.486,h264,640,480,356037,29.0,46,2547,0,2593,819680,3029350,0,3849030,flv,820000,29.97,640,480,219656,1.54
1G6F-Huj2hY,110.966995,h264,480,360,397112,30.0,59,3271,0,3330,529627,4978664,0,5508291,mpeg4,820000,15.0,320,240,216820,3.024
09oUj9EDIDo,239.14166,h264,480,360,500198,25.0,110,5868,0,5978,1406751,13545526,0,14952277,flv,5000000,15.0,176,144,115284,0.98
1WrA-SRsgEk,384.451,h264,640,480,646432,29.0,205,11318,0,11523,2839955,28225248,0,31065203,vp8,242000,24.0,176,144,217568,2.928
3xUU-YRicZA,131.76,vp8,640,480,104723,25.145039,37,3257,0,3294,945865,778937,0,1724802,vp8,242000,24.0,480,360,221152,3.676
_2al-ZI1Wss,74.535,mpeg4,176,144,55305,12.0,15,879,0,894,23996,491276,0,515272,h264,109000,29.97,640,480,219464,8.205
3-Wy-Ftbd40,69.93833,mpeg4,176,144,56717,12.0,14,825,0,839,47521,448322,0,495843,flv,5000000,24.0,176,144,221152,0.284
0Hwk-yGT-M4,714.371,vp8,1280,720,652356,29.981792,143,21264,0,21407,14532530,43720516,0,58253046,mpeg4,539000,24.0,176,144,164736,3.592
15fr-zSdCqg,39.055,h264,1920,1080,5992818,30.0,26,1144,0,1170,839251,28416939,0,29256190,vp8,5000000,12.0,1280,720,215940,28.19
1Vq6-f1kYeM,127.221664,h264,1920,1080,3080852,23.0,70,2980,0,3050,3818903,45174992,0,48993895,vp8,539000,29.97,1920,1080,217436,47.615
2zeL-QQa8Sk,77.233,h264,480,360,382461,30.0,53,2265,0,2318,182297,3510033,0,3692330,h264,539000,24.0,1920,1080,644180,60.5
04t6-jw9czg,130.35667,mpeg4,176,144,54590,12.0,27,1537,0,1564,64483,825054,0,889537,mpeg4,3000000,15.0,480,360,34052,1.828
0a6_--ZJXTE,290.01666,mpeg4,176,144,52783,12.0,61,3417,0,3478,119325,1794184,0,1913509,flv,109000,25.0,480,360,136020,0.52
3xUU-YRicZA,131.76,vp8,640,480,104723,25.145039,37,3257,0,3294,945865,778937,0,1724802,flv,242000,12.0,480,360,221152,0.972
3ODf-KYiOZw,63.667,h264,640,480,972572,15.0,33,923,0,956,1259657,6480438,0,7740095,vp8,56000,25.0,640,480,219656,8.805
28BV-NZV3C8,326.58832,h264,1920,1080,5999648,23.0,174,7656,0,7830,16603953,228322925,0,244926878,h264,820000,12.0,480,360,218932,19.589
3BVV-0I-JlM,33.09,h264,320,240,279173,13.0,22,434,0,456,101794,1052937,0,1154731,h264,539000,15.0,320,240,219480,5.312
3ojsQWU7XWE,86.486,h264,640,480,356037,29.0,46,2547,0,2593,819680,3029350,0,3849030,h264,109000,12.0,176,144,219656,1.964
3dI-kJGuWbY,292.092,h264,480,360,480125,29.0,156,8599,0,8755,2375028,15155062,0,17530090,flv,242000,12.0,640,480,219480,1.676
3o_2-igmsyo,440.967,h264,320,240,281642,30.0,236,12994,0,13230,2444863,13079542,0,15524405,vp8,820000,15.0,176,144,219656,1.284
1hEL-mcI-tM,304.927,vp8,320,240,134334,25.075659,82,7541,0,7623,833754,4286526,0,5120280,flv,56000,12.0,1280,720,216820,1.708
0QZJN4yTbbU,34.168,vp8,480,360,186895,30.029411,16,1005,0,1021,238485,559745,0,798230,h264,56000,24.0,1920,1080,635200,24.822
1WrA-SRsgEk,384.451,h264,640,480,646432,29.0,205,11318,0,11523,2839955,28225248,0,31065203,vp8,242000,15.0,176,144,217568,2.504
28BV-NZV3C8,326.58832,h264,1920,1080,5999648,23.0,174,7656,0,7830,16603953,228322925,0,244926878,flv,5000000,15.0,640,480,218932,8.625
3mWp-QQn-1M,167.39166,h264,1280,720,2207484,24.0,86,3931,0,4017,4369420,41819887,0,46189307,mpeg4,56000,25.0,640,480,219656,4.988
25TI-jx-cag,176.901,vp8,480,360,26968,25.113636,38,4382,0,4420,393395,202954,0,596349,vp8,820000,29.97,480,360,218932,2.44
0ckO-lUydcc,177.33333,mpeg4,176,144,53707,12.0,37,2091,0,2128,100969,1089548,0,1190517,flv,5000000,29.97,1920,1080,163632,3.536
3Xyf-6FdtDA,49.178333,mpeg4,176,144,54338,7.0,10,334,0,344,33046,300986,0,334032,vp8,5000000,24.0,320,240,221160,0.884
1s9d-jTKyUw,448.575,vp8,1280,720,2052426,30.002232,92,13349,0,13441,9132637,105950761,0,115083398,vp8,5000000,24.0,320,240,217080,8.373
2HTJjLLaFL0,379.32,h264,480,360,181960,25.0,195,9289,0,9484,3392479,5235193,0,8627672,h264,539000,29.97,1920,1080,651968,52.919
46oD-rS6PC8,95.462,h264,640,480,809256,29.0,51,2811,0,2862,886496,8770159,0,9656655,h264,539000,15.0,320,240,221160,6.176
3fmy-4uvR9U,143.03334,mpeg4,176,144,51082,12.0,31,1685,0,1716,56405,856907,0,913312,mpeg4,109000,24.0,176,144,219480,0.824
3Xyf-6FdtDA,49.178333,mpeg4,176,144,54338,7.0,10,334,0,344,33046,300986,0,334032,flv,820000,15.0,640,480,221160,0.488
0Axi-TRoqVA,59.883,vp8,1280,720,994960,30.38983,13,1780,0,1793,481774,6965881,0,7447655,vp8,56000,24.0,176,144,155028,3.572
1Vq6-f1kYeM,127.221664,h264,1920,1080,3080852,23.0,70,2980,0,3050,3818903,45174992,0,48993895,h264,109000,24.0,1920,1080,706148,49.495
2kFF-0kB_4w,339.667,h264,640,480,257699,30.0,181,10010,0,10191,10121223,820261,0,10941484,h264,3000000,15.0,640,480,219480,5.54
08EV-X022WI,204.938,h264,480,360,297373,16.0,111,3169,0,3280,1451634,6166260,0,7617894,vp8,820000,12.0,1920,1080,98800,19.369
0_VA-rJgmMI,750.433,vp8,1280,720,794075,13.482667,81,10031,0,10112,3852576,70635013,0,74487589,mpeg4,109000,25.0,1280,720,165700,9.061
1s9d-jTKyUw,448.575,vp8,1280,720,2052426,30.002232,92,13349,0,13441,9132637,105950761,0,115083398,h264,3000000,15.0,1920,1080,655172,102.842
3Xyf-6FdtDA,49.178333,mpeg4,176,144,54338,7.0,10,334,0,344,33046,300986,0,334032,h264,539000,15.0,1920,1080,662468,34.938
1WrA-SRsgEk,384.451,h264,640,480,646432,29.0,205,11318,0,11523,2839955,28225248,0,31065203,flv,109000,12.0,480,360,217828,1.656
09oUj9EDIDo,239.14166,h264,480,360,500198,25.0,110,5868,0,5978,1406751,13545526,0,14952277,mpeg4,56000,12.0,1920,1080,114576,7.04
0I0e-5-iR3A,906.5983,mpeg4,176,144,56108,12.0,187,10692,0,10879,597549,5760936,0,6358485,h264,820000,29.97,1920,1080,648904,69.22
22uE-OUUBH8,43.827,flv,320,240,272273,25.0,23,1081,0,1104,137210,1354404,0,1491614,vp8,539000,25.0,176,144,218932,2.748
2tzy-vqeeLY,106.765,h264,1280,720,849586,25.0,66,2603,0,2669,4427240,6911026,0,11338266,flv,242000,15.0,640,480,219480,2.72
1Vq6-f1kYeM,127.221664,h264,1920,1080,3080852,23.0,70,2980,0,3050,3818903,45174992,0,48993895,mpeg4,56000,15.0,1280,720,217348,9.469
2u-5-Io725E,426.945,h264,1280,720,1064703,29.0,228,12567,0,12795,11297544,45523691,0,56821235,mpeg4,539000,25.0,480,360,219480,4.876
3fpg-LlHcks,273.816,vp8,1920,1080,1571003,25.065933,77,6766,0,6843,6190779,47579961,0,53770740,vp8,820000,12.0,1280,720,219656,17.485
4keb-__zqyQ,452.689,vp8,320,240,66680,5.7057524,42,2537,0,2579,207037,3566163,0,3773200,mpeg4,539000,24.0,1920,1080,247844,13.261
25TI-jx-cag,176.901,vp8,480,360,26968,25.113636,38,4382,0,4420,393395,202954,0,596349,mpeg4,242000,29.97,480,360,218932,2.784
3-Wy-Ftbd40,69.93833,mpeg4,176,144,56717,12.0,14,825,0,839,47521,448322,0,495843,h264,109000,15.0,480,360,221152,3.824
3N6c-uPdNas,69.933,flv,320,240,272898,15.0,37,1013,0,1050,349781,2035796,0,2385577,flv,5000000,25.0,640,480,219656,1.124
V3To-R6mTKk,434.445,mpeg4,176,144,56858,12.0,88,5125,0,5213,292825,2794900,0,3087725,h264,3000000,12.0,1280,720,311292,34.95
3ojsQWU7XWE,86.486,h264,640,480,356037,29.0,46,2547,0,2593,819680,3029350,0,3849030,vp8,3000000,15.0,176,144,219656,1.856
3fpg-LlHcks,273.816,vp8,1920,1080,1571003,25.065933,77,6766,0,6843,6190779,47579961,0,53770740,h264,539000,12.0,176,144,219656,7.132
0Au5-4UDHco,52.68,h264,480,360,372001,25.0,53,1265,0,1318,870136,1579497,0,2449633,flv,3000000,24.0,1280,720,155028,3.952
1tos-YhVzA4,222.53334,h264,480,360,500449,30.0,219,6457,0,6676,2821722,11099102,0,13920824,mpeg4,3000000,15.0,176,144,217336,1.46
3_fF9rtYCQ0,256.20834,mpeg4,176,144,57565,12.0,56,3018,0,3074,302900,1540700,0,1843600,flv,539000,12.0,640,480,219480,0.696
1s9d-jTKyUw,448.575,vp8,1280,720,2052426,30.002232,92,13349,0,13441,9132637,105950761,0,115083398,h264,5000000,15.0,640,480,217324,33.95
1ZzJ-T2FJAw,250.017,h264,320,240,153059,29.0,128,7366,0,7494,856855,3926589,0,4783444,mpeg4,539000,29.97,1280,720,218664,10.225
1hEL-mcI-tM,304.927,vp8,320,240,134334,25.075659,82,7541,0,7623,833754,4286526,0,5120280,flv,539000,29.97,320,240,216820,0.684
0XTW-dqdT4w,216.55,h264,320,240,291150,29.0,112,6379,0,6491,1789334,6091735,0,7881069,flv,3000000,29.97,176,144,209136,0.748
1lkF-VNDcss,458.625,h264,640,480,517364,29.0,245,13501,0,13746,5308581,24350943,0,29659524,mpeg4,242000,25.0,1920,1080,216820,12.937
3YNh-PI2q64,395.44,vp8,1280,720,1611942,25.027847,80,9806,0,9886,5073258,74605061,0,79678319,mpeg4,242000,24.0,320,240,221160,3.304
3AYz-PCa1aI,391.08,h264,640,480,230847,25.0,209,9569,0,9778,9023743,2261252,0,11284995,flv,5000000,29.97,480,360,219480,1.284
3fpg-LlHcks,273.816,vp8,1920,1080,1571003,25.065933,77,6766,0,6843,6190779,47579961,0,53770740,vp8,3000000,25.0,1920,1080,219656,48.495
0Yxo-eU6AjI,326.583,vp8,640,480,1055982,25.039877,102,8061,0,8163,1868804,41239444,0,43108248,mpeg4,820000,15.0,1280,720,212596,4.904
3ojsQWU7XWE,86.486,h264,640,480,356037,29.0,46,2547,0,2593,819680,3029350,0,3849030,vp8,539000,12.0,176,144,219656,1.772
3N6c-uPdNas,69.933,flv,320,240,272898,15.0,37,1013,0,1050,349781,2035796,0,2385577,vp8,539000,15.0,480,360,219656,4.948
1Y-Y-RHCxRQ,189.956,flv,320,240,231296,29.0,97,5597,0,5694,580292,4911734,0,5492026,h264,820000,12.0,640,480,218664,10.809
0Au5-4UDHco,52.68,h264,480,360,372001,25.0,53,1265,0,1318,870136,1579497,0,2449633,flv,56000,24.0,640,480,140080,1.616
1RMD-MxzJn8,64.933,flv,320,240,236793,15.0,39,936,0,975,318954,1603007,0,1921961,mpeg4,539000,29.97,320,240,217080,2.024
04t6-jw9czg,130.35667,mpeg4,176,144,54590,12.0,27,1537,0,1564,64483,825054,0,889537,vp8,56000,12.0,480,360,36548,3.056
1hEL-mcI-tM,304.927,vp8,320,240,134334,25.075659,82,7541,0,7623,833754,4286526,0,5120280,vp8,3000000,24.0,176,144,216820,1.768
15fr-zSdCqg,39.055,h264,1920,1080,5992818,30.0,26,1144,0,1170,839251,28416939,0,29256190,h264,820000,29.97,320,240,216020,22.137
3xGu-rfcH3s,368.32,vp8,640,480,29096,25.02174,74,9134,0,9208,869558,470067,0,1339625,mpeg4,820000,12.0,480,360,221152,1.496
04t6-jw9czg,130.35667,mpeg4,176,144,54590,12.0,27,1537,0,1564,64483,825054,0,889537,h264,820000,25.0,1920,1080,629912,63.9
3HVJ-p8L33A,163.897,flv,320,240,267032,29.0,87,4826,0,4913,824159,4646573,0,5470732,mpeg4,109000,15.0,640,480,219656,2.752
0I0e-5-iR3A,906.5983,mpeg4,176,144,56108,12.0,187,10692,0,10879,597549,5760936,0,6358485,flv,539000,29.97,320,240,165668,0.424
3mWp-QQn-1M,167.39166,h264,1280,720,2207484,24.0,86,3931,0,4017,4369420,41819887,0,46189307,h264,539000,29.97,1280,720,345572,40.887
3ojsQWU7XWE,86.486,h264,640,480,356037,29.0,46,2547,0,2593,819680,3029350,0,3849030,h264,5000000,24.0,640,480,219656,11.661
4NcD-WQyXCQ,860.056,vp8,1280,720,2688309,29.968605,277,25496,0,25773,12989828,276022270,0,289012098,vp8,5000000,25.0,176,144,262784,6.744
2Y-k-006Zbs,67.583336,mpeg4,176,144,51225,12.0,15,777,0,792,47585,385164,0,432749,h264,539000,12.0,1280,720,309492,21.085
0XTW-dqdT4w,216.55,h264,320,240,291150,29.0,112,6379,0,6491,1789334,6091735,0,7881069,mpeg4,242000,25.0,1920,1080,181032,12.389
3U8m-ETsTS4,282.56,h264,640,480,559834,25.0,145,6920,0,7065,4966509,14806840,0,19773349,flv,820000,29.97,320,240,221152,1.24
mtPR-vIUMwg,37.676,vp8,480,360,325770,25.378378,9,930,0,939,168125,1366089,0,1534214,vp8,5000000,12.0,320,240,57632,5.416
2kFF-0kB_4w,339.667,h264,640,480,257699,30.0,181,10010,0,10191,10121223,820261,0,10941484,h264,3000000,24.0,1280,720,322808,23.517
vDWK-3F0rGM,673.285,mpeg4,176,144,54462,12.0,135,7944,0,8079,279756,4303866,0,4583622,mpeg4,56000,29.97,320,240,78352,1.58
1Nc0-MKuExg,107.443,vp8,480,360,320011,30.093458,30,3190,0,3220,671936,3625932,0,4297868,mpeg4,3000000,25.0,1280,720,216820,9.701
3HVJ-p8L33A,163.897,flv,320,240,267032,29.0,87,4826,0,4913,824159,4646573,0,5470732,mpeg4,820000,12.0,1280,720,219656,3.608
4keb-__zqyQ,452.689,vp8,320,240,66680,5.7057524,42,2537,0,2579,207037,3566163,0,3773200,flv,242000,12.0,1280,720,248108,1.776
2tzy-vqeeLY,106.765,h264,1280,720,849586,25.0,66,2603,0,2669,4427240,6911026,0,11338266,flv,539000,25.0,320,240,219480,2.588
0ckO-lUydcc,177.33333,mpeg4,176,144,53707,12.0,37,2091,0,2128,100969,1089548,0,1190517,flv,820000,25.0,176,144,163632,0.328
3Wdg-dsGihA,340.424,flv,320,240,244491,11.0,69,4012,0,4081,1168939,9234909,0,10403848,mpeg4,3000000,25.0,1280,720,221152,9.089
2NuI-Bp5brA,80.536,h264,480,360,690041,29.0,43,2374,0,2417,618732,6327913,0,6946645,vp8,539000,12.0,640,480,219480,9.821
4BJV-yiTcus,254.922,vp8,480,360,260667,30.062992,51,7585,0,7636,918325,7387906,0,8306231,mpeg4,109000,15.0,320,240,221160,2.38
2pet-NcSXvY,37.011665,h264,1280,720,2759449,29.0,21,1088,0,1109,1899633,10866846,0,12766479,mpeg4,109000,15.0,176,144,219480,5.236
3DRy-Stwt9c,385.052,vp8,1280,720,441862,23.979221,77,9155,0,9232,16244376,5023129,0,21267505,vp8,5000000,12.0,176,144,219480,1.784
4NcD-WQyXCQ,860.056,vp8,1280,720,2688309,29.968605,277,25496,0,25773,12989828,276022270,0,289012098,vp8,539000,24.0,480,360,262272,15.465
1Vq6-f1kYeM,127.221664,h264,1920,1080,3080852,23.0,70,2980,0,3050,3818903,45174992,0,48993895,h264,3000000,24.0,1280,720,396364,78.053
1LXH-OibJYQ,42.2,h264,480,360,288705,25.0,23,1033,0,1056,216154,1306770,0,1522924,mpeg4,56000,24.0,480,360,216820,2.772
3fpg-LlHcks,273.816,vp8,1920,1080,1571003,25.065933,77,6766,0,6843,6190779,47579961,0,53770740,vp8,539000,12.0,176,144,219656,5.768
3xUU-YRicZA,131.76,vp8,640,480,104723,25.145039,37,3257,0,3294,945865,778937,0,1724802,mpeg4,539000,15.0,1280,720,221152,3.88
1L6x-TgAldY,286.995,h264,480,360,508160,23.0,156,6726,0,6882,2285153,15944803,0,18229956,vp8,109000,25.0,1280,720,216820,19.049
3YNh-PI2q64,395.44,vp8,1280,720,1611942,25.027847,80,9806,0,9886,5073258,74605061,0,79678319,mpeg4,820000,29.97,1920,1080,221160,14.753
0ckO-lUydcc,177.33333,mpeg4,176,144,53707,12.0,37,2091,0,2128,100969,1089548,0,1190517,flv,242000,25.0,480,360,163632,0.524
46oD-rS6PC8,95.462,h264,640,480,809256,29.0,51,2811,0,2862,886496,8770159,0,9656655,h264,56000,29.97,640,480,221160,10.761
1LXH-OibJYQ,42.2,h264,480,360,288705,25.0,23,1033,0,1056,216154,1306770,0,1522924,flv,109000,12.0,320,240,216820,0.756
1G6F-Huj2hY,110.966995,h264,480,360,397112,30.0,59,3271,0,3330,529627,4978664,0,5508291,flv,5000000,15.0,320,240,216820,1.132
2NuI-Bp5brA,80.536,h264,480,360,690041,29.0,43,2374,0,2417,618732,6327913,0,6946645,mpeg4,109000,24.0,1920,1080,219480,14.669
1oz8-nezz50,225.08,h264,480,360,538452,25.0,113,5515,0,5628,1873408,13275961,0,15149369,flv,109000,15.0,1280,720,216820,2.112
3YNh-PI2q64,395.44,vp8,1280,720,1611942,25.027847,80,9806,0,9886,5073258,74605061,0,79678319,mpeg4,820000,24.0,176,144,221160,2.292
1YDt-FkeZ4E,98.683334,mpeg4,176,144,55552,12.0,20,1164,0,1184,48267,636993,0,685260,h264,109000,15.0,1280,720,310208,10.929
2u-5-Io725E,426.945,h264,1280,720,1064703,29.0,228,12567,0,12795,11297544,45523691,0,56821235,mpeg4,3000000,24.0,640,480,219480,5.248
1Vq6-f1kYeM,127.221664,h264,1920,1080,3080852,23.0,70,2980,0,3050,3818903,45174992,0,48993895,vp8,56000,12.0,1920,1080,217348,24.486
3BVV-0I-JlM,33.09,h264,320,240,279173,13.0,22,434,0,456,101794,1052937,0,1154731,flv,820000,24.0,480,360,219480,0.94
0OUmDeBapbQ,316.95166,mpeg4,176,144,55396,12.0,64,3739,0,3803,111850,2082902,0,2194752,vp8,242000,25.0,176,144,165700,1.14
3Xyf-6FdtDA,49.178333,mpeg4,176,144,54338,7.0,10,334,0,344,33046,300986,0,334032,vp8,820000,24.0,320,240,221160,0.892
3YNh-PI2q64,395.44,vp8,1280,720,1611942,25.027847,80,9806,0,9886,5073258,74605061,0,79678319,flv,3000000,24.0,1920,1080,221160,5.656
1lkF-VNDcss,458.625,h264,640,480,517364,29.0,245,13501,0,13746,5308581,24350943,0,29659524,h264,3000000,29.97,176,144,216820,2.992
4keb-__zqyQ,452.689,vp8,320,240,66680,5.7057524,42,2537,0,2579,207037,3566163,0,3773200,mpeg4,820000,25.0,176,144,247884,1.86
3dI-kJGuWbY,292.092,h264,480,360,480125,29.0,156,8599,0,8755,2375028,15155062,0,17530090,vp8,539000,15.0,320,240,219480,4.176
4b7b-FY4JPI,203.198,flv,320,240,239336,29.0,104,5974,0,6078,853613,5225468,0,6079081,vp8,5000000,24.0,1280,720,221160,30.574
2AfTeWTxhIg,645.84,vp8,320,240,95903,25.032558,138,16008,0,16146,1081321,6660941,0,7742262,vp8,539000,24.0,176,144,219196,2.024
1tos-YhVzA4,222.53334,h264,480,360,500449,30.0,219,6457,0,6676,2821722,11099102,0,13920824,h264,3000000,29.97,176,144,217348,4.128
3BVV-0I-JlM,33.09,h264,320,240,279173,13.0,22,434,0,456,101794,1052937,0,1154731,vp8,3000000,24.0,1280,720,219480,18.013
1hEL-mcI-tM,304.927,vp8,320,240,134334,25.075659,82,7541,0,7623,833754,4286526,0,5120280,mpeg4,242000,12.0,480,360,216820,2.14
0Axi-TRoqVA,59.883,vp8,1280,720,994960,30.38983,13,1780,0,1793,481774,6965881,0,7447655,mpeg4,242000,25.0,1280,720,155028,6.456
2tzy-vqeeLY,106.765,h264,1280,720,849586,25.0,66,2603,0,2669,4427240,6911026,0,11338266,flv,242000,15.0,1280,720,219480,2.94
1RGh-RmYxHY,217.518,h264,480,360,83054,29.0,112,6408,0,6520,406683,1851539,0,2258222,flv,820000,24.0,1280,720,217080,2.62
1D3O-16kzhQ,274.541,vp8,480,360,139791,30.029198,58,8170,0,8228,802625,3994697,0,4797322,vp8,820000,15.0,640,480,216820,5.98
3Xyf-6FdtDA,49.178333,mpeg4,176,144,54338,7.0,10,334,0,344,33046,300986,0,334032,h264,820000,29.97,1920,1080,663396,58.78
3DRy-Stwt9c,385.052,vp8,1280,720,441862,23.979221,77,9155,0,9232,16244376,5023129,0,21267505,vp8,3000000,24.0,640,480,219480,5.456
3fmy-4uvR9U,143.03334,mpeg4,176,144,51082,12.0,31,1685,0,1716,56405,856907,0,913312,mpeg4,109000,15.0,1920,1080,219480,7.9
2TXm-QHXCzU,270.655,vp8,640,480,652967,30.062963,89,8028,0,8117,1912240,20178890,0,22091130,flv,539000,25.0,640,480,219480,2.132
3fmy-4uvR9U,143.03334,mpeg4,176,144,51082,12.0,31,1685,0,1716,56405,856907,0,913312,mpeg4,242000,24.0,1920,1080,219480,11.105
2TXm-QHXCzU,270.655,vp8,640,480,652967,30.062963,89,8028,0,8117,1912240,20178890,0,22091130,h264,109000,29.97,640,480,219480,12.389
1L6x-TgAldY,286.995,h264,480,360,508160,23.0,156,6726,0,6882,2285153,15944803,0,18229956,mpeg4,3000000,25.0,176,144,216820,2.728
3_fF9rtYCQ0,256.20834,mpeg4,176,144,57565,12.0,56,3018,0,3074,302900,1540700,0,1843600,mpeg4,242000,25.0,320,240,219480,1.44
04t6-jw9czg,130.35667,mpeg4,176,144,54590,12.0,27,1537,0,1564,64483,825054,0,889537,h264,820000,12.0,1280,720,311248,30.034
15fr-zSdCqg,39.055,h264,1920,1080,5992818,30.0,26,1144,0,1170,839251,28416939,0,29256190,mpeg4,109000,25.0,320,240,215712,9.861
0Yxo-eU6AjI,326.583,vp8,640,480,1055982,25.039877,102,8061,0,8163,1868804,41239444,0,43108248,vp8,242000,12.0,1920,1080,212772,19.621
2tzy-vqeeLY,106.765,h264,1280,720,849586,25.0,66,2603,0,2669,4427240,6911026,0,11338266,mpeg4,820000,12.0,176,144,219480,2.772
2zeL-QQa8Sk,77.233,h264,480,360,382461,30.0,53,2265,0,2318,182297,3510033,0,3692330,mpeg4,109000,29.97,320,240,219480,3.476
4keb-__zqyQ,452.689,vp8,320,240,66680,5.7057524,42,2537,0,2579,207037,3566163,0,3773200,mpeg4,56000,29.97,176,144,246792,1.844
3Wdg-dsGihA,340.424,flv,320,240,244491,11.0,69,4012,0,4081,1168939,9234909,0,10403848,mpeg4,5000000,15.0,320,240,221152,1.408
0Au5-4UDHco,52.68,h264,480,360,372001,25.0,53,1265,0,1318,870136,1579497,0,2449633,h264,109000,15.0,176,144,155028,2.468
2AfTeWTxhIg,645.84,vp8,320,240,95903,25.032558,138,16008,0,16146,1081321,6660941,0,7742262,vp8,56000,24.0,176,144,218932,1.86
1Nc0-MKuExg,107.443,vp8,480,360,320011,30.093458,30,3190,0,3220,671936,3625932,0,4297868,h264,109000,24.0,320,240,216820,4.144
2AfTeWTxhIg,645.84,vp8,320,240,95903,25.032558,138,16008,0,16146,1081321,6660941,0,7742262,h264,539000,25.0,1280,720,319704,40.815
1a5f-GbYEaM,157.80167,h264,1280,720,2885589,25.0,72,3873,0,3945,5611970,51306874,0,56918844,h264,109000,29.97,640,480,216064,13.637
25TI-jx-cag,176.901,vp8,480,360,26968,25.113636,38,4382,0,4420,393395,202954,0,596349,h264,109000,15.0,1920,1080,593876,12.785
1oz8-nezz50,225.08,h264,480,360,538452,25.0,113,5515,0,5628,1873408,13275961,0,15149369,h264,539000,15.0,640,480,216820,14.613
1a5f-GbYEaM,157.80167,h264,1280,720,2885589,25.0,72,3873,0,3945,5611970,51306874,0,56918844,h264,3000000,25.0,480,360,216064,21.749
0QZJN4yTbbU,34.168,vp8,480,360,186895,30.029411,16,1005,0,1021,238485,559745,0,798230,flv,3000000,25.0,480,360,165700,1.008
1D3O-16kzhQ,274.541,vp8,480,360,139791,30.029198,58,8170,0,8228,802625,3994697,0,4797322,mpeg4,109000,15.0,1920,1080,216064,7.528
3xUU-YRicZA,131.76,vp8,640,480,104723,25.145039,37,3257,0,3294,945865,778937,0,1724802,mpeg4,109000,24.0,176,144,221152,2.48
2zeL-QQa8Sk,77.233,h264,480,360,382461,30.0,53,2265,0,2318,182297,3510033,0,3692330,vp8,3000000,24.0,1280,720,219480,22.441
3-Wy-Ftbd40,69.93833,mpeg4,176,144,56717,12.0,14,825,0,839,47521,448322,0,495843,vp8,820000,15.0,1280,720,221152,10.713
0XTW-dqdT4w,216.55,h264,320,240,291150,29.0,112,6379,0,6491,1789334,6091735,0,7881069,h264,242000,29.97,176,144,212340,3.18
0OUmDeBapbQ,316.95166,mpeg4,176,144,55396,12.0,64,3739,0,3803,111850,2082902,0,2194752,vp8,56000,15.0,1280,720,165700,10.381
1tos-YhVzA4,222.53334,h264,480,360,500449,30.0,219,6457,0,6676,2821722,11099102,0,13920824,h264,820000,29.97,640,480,217348,18.577
2AfTeWTxhIg,645.84,vp8,320,240,95903,25.032558,138,16008,0,16146,1081321,6660941,0,7742262,h264,820000,24.0,480,360,219200,14.041
25TI-jx-cag,176.901,vp8,480,360,26968,25.113636,38,4382,0,4420,393395,202954,0,596349,vp8,109000,29.97,176,144,218932,1.264
1RGh-RmYxHY,217.518,h264,480,360,83054,29.0,112,6408,0,6520,406683,1851539,0,2258222,mpeg4,5000000,25.0,480,360,216820,3.06
3U8m-ETsTS4,282.56,h264,640,480,559834,25.0,145,6920,0,7065,4966509,14806840,0,19773349,flv,820000,24.0,480,360,221152,1.456
1WrA-SRsgEk,384.451,h264,640,480,646432,29.0,205,11318,0,11523,2839955,28225248,0,31065203,vp8,56000,15.0,320,240,217568,3.388
3ODf-KYiOZw,63.667,h264,640,480,972572,15.0,33,923,0,956,1259657,6480438,0,7740095,flv,56000,24.0,320,240,219656,1.3
3-Wy-Ftbd40,69.93833,mpeg4,176,144,56717,12.0,14,825,0,839,47521,448322,0,495843,flv,3000000,15.0,320,240,221152,0.416
3dI-kJGuWbY,292.092,h264,480,360,480125,29.0,156,8599,0,8755,2375028,15155062,0,17530090,mpeg4,109000,12.0,320,240,219480,1.768
3dI-kJGuWbY,292.092,h264,480,360,480125,29.0,156,8599,0,8755,2375028,15155062,0,17530090,h264,109000,12.0,480,360,219480,6.096
2tzy-vqeeLY,106.765,h264,1280,720,849586,25.0,66,2603,0,2669,4427240,6911026,0,11338266,flv,539000,24.0,1920,1080,219480,6.308
2zeL-QQa8Sk,77.233,h264,480,360,382461,30.0,53,2265,0,2318,182297,3510033,0,3692330,vp8,56000,24.0,176,144,219480,2.252
1a5f-GbYEaM,157.80167,h264,1280,720,2885589,25.0,72,3873,0,3945,5611970,51306874,0,56918844,flv,109000,24.0,640,480,216056,3.896
1Y-Y-RHCxRQ,189.956,flv,320,240,231296,29.0,97,5597,0,5694,580292,4911734,0,5492026,flv,539000,15.0,320,240,218664,0.408
2zeL-QQa8Sk,77.233,h264,480,360,382461,30.0,53,2265,0,2318,182297,3510033,0,3692330,mpeg4,56000,12.0,1920,1080,219480,7.132
1lkF-VNDcss,458.625,h264,640,480,517364,29.0,245,13501,0,13746,5308581,24350943,0,29659524,mpeg4,242000,24.0,320,240,216820,2.628
1LXH-OibJYQ,42.2,h264,480,360,288705,25.0,23,1033,0,1056,216154,1306770,0,1522924,mpeg4,242000,12.0,176,144,216820,1.34
3-Wy-Ftbd40,69.93833,mpeg4,176,144,56717,12.0,14,825,0,839,47521,448322,0,495843,mpeg4,3000000,15.0,176,144,221152,0.636
2kFF-0kB_4w,339.667,h264,640,480,257699,30.0,181,10010,0,10191,10121223,820261,0,10941484,mpeg4,539000,24.0,1920,1080,219480,11.217
2pet-NcSXvY,37.011665,h264,1280,720,2759449,29.0,21,1088,0,1109,1899633,10866846,0,12766479,h264,820000,25.0,320,240,219480,12.845
1L6x-TgAldY,286.995,h264,480,360,508160,23.0,156,6726,0,6882,2285153,15944803,0,18229956,vp8,3000000,15.0,1280,720,216820,20.801
0_VA-rJgmMI,750.433,vp8,1280,720,794075,13.482667,81,10031,0,10112,3852576,70635013,0,74487589,vp8,820000,29.97,1920,1080,165700,38.39
3mWp-QQn-1M,167.39166,h264,1280,720,2207484,24.0,86,3931,0,4017,4369420,41819887,0,46189307,vp8,242000,29.97,640,480,219656,11.617
2pet-NcSXvY,37.011665,h264,1280,720,2759449,29.0,21,1088,0,1109,1899633,10866846,0,12766479,h264,109000,24.0,1920,1080,675008,48.951
2SkA-cUEaJ0,490.6,h264,480,360,300437,25.0,256,12010,0,12266,1448177,16976151,0,18424328,vp8,242000,29.97,1280,720,219480,18.845
2TXm-QHXCzU,270.655,vp8,640,480,652967,30.062963,89,8028,0,8117,1912240,20178890,0,22091130,vp8,3000000,24.0,480,360,219480,11.345
2AfTeWTxhIg,645.84,vp8,320,240,95903,25.032558,138,16008,0,16146,1081321,6660941,0,7742262,flv,109000,29.97,640,480,219200,1.236
1RGh-RmYxHY,217.518,h264,480,360,83054,29.0,112,6408,0,6520,406683,1851539,0,2258222,h264,539000,25.0,640,480,217080,14.065
22uE-OUUBH8,43.827,flv,320,240,272273,25.0,23,1081,0,1104,137210,1354404,0,1491614,vp8,109000,29.97,640,480,218932,8.465
04t6-jw9czg,130.35667,mpeg4,176,144,54590,12.0,27,1537,0,1564,64483,825054,0,889537,flv,56000,15.0,1920,1080,74904,3.192
3_fF9rtYCQ0,256.20834,mpeg4,176,144,57565,12.0,56,3018,0,3074,302900,1540700,0,1843600,mpeg4,820000,24.0,1280,720,219480,5.72
1a5f-GbYEaM,157.80167,h264,1280,720,2885589,25.0,72,3873,0,3945,5611970,51306874,0,56918844,mpeg4,5000000,15.0,1280,720,216020,6.492
4NcD-WQyXCQ,860.056,vp8,1280,720,2688309,29.968605,277,25496,0,25773,12989828,276022270,0,289012098,flv,242000,12.0,1280,720,262784,4.9
3fmy-4uvR9U,143.03334,mpeg4,176,144,51082,12.0,31,1685,0,1716,56405,856907,0,913312,h264,3000000,24.0,1280,720,303768,53.243
22uE-OUUBH8,43.827,flv,320,240,272273,25.0,23,1081,0,1104,137210,1354404,0,1491614,mpeg4,242000,25.0,320,240,218932,2.192
4b7b-FY4JPI,203.198,flv,320,240,239336,29.0,104,5974,0,6078,853613,5225468,0,6079081,flv,242000,29.97,480,360,221160,0.9
0QZJN4yTbbU,34.168,vp8,480,360,186895,30.029411,16,1005,0,1021,238485,559745,0,798230,h264,3000000,29.97,320,240,165700,6.3
3_fF9rtYCQ0,256.20834,mpeg4,176,144,57565,12.0,56,3018,0,3074,302900,1540700,0,1843600,mpeg4,56000,24.0,1280,720,219480,5.132
1a5f-GbYEaM,157.80167,h264,1280,720,2885589,25.0,72,3873,0,3945,5611970,51306874,0,56918844,flv,539000,29.97,480,360,216064,3.824
3o_2-igmsyo,440.967,h264,320,240,281642,30.0,236,12994,0,13230,2444863,13079542,0,15524405,vp8,539000,12.0,320,240,219656,1.6
3ODf-KYiOZw,63.667,h264,640,480,972572,15.0,33,923,0,956,1259657,6480438,0,7740095,vp8,3000000,24.0,320,240,219656,5.576
1D3O-16kzhQ,274.541,vp8,480,360,139791,30.029198,58,8170,0,8228,802625,3994697,0,4797322,mpeg4,820000,15.0,640,480,216064,3.696
3U8m-ETsTS4,282.56,h264,640,480,559834,25.0,145,6920,0,7065,4966509,14806840,0,19773349,mpeg4,109000,24.0,320,240,220900,2.696
1G6F-Huj2hY,110.966995,h264,480,360,397112,30.0,59,3271,0,3330,529627,4978664,0,5508291,mpeg4,5000000,25.0,176,144,216820,2.784
09oUj9EDIDo,239.14166,h264,480,360,500198,25.0,110,5868,0,5978,1406751,13545526,0,14952277,flv,539000,12.0,1920,1080,112436,4.048
3fmy-4uvR9U,143.03334,mpeg4,176,144,51082,12.0,31,1685,0,1716,56405,856907,0,913312,h264,242000,15.0,1920,1080,627108,36.406
3_fF9rtYCQ0,256.20834,mpeg4,176,144,57565,12.0,56,3018,0,3074,302900,1540700,0,1843600,vp8,3000000,25.0,480,360,219480,2.052
3dI-kJGuWbY,292.092,h264,480,360,480125,29.0,156,8599,0,8755,2375028,15155062,0,17530090,h264,3000000,29.97,640,480,219480,42.567
0a6_--ZJXTE,290.01666,mpeg4,176,144,52783,12.0,61,3417,0,3478,119325,1794184,0,1913509,h264,56000,25.0,1920,1080,630092,41.499
1LXH-OibJYQ,42.2,h264,480,360,288705,25.0,23,1033,0,1056,216154,1306770,0,1522924,vp8,242000,29.97,176,144,216820,1.576
2u-5-Io725E,426.945,h264,1280,720,1064703,29.0,228,12567,0,12795,11297544,45523691,0,56821235,vp8,5000000,15.0,480,360,219480,7.456
1Vq6-f1kYeM,127.221664,h264,1920,1080,3080852,23.0,70,2980,0,3050,3818903,45174992,0,48993895,vp8,3000000,15.0,640,480,217436,14.837
0a6_--ZJXTE,290.01666,mpeg4,176,144,52783,12.0,61,3417,0,3478,119325,1794184,0,1913509,mpeg4,5000000,15.0,320,240,129592,1.156
2TXm-QHXCzU,270.655,vp8,640,480,652967,30.062963,89,8028,0,8117,1912240,20178890,0,22091130,vp8,56000,15.0,480,360,219480,5.88
4BJV-yiTcus,254.922,vp8,480,360,260667,30.062992,51,7585,0,7636,918325,7387906,0,8306231,flv,242000,24.0,320,240,221160,1.072
1tos-YhVzA4,222.53334,h264,480,360,500449,30.0,219,6457,0,6676,2821722,11099102,0,13920824,flv,539000,25.0,640,480,217348,1.48
0Yxo-eU6AjI,326.583,vp8,640,480,1055982,25.039877,102,8061,0,8163,1868804,41239444,0,43108248,vp8,5000000,25.0,320,240,213080,4.652
22uE-OUUBH8,43.827,flv,320,240,272273,25.0,23,1081,0,1104,137210,1354404,0,1491614,flv,109000,24.0,1920,1080,218932,6.2
3mWp-QQn-1M,167.39166,h264,1280,720,2207484,24.0,86,3931,0,4017,4369420,41819887,0,46189307,flv,109000,24.0,480,360,219656,3.58
3AYz-PCa1aI,391.08,h264,640,480,230847,25.0,209,9569,0,9778,9023743,2261252,0,11284995,h264,3000000,29.97,640,480,219480,9.233
1lkF-VNDcss,458.625,h264,640,480,517364,29.0,245,13501,0,13746,5308581,24350943,0,29659524,vp8,5000000,12.0,1920,1080,216820,19.101
04t6-jw9czg,130.35667,mpeg4,176,144,54590,12.0,27,1537,0,1564,64483,825054,0,889537,vp8,242000,12.0,640,480,39088,5.588
3dI-kJGuWbY,292.092,h264,480,360,480125,29.0,156,8599,0,8755,2375028,15155062,0,17530090,vp8,242000,24.0,320,240,219480,4.892
4keb-__zqyQ,452.689,vp8,320,240,66680,5.7057524,42,2537,0,2579,207037,3566163,0,3773200,flv,242000,25.0,640,480,248108,0.976
2NuI-Bp5brA,80.536,h264,480,360,690041,29.0,43,2374,0,2417,618732,6327913,0,6946645,h264,3000000,24.0,640,480,219480,39.918
46oD-rS6PC8,95.462,h264,640,480,809256,29.0,51,2811,0,2862,886496,8770159,0,9656655,mpeg4,5000000,15.0,640,480,221160,4.108
46oD-rS6PC8,95.462,h264,640,480,809256,29.0,51,2811,0,2862,886496,8770159,0,9656655,flv,242000,29.97,1920,1080,221160,7.288
2pet-NcSXvY,37.011665,h264,1280,720,2759449,29.0,21,1088,0,1109,1899633,10866846,0,12766479,flv,539000,24.0,1280,720,219480,6.148
3fmy-4uvR9U,143.03334,mpeg4,176,144,51082,12.0,31,1685,0,1716,56405,856907,0,913312,h264,820000,29.97,640,480,219656,16.621
3BVV-0I-JlM,33.09,h264,320,240,279173,13.0,22,434,0,456,101794,1052937,0,1154731,vp8,242000,25.0,640,480,219480,6.24
3DRy-Stwt9c,385.052,vp8,1280,720,441862,23.979221,77,9155,0,9232,16244376,5023129,0,21267505,flv,3000000,12.0,320,240,219480,1.384
0a6_--ZJXTE,290.01666,mpeg4,176,144,52783,12.0,61,3417,0,3478,119325,1794184,0,1913509,flv,242000,12.0,176,144,136024,0.332
1LXH-OibJYQ,42.2,h264,480,360,288705,25.0,23,1033,0,1056,216154,1306770,0,1522924,flv,109000,12.0,176,144,216820,0.728
0_VA-rJgmMI,750.433,vp8,1280,720,794075,13.482667,81,10031,0,10112,3852576,70635013,0,74487589,h264,109000,12.0,320,240,166720,3.228
3Xyf-6FdtDA,49.178333,mpeg4,176,144,54338,7.0,10,334,0,344,33046,300986,0,334032,mpeg4,3000000,24.0,640,480,221160,2.452
4keb-__zqyQ,452.689,vp8,320,240,66680,5.7057524,42,2537,0,2579,207037,3566163,0,3773200,mpeg4,5000000,24.0,320,240,247900,2.444
1LXH-OibJYQ,42.2,h264,480,360,288705,25.0,23,1033,0,1056,216154,1306770,0,1522924,mpeg4,539000,24.0,480,360,216820,3.164
2HTJjLLaFL0,379.32,h264,480,360,181960,25.0,195,9289,0,9484,3392479,5235193,0,8627672,flv,109000,24.0,1280,720,219480,2.604
1YDt-FkeZ4E,98.683334,mpeg4,176,144,55552,12.0,20,1164,0,1184,48267,636993,0,685260,flv,5000000,29.97,320,240,218136,0.364
09oUj9EDIDo,239.14166,h264,480,360,500198,25.0,110,5868,0,5978,1406751,13545526,0,14952277,mpeg4,5000000,15.0,1280,720,98252,5.596
0XTW-dqdT4w,216.55,h264,320,240,291150,29.0,112,6379,0,6491,1789334,6091735,0,7881069,flv,242000,29.97,320,240,206048,0.768
3U8m-ETsTS4,282.56,h264,640,480,559834,25.0,145,6920,0,7065,4966509,14806840,0,19773349,mpeg4,539000,12.0,480,360,220900,2.284
3U8m-ETsTS4,282.56,h264,640,480,559834,25.0,145,6920,0,7065,4966509,14806840,0,19773349,flv,109000,29.97,1280,720,221152,2.912
1YDt-FkeZ4E,98.683334,mpeg4,176,144,55552,12.0,20,1164,0,1184,48267,636993,0,685260,h264,242000,29.97,480,360,218136,4.832
3-Wy-Ftbd40,69.93833,mpeg4,176,144,56717,12.0,14,825,0,839,47521,448322,0,495843,vp8,3000000,24.0,1920,1080,221152,22.109
22uE-OUUBH8,43.827,flv,320,240,272273,25.0,23,1081,0,1104,137210,1354404,0,1491614,flv,820000,12.0,176,144,218932,0.532
3xUU-YRicZA,131.76,vp8,640,480,104723,25.145039,37,3257,0,3294,945865,778937,0,1724802,mpeg4,3000000,12.0,1280,720,221152,3.388
1D3O-16kzhQ,274.541,vp8,480,360,139791,30.029198,58,8170,0,8228,802625,3994697,0,4797322,flv,3000000,25.0,640,480,216820,1.548
1tos-YhVzA4,222.53334,h264,480,360,500449,30.0,219,6457,0,6676,2821722,11099102,0,13920824,flv,539000,12.0,1920,1080,217348,3.72
1LXH-OibJYQ,42.2,h264,480,360,288705,25.0,23,1033,0,1056,216154,1306770,0,1522924,vp8,3000000,24.0,1280,720,216820,16.673
3N6c-uPdNas,69.933,flv,320,240,272898,15.0,37,1013,0,1050,349781,2035796,0,2385577,h264,109000,15.0,176,144,219656,1.784
22uE-OUUBH8,43.827,flv,320,240,272273,25.0,23,1081,0,1104,137210,1354404,0,1491614,mpeg4,539000,24.0,1920,1080,218932,14.441
2zeL-QQa8Sk,77.233,h264,480,360,382461,30.0,53,2265,0,2318,182297,3510033,0,3692330,vp8,820000,15.0,320,240,219480,3.088
09oUj9EDIDo,239.14166,h264,480,360,500198,25.0,110,5868,0,5978,1406751,13545526,0,14952277,flv,109000,12.0,480,360,109928,1.076
3DRy-Stwt9c,385.052,vp8,1280,720,441862,23.979221,77,9155,0,9232,16244376,5023129,0,21267505,h264,3000000,25.0,640,480,219480,10.869
46oD-rS6PC8,95.462,h264,640,480,809256,29.0,51,2811,0,2862,886496,8770159,0,9656655,vp8,5000000,24.0,320,240,221160,4.952
0QZJN4yTbbU,34.168,vp8,480,360,186895,30.029411,16,1005,0,1021,238485,559745,0,798230,mpeg4,242000,24.0,480,360,165700,2.736
1tos-YhVzA4,222.53334,h264,480,360,500449,30.0,219,6457,0,6676,2821722,11099102,0,13920824,flv,56000,29.97,1280,720,217348,3.064
2Y-k-006Zbs,67.583336,mpeg4,176,144,51225,12.0,15,777,0,792,47585,385164,0,432749,flv,820000,25.0,176,144,219480,0.288
1ZzJ-T2FJAw,250.017,h264,320,240,153059,29.0,128,7366,0,7494,856855,3926589,0,4783444,flv,242000,15.0,1280,720,218900,2.12
1D3O-16kzhQ,274.541,vp8,480,360,139791,30.029198,58,8170,0,8228,802625,3994697,0,4797322,h264,109000,15.0,480,360,216820,4.516
0ICm-Cu4_aE,476.957,vp8,1280,720,1387100,30.05252,105,14200,0,14305,3487520,79210885,0,82698405,mpeg4,109000,29.97,320,240,165668,3.848
1oz8-nezz50,225.08,h264,480,360,538452,25.0,113,5515,0,5628,1873408,13275961,0,15149369,flv,109000,24.0,320,240,216820,1.016
2NO0-ve7CKM,1140.349,vp8,1280,720,2394626,30.007017,328,33880,0,34208,20478926,320859863,0,341338789,vp8,5000000,25.0,176,144,219480,6.312
09oUj9EDIDo,239.14166,h264,480,360,500198,25.0,110,5868,0,5978,1406751,13545526,0,14952277,flv,3000000,12.0,1920,1080,114200,4.544
3fmy-4uvR9U,143.03334,mpeg4,176,144,51082,12.0,31,1685,0,1716,56405,856907,0,913312,mpeg4,109000,24.0,1920,1080,219480,12.069
2u-5-Io725E,426.945,h264,1280,720,1064703,29.0,228,12567,0,12795,11297544,45523691,0,56821235,mpeg4,5000000,25.0,176,144,219480,3.82
3N6c-uPdNas,69.933,flv,320,240,272898,15.0,37,1013,0,1050,349781,2035796,0,2385577,vp8,242000,15.0,320,240,219656,2.712
1hEL-mcI-tM,304.927,vp8,320,240,134334,25.075659,82,7541,0,7623,833754,4286526,0,5120280,flv,3000000,24.0,1280,720,216820,2.944
1Nc0-MKuExg,107.443,vp8,480,360,320011,30.093458,30,3190,0,3220,671936,3625932,0,4297868,h264,3000000,25.0,176,144,216820,4.256
1RMD-MxzJn8,64.933,flv,320,240,236793,15.0,39,936,0,975,318954,1603007,0,1921961,flv,109000,29.97,480,360,217080,0.548
2TXm-QHXCzU,270.655,vp8,640,480,652967,30.062963,89,8028,0,8117,1912240,20178890,0,22091130,vp8,56000,15.0,1920,1080,219480,27.87
2ApZ-KZ-pEk,157.891,h264,480,360,406908,29.0,87,4646,0,4733,1776729,6254165,0,8030894,vp8,109000,25.0,1280,720,219464,16.965
3N6c-uPdNas,69.933,flv,320,240,272898,15.0,37,1013,0,1050,349781,2035796,0,2385577,h264,56000,24.0,1920,1080,609932,35.318
0_VA-rJgmMI,750.433,vp8,1280,720,794075,13.482667,81,10031,0,10112,3852576,70635013,0,74487589,h264,109000,15.0,176,144,167052,2.424
4keb-__zqyQ,452.689,vp8,320,240,66680,5.7057524,42,2537,0,2579,207037,3566163,0,3773200,flv,820000,15.0,640,480,249060,1.108
2TXm-QHXCzU,270.655,vp8,640,480,652967,30.062963,89,8028,0,8117,1912240,20178890,0,22091130,vp8,56000,25.0,1920,1080,219480,39.738
1YDt-FkeZ4E,98.683334,mpeg4,176,144,55552,12.0,20,1164,0,1184,48267,636993,0,685260,h264,5000000,12.0,1280,720,312556,18.133
42hr-6A1jYc,311.1,mpeg4,176,144,56416,12.0,113,3620,0,3733,127552,2066350,0,2193902,h264,539000,24.0,320,240,221160,3.3
3AYz-PCa1aI,391.08,h264,640,480,230847,25.0,209,9569,0,9778,9023743,2261252,0,11284995,h264,56000,25.0,1920,1080,648944,23.001
3AYz-PCa1aI,391.08,h264,640,480,230847,25.0,209,9569,0,9778,9023743,2261252,0,11284995,vp8,242000,24.0,176,144,219480,1.556
0Hwk-yGT-M4,714.371,vp8,1280,720,652356,29.981792,143,21264,0,21407,14532530,43720516,0,58253046,mpeg4,539000,15.0,320,240,164736,3.848
2tzy-vqeeLY,106.765,h264,1280,720,849586,25.0,66,2603,0,2669,4427240,6911026,0,11338266,flv,56000,24.0,480,360,219480,2.808
3fmy-4uvR9U,143.03334,mpeg4,176,144,51082,12.0,31,1685,0,1716,56405,856907,0,913312,h264,5000000,12.0,1920,1080,629664,100.374
3-Wy-Ftbd40,69.93833,mpeg4,176,144,56717,12.0,14,825,0,839,47521,448322,0,495843,mpeg4,539000,29.97,320,240,221152,1.536
3Wdg-dsGihA,340.424,flv,320,240,244491,11.0,69,4012,0,4081,1168939,9234909,0,10403848,mpeg4,3000000,24.0,640,480,221152,3.972
0I0e-5-iR3A,906.5983,mpeg4,176,144,56108,12.0,187,10692,0,10879,597549,5760936,0,6358485,h264,3000000,25.0,320,240,165668,5.508
2NuI-Bp5brA,80.536,h264,480,360,690041,29.0,43,2374,0,2417,618732,6327913,0,6946645,mpeg4,109000,29.97,176,144,219480,2.64
3DRy-Stwt9c,385.052,vp8,1280,720,441862,23.979221,77,9155,0,9232,16244376,5023129,0,21267505,mpeg4,539000,15.0,480,360,219480,2.632
1YDt-FkeZ4E,98.683334,mpeg4,176,144,55552,12.0,20,1164,0,1184,48267,636993,0,685260,flv,820000,25.0,640,480,218136,0.596
1KXW-XA6QkQ,255.28,flv,320,240,250276,25.0,110,6272,0,6382,611474,7374864,0,7986338,mpeg4,56000,24.0,480,360,216820,2.8
1oz8-nezz50,225.08,h264,480,360,538452,25.0,113,5515,0,5628,1873408,13275961,0,15149369,h264,5000000,29.97,320,240,216820,10.357
1KXW-XA6QkQ,255.28,flv,320,240,250276,25.0,110,6272,0,6382,611474,7374864,0,7986338,h264,56000,25.0,320,240,216820,3.292
3o_2-igmsyo,440.967,h264,320,240,281642,30.0,236,12994,0,13230,2444863,13079542,0,15524405,vp8,56000,29.97,480,360,219656,4.312
15fr-zSdCqg,39.055,h264,1920,1080,5992818,30.0,26,1144,0,1170,839251,28416939,0,29256190,h264,5000000,15.0,1280,720,378568,89.686
1G6F-Huj2hY,110.966995,h264,480,360,397112,30.0,59,3271,0,3330,529627,4978664,0,5508291,flv,539000,15.0,640,480,216820,1.496
0ICm-Cu4_aE,476.957,vp8,1280,720,1387100,30.05252,105,14200,0,14305,3487520,79210885,0,82698405,mpeg4,3000000,15.0,480,360,165696,3.868
0ckO-lUydcc,177.33333,mpeg4,176,144,53707,12.0,37,2091,0,2128,100969,1089548,0,1190517,h264,3000000,25.0,1920,1080,634080,91.766
1LXH-OibJYQ,42.2,h264,480,360,288705,25.0,23,1033,0,1056,216154,1306770,0,1522924,h264,820000,12.0,480,360,216820,5.332
_2al-ZI1Wss,74.535,mpeg4,176,144,55305,12.0,15,879,0,894,23996,491276,0,515272,flv,109000,25.0,640,480,219464,0.592
3Xyf-6FdtDA,49.178333,mpeg4,176,144,54338,7.0,10,334,0,344,33046,300986,0,334032,vp8,539000,15.0,640,480,221160,2.016
2u-5-Io725E,426.945,h264,1280,720,1064703,29.0,228,12567,0,12795,11297544,45523691,0,56821235,h264,56000,24.0,1920,1080,677188,35.386
2u-5-Io725E,426.945,h264,1280,720,1064703,29.0,228,12567,0,12795,11297544,45523691,0,56821235,mpeg4,56000,24.0,320,240,219480,4.048
1G6F-Huj2hY,110.966995,h264,480,360,397112,30.0,59,3271,0,3330,529627,4978664,0,5508291,mpeg4,109000,24.0,640,480,216820,4.852
1ZzJ-T2FJAw,250.017,h264,320,240,153059,29.0,128,7366,0,7494,856855,3926589,0,4783444,mpeg4,109000,24.0,1920,1080,218664,12.229
4b7b-FY4JPI,203.198,flv,320,240,239336,29.0,104,5974,0,6078,853613,5225468,0,6079081,mpeg4,242000,12.0,640,480,221160,2.316
04t6-jw9czg,130.35667,mpeg4,176,144,54590,12.0,27,1537,0,1564,64483,825054,0,889537,flv,242000,12.0,320,240,51968,0.432
_2al-ZI1Wss,74.535,mpeg4,176,144,55305,12.0,15,879,0,894,23996,491276,0,515272,vp8,820000,24.0,176,144,219200,0.984
236x-T7D-8g,581.233,h264,480,360,295979,30.0,310,17128,0,17438,10151572,11352574,0,21504146,flv,242000,29.97,1920,1080,218932,6.44
0ICm-Cu4_aE,476.957,vp8,1280,720,1387100,30.05252,105,14200,0,14305,3487520,79210885,0,82698405,vp8,242000,12.0,1280,720,165700,10.565
3ojsQWU7XWE,86.486,h264,640,480,356037,29.0,46,2547,0,2593,819680,3029350,0,3849030,flv,539000,25.0,480,360,219656,1.532
2pet-NcSXvY,37.011665,h264,1280,720,2759449,29.0,21,1088,0,1109,1899633,10866846,0,12766479,vp8,5000000,15.0,1280,720,219480,33.818
4BJV-yiTcus,254.922,vp8,480,360,260667,30.062992,51,7585,0,7636,918325,7387906,0,8306231,vp8,56000,12.0,480,360,221160,3.04
3xUU-YRicZA,131.76,vp8,640,480,104723,25.145039,37,3257,0,3294,945865,778937,0,1724802,mpeg4,56000,29.97,480,360,221152,3.596
0Au5-4UDHco,52.68,h264,480,360,372001,25.0,53,1265,0,1318,870136,1579497,0,2449633,h264,3000000,24.0,1920,1080,646668,140.073
0a6_--ZJXTE,290.01666,mpeg4,176,144,52783,12.0,61,3417,0,3478,119325,1794184,0,1913509,flv,539000,12.0,320,240,136048,0.472
1LXH-OibJYQ,42.2,h264,480,360,288705,25.0,23,1033,0,1056,216154,1306770,0,1522924,h264,56000,15.0,320,240,216820,2.192
0ICm-Cu4_aE,476.957,vp8,1280,720,1387100,30.05252,105,14200,0,14305,3487520,79210885,0,82698405,mpeg4,5000000,29.97,640,480,165696,5.804
4Fob-eSnrb8,1768.9417,mpeg4,176,144,56152,12.0,354,20873,0,21227,1382103,11034284,0,12416387,mpeg4,3000000,29.97,320,240,221160,1.72
2NuI-Bp5brA,80.536,h264,480,360,690041,29.0,43,2374,0,2417,618732,6327913,0,6946645,h264,3000000,29.97,1920,1080,666852,169.143
0Au5-4UDHco,52.68,h264,480,360,372001,25.0,53,1265,0,1318,870136,1579497,0,2449633,flv,820000,29.97,1280,720,155028,3.24
1YDt-FkeZ4E,98.683334,mpeg4,176,144,55552,12.0,20,1164,0,1184,48267,636993,0,685260,mpeg4,56000,15.0,1920,1080,217852,8.089
46oD-rS6PC8,95.462,h264,640,480,809256,29.0,51,2811,0,2862,886496,8770159,0,9656655,vp8,109000,25.0,320,240,221160,4.68
3SQY-ZB8hmI,473.0,h264,320,240,164017,25.0,198,10924,704,11826,1419320,8047423,0,9697521,vp8,5000000,12.0,1280,720,220900,14.129
1Nc0-MKuExg,107.443,vp8,480,360,320011,30.093458,30,3190,0,3220,671936,3625932,0,4297868,mpeg4,242000,24.0,1920,1080,216820,12.425
42hr-6A1jYc,311.1,mpeg4,176,144,56416,12.0,113,3620,0,3733,127552,2066350,0,2193902,flv,5000000,12.0,480,360,221160,0.452
0QZJN4yTbbU,34.168,vp8,480,360,186895,30.029411,16,1005,0,1021,238485,559745,0,798230,mpeg4,539000,29.97,176,144,165700,2.432
0Hwk-yGT-M4,714.371,vp8,1280,720,652356,29.981792,143,21264,0,21407,14532530,43720516,0,58253046,flv,3000000,25.0,176,144,165564,2.884
2tzy-vqeeLY,106.765,h264,1280,720,849586,25.0,66,2603,0,2669,4427240,6911026,0,11338266,vp8,3000000,24.0,320,240,219480,4.304
0I0e-5-iR3A,906.5983,mpeg4,176,144,56108,12.0,187,10692,0,10879,597549,5760936,0,6358485,flv,56000,29.97,640,480,165668,0.628
3YNh-PI2q64,395.44,vp8,1280,720,1611942,25.027847,80,9806,0,9886,5073258,74605061,0,79678319,h264,3000000,12.0,480,360,221160,6.216
3ojsQWU7XWE,86.486,h264,640,480,356037,29.0,46,2547,0,2593,819680,3029350,0,3849030,vp8,242000,15.0,176,144,219656,1.824
1L6x-TgAldY,286.995,h264,480,360,508160,23.0,156,6726,0,6882,2285153,15944803,0,18229956,mpeg4,56000,25.0,1280,720,216820,10.169
1KXW-XA6QkQ,255.28,flv,320,240,250276,25.0,110,6272,0,6382,611474,7374864,0,7986338,flv,109000,25.0,640,480,216820,1.056
3ODf-KYiOZw,63.667,h264,640,480,972572,15.0,33,923,0,956,1259657,6480438,0,7740095,h264,5000000,25.0,1280,720,327144,73.801
2kFF-0kB_4w,339.667,h264,640,480,257699,30.0,181,10010,0,10191,10121223,820261,0,10941484,vp8,5000000,29.97,640,480,219480,5.08
0XTW-dqdT4w,216.55,h264,320,240,291150,29.0,112,6379,0,6491,1789334,6091735,0,7881069,h264,242000,24.0,640,480,212336,9.169
0OUmDeBapbQ,316.95166,mpeg4,176,144,55396,12.0,64,3739,0,3803,111850,2082902,0,2194752,h264,3000000,29.97,640,480,165700,18.857
1hEL-mcI-tM,304.927,vp8,320,240,134334,25.075659,82,7541,0,7623,833754,4286526,0,5120280,flv,539000,29.97,640,480,216820,1.228
0I0e-5-iR3A,906.5983,mpeg4,176,144,56108,12.0,187,10692,0,10879,597549,5760936,0,6358485,vp8,242000,12.0,1280,720,165668,10.233
1LXH-OibJYQ,42.2,h264,480,360,288705,25.0,23,1033,0,1056,216154,1306770,0,1522924,vp8,56000,15.0,480,360,216820,2.984
0QZJN4yTbbU,34.168,vp8,480,360,186895,30.029411,16,1005,0,1021,238485,559745,0,798230,flv,109000,15.0,176,144,165700,0.804
08EV-X022WI,204.938,h264,480,360,297373,16.0,111,3169,0,3280,1451634,6166260,0,7617894,vp8,3000000,25.0,640,480,83860,5.132
0Yxo-eU6AjI,326.583,vp8,640,480,1055982,25.039877,102,8061,0,8163,1868804,41239444,0,43108248,flv,242000,29.97,320,240,213264,1.264
3YNh-PI2q64,395.44,vp8,1280,720,1611942,25.027847,80,9806,0,9886,5073258,74605061,0,79678319,flv,820000,24.0,320,240,221160,1.644
3_fF9rtYCQ0,256.20834,mpeg4,176,144,57565,12.0,56,3018,0,3074,302900,1540700,0,1843600,h264,820000,12.0,176,144,219480,1.204
2pet-NcSXvY,37.011665,h264,1280,720,2759449,29.0,21,1088,0,1109,1899633,10866846,0,12766479,vp8,242000,24.0,640,480,219480,16.873
1s9d-jTKyUw,448.575,vp8,1280,720,2052426,30.002232,92,13349,0,13441,9132637,105950761,0,115083398,flv,109000,15.0,1920,1080,217080,7.244
1oz8-nezz50,225.08,h264,480,360,538452,25.0,113,5515,0,5628,1873408,13275961,0,15149369,vp8,109000,24.0,1920,1080,216820,26.058
3HVJ-p8L33A,163.897,flv,320,240,267032,29.0,87,4826,0,4913,824159,4646573,0,5470732,h264,820000,24.0,1280,720,305304,37.51
1G6F-Huj2hY,110.966995,h264,480,360,397112,30.0,59,3271,0,3330,529627,4978664,0,5508291,h264,539000,24.0,480,360,216820,14.385
15fr-zSdCqg,39.055,h264,1920,1080,5992818,30.0,26,1144,0,1170,839251,28416939,0,29256190,flv,5000000,12.0,480,360,216020,9.685
0QZJN4yTbbU,34.168,vp8,480,360,186895,30.029411,16,1005,0,1021,238485,559745,0,798230,h264,820000,29.97,480,360,165700,8.265
0a6_--ZJXTE,290.01666,mpeg4,176,144,52783,12.0,61,3417,0,3478,119325,1794184,0,1913509,h264,109000,15.0,176,144,138180,1.56
2kFF-0kB_4w,339.667,h264,640,480,257699,30.0,181,10010,0,10191,10121223,820261,0,10941484,mpeg4,5000000,15.0,1920,1080,219480,7.476
3fmy-4uvR9U,143.03334,mpeg4,176,144,51082,12.0,31,1685,0,1716,56405,856907,0,913312,mpeg4,56000,12.0,640,480,219480,1.832
1RGh-RmYxHY,217.518,h264,480,360,83054,29.0,112,6408,0,6520,406683,1851539,0,2258222,h264,109000,25.0,480,360,217080,5.816
BdjaOIJCA0w,648.715,h264,640,480,480584,29.0,336,19107,0,19443,6313385,32656910,0,38970295,flv,539000,25.0,320,240,34868,1.568
_2al-ZI1Wss,74.535,mpeg4,176,144,55305,12.0,15,879,0,894,23996,491276,0,515272,mpeg4,820000,29.97,320,240,219200,1.616
3_fF9rtYCQ0,256.20834,mpeg4,176,144,57565,12.0,56,3018,0,3074,302900,1540700,0,1843600,flv,5000000,12.0,1280,720,219480,1.532
1Vq6-f1kYeM,127.221664,h264,1920,1080,3080852,23.0,70,2980,0,3050,3818903,45174992,0,48993895,flv,242000,15.0,176,144,217544,7.664
3xGu-rfcH3s,368.32,vp8,640,480,29096,25.02174,74,9134,0,9208,869558,470067,0,1339625,vp8,56000,29.97,480,360,221152,3.412
42hr-6A1jYc,311.1,mpeg4,176,144,56416,12.0,113,3620,0,3733,127552,2066350,0,2193902,flv,820000,12.0,640,480,221160,0.596
3HVJ-p8L33A,163.897,flv,320,240,267032,29.0,87,4826,0,4913,824159,4646573,0,5470732,mpeg4,539000,24.0,1280,720,219656,7.176
0QZJN4yTbbU,34.168,vp8,480,360,186895,30.029411,16,1005,0,1021,238485,559745,0,798230,flv,820000,25.0,1920,1080,165700,5.244
3ODf-KYiOZw,63.667,h264,640,480,972572,15.0,33,923,0,956,1259657,6480438,0,7740095,vp8,820000,12.0,1280,720,219656,21.673
1s9d-jTKyUw,448.575,vp8,1280,720,2052426,30.002232,92,13349,0,13441,9132637,105950761,0,115083398,flv,56000,29.97,1920,1080,217080,9.741
2NuI-Bp5brA,80.536,h264,480,360,690041,29.0,43,2374,0,2417,618732,6327913,0,6946645,h264,5000000,12.0,480,360,219480,18.797
3mWp-QQn-1M,167.39166,h264,1280,720,2207484,24.0,86,3931,0,4017,4369420,41819887,0,46189307,mpeg4,820000,15.0,480,360,219656,4.508
4BJV-yiTcus,254.922,vp8,480,360,260667,30.062992,51,7585,0,7636,918325,7387906,0,8306231,flv,5000000,12.0,1920,1080,221160,4.936
1ZzJ-T2FJAw,250.017,h264,320,240,153059,29.0,128,7366,0,7494,856855,3926589,0,4783444,flv,3000000,29.97,176,144,218900,0.72
3BVV-0I-JlM,33.09,h264,320,240,279173,13.0,22,434,0,456,101794,1052937,0,1154731,h264,5000000,24.0,1280,720,313532,58.5
2SkA-cUEaJ0,490.6,h264,480,360,300437,25.0,256,12010,0,12266,1448177,16976151,0,18424328,h264,539000,24.0,640,480,219480,14.905
0_VA-rJgmMI,750.433,vp8,1280,720,794075,13.482667,81,10031,0,10112,3852576,70635013,0,74487589,mpeg4,56000,12.0,1920,1080,165700,7.052
3xUU-YRicZA,131.76,vp8,640,480,104723,25.145039,37,3257,0,3294,945865,778937,0,1724802,flv,5000000,25.0,1280,720,221152,2.624
4b7b-FY4JPI,203.198,flv,320,240,239336,29.0,104,5974,0,6078,853613,5225468,0,6079081,vp8,56000,12.0,1280,720,221160,10.265
3ojsQWU7XWE,86.486,h264,640,480,356037,29.0,46,2547,0,2593,819680,3029350,0,3849030,flv,3000000,29.97,1280,720,219656,3.644
22uE-OUUBH8,43.827,flv,320,240,272273,25.0,23,1081,0,1104,137210,1354404,0,1491614,h264,242000,12.0,1920,1080,606480,39.07
3YNh-PI2q64,395.44,vp8,1280,720,1611942,25.027847,80,9806,0,9886,5073258,74605061,0,79678319,h264,109000,24.0,320,240,221160,3.828
09oUj9EDIDo,239.14166,h264,480,360,500198,25.0,110,5868,0,5978,1406751,13545526,0,14952277,mpeg4,3000000,29.97,480,360,97592,3.472
Z5u-9PUbFig,95.89833,h264,1280,720,2996023,30.0,51,2823,0,2874,6250765,29663433,0,35914198,flv,5000000,12.0,480,360,86436,8.077
4keb-__zqyQ,452.689,vp8,320,240,66680,5.7057524,42,2537,0,2579,207037,3566163,0,3773200,vp8,3000000,24.0,1920,1080,248092,38.258
2SkA-cUEaJ0,490.6,h264,480,360,300437,25.0,256,12010,0,12266,1448177,16976151,0,18424328,vp8,820000,15.0,640,480,219480,7.18
3SQY-ZB8hmI,473.0,h264,320,240,164017,25.0,198,10924,704,11826,1419320,8047423,0,9697521,mpeg4,820000,12.0,480,360,220808,2.744
2TXm-QHXCzU,270.655,vp8,640,480,652967,30.062963,89,8028,0,8117,1912240,20178890,0,22091130,flv,820000,29.97,1920,1080,219480,7.94
04t6-jw9czg,130.35667,mpeg4,176,144,54590,12.0,27,1537,0,1564,64483,825054,0,889537,h264,242000,15.0,176,144,65832,1.716
4BJV-yiTcus,254.922,vp8,480,360,260667,30.062992,51,7585,0,7636,918325,7387906,0,8306231,flv,539000,15.0,320,240,221160,1.088
3xGu-rfcH3s,368.32,vp8,640,480,29096,25.02174,74,9134,0,9208,869558,470067,0,1339625,vp8,56000,25.0,320,240,221152,2.056
0ckO-lUydcc,177.33333,mpeg4,176,144,53707,12.0,37,2091,0,2128,100969,1089548,0,1190517,mpeg4,109000,24.0,320,240,163000,1.376
236x-T7D-8g,581.233,h264,480,360,295979,30.0,310,17128,0,17438,10151572,11352574,0,21504146,h264,820000,25.0,1920,1080,649412,70.168
0XTW-dqdT4w,216.55,h264,320,240,291150,29.0,112,6379,0,6491,1789334,6091735,0,7881069,mpeg4,820000,12.0,480,360,182920,2.716
2tzy-vqeeLY,106.765,h264,1280,720,849586,25.0,66,2603,0,2669,4427240,6911026,0,11338266,flv,242000,29.97,640,480,219480,2.972
08EV-X022WI,204.938,h264,480,360,297373,16.0,111,3169,0,3280,1451634,6166260,0,7617894,vp8,539000,25.0,1280,720,83384,11.873
1ZzJ-T2FJAw,250.017,h264,320,240,153059,29.0,128,7366,0,7494,856855,3926589,0,4783444,vp8,820000,25.0,320,240,218664,3.108
236x-T7D-8g,581.233,h264,480,360,295979,30.0,310,17128,0,17438,10151572,11352574,0,21504146,h264,820000,15.0,640,480,218932,13.649
1WrA-SRsgEk,384.451,h264,640,480,646432,29.0,205,11318,0,11523,2839955,28225248,0,31065203,flv,242000,12.0,480,360,217828,1.76
08EV-X022WI,204.938,h264,480,360,297373,16.0,111,3169,0,3280,1451634,6166260,0,7617894,mpeg4,56000,25.0,1280,720,77564,8.429
3fmy-4uvR9U,143.03334,mpeg4,176,144,51082,12.0,31,1685,0,1716,56405,856907,0,913312,h264,820000,29.97,480,360,219656,10.625
0Au5-4UDHco,52.68,h264,480,360,372001,25.0,53,1265,0,1318,870136,1579497,0,2449633,mpeg4,820000,25.0,1280,720,140080,10.157
3SQY-ZB8hmI,473.0,h264,320,240,164017,25.0,198,10924,704,11826,1419320,8047423,0,9697521,mpeg4,56000,29.97,480,360,219656,3.712
2pet-NcSXvY,37.011665,h264,1280,720,2759449,29.0,21,1088,0,1109,1899633,10866846,0,12766479,mpeg4,539000,15.0,1920,1080,219480,11.273
1G6F-Huj2hY,110.966995,h264,480,360,397112,30.0,59,3271,0,3330,529627,4978664,0,5508291,flv,3000000,12.0,1920,1080,216820,4.444
1lkF-VNDcss,458.625,h264,640,480,517364,29.0,245,13501,0,13746,5308581,24350943,0,29659524,mpeg4,3000000,25.0,1280,720,216820,8.053
3_fF9rtYCQ0,256.20834,mpeg4,176,144,57565,12.0,56,3018,0,3074,302900,1540700,0,1843600,vp8,242000,29.97,1920,1080,219480,16.341
1G6F-Huj2hY,110.966995,h264,480,360,397112,30.0,59,3271,0,3330,529627,4978664,0,5508291,vp8,5000000,25.0,1280,720,216820,29.938
3xGu-rfcH3s,368.32,vp8,640,480,29096,25.02174,74,9134,0,9208,869558,470067,0,1339625,flv,109000,29.97,480,360,221152,1.072
2pet-NcSXvY,37.011665,h264,1280,720,2759449,29.0,21,1088,0,1109,1899633,10866846,0,12766479,flv,56000,29.97,640,480,219480,5.396
3Xyf-6FdtDA,49.178333,mpeg4,176,144,54338,7.0,10,334,0,344,33046,300986,0,334032,flv,5000000,12.0,320,240,221160,0.324
0Yxo-eU6AjI,326.583,vp8,640,480,1055982,25.039877,102,8061,0,8163,1868804,41239444,0,43108248,mpeg4,820000,15.0,320,240,212596,1.9
2ApZ-KZ-pEk,157.891,h264,480,360,406908,29.0,87,4646,0,4733,1776729,6254165,0,8030894,vp8,56000,12.0,1920,1080,219464,15.641
3dI-kJGuWbY,292.092,h264,480,360,480125,29.0,156,8599,0,8755,2375028,15155062,0,17530090,flv,820000,25.0,1920,1080,219480,6.996
1ZzJ-T2FJAw,250.017,h264,320,240,153059,29.0,128,7366,0,7494,856855,3926589,0,4783444,h264,539000,12.0,176,144,218900,2.348
2HTJjLLaFL0,379.32,h264,480,360,181960,25.0,195,9289,0,9484,3392479,5235193,0,8627672,mpeg4,3000000,15.0,480,360,219464,2.452
_2al-ZI1Wss,74.535,mpeg4,176,144,55305,12.0,15,879,0,894,23996,491276,0,515272,flv,3000000,25.0,640,480,219464,0.748
3U8m-ETsTS4,282.56,h264,640,480,559834,25.0,145,6920,0,7065,4966509,14806840,0,19773349,flv,539000,24.0,1920,1080,221152,5.176
1WrA-SRsgEk,384.451,h264,640,480,646432,29.0,205,11318,0,11523,2839955,28225248,0,31065203,h264,242000,24.0,320,240,217828,5.868
2kFF-0kB_4w,339.667,h264,640,480,257699,30.0,181,10010,0,10191,10121223,820261,0,10941484,mpeg4,56000,12.0,176,144,219480,1.528
3SQY-ZB8hmI,473.0,h264,320,240,164017,25.0,198,10924,704,11826,1419320,8047423,0,9697521,vp8,5000000,29.97,640,480,220900,9.673
08EV-X022WI,204.938,h264,480,360,297373,16.0,111,3169,0,3280,1451634,6166260,0,7617894,flv,56000,29.97,320,240,86092,0.72
3fmy-4uvR9U,143.03334,mpeg4,176,144,51082,12.0,31,1685,0,1716,56405,856907,0,913312,flv,109000,15.0,1280,720,219480,1.516
2u-5-Io725E,426.945,h264,1280,720,1064703,29.0,228,12567,0,12795,11297544,45523691,0,56821235,h264,109000,24.0,320,240,219480,6.776
46oD-rS6PC8,95.462,h264,640,480,809256,29.0,51,2811,0,2862,886496,8770159,0,9656655,h264,56000,25.0,480,360,221160,7.592
3xGu-rfcH3s,368.32,vp8,640,480,29096,25.02174,74,9134,0,9208,869558,470067,0,1339625,h264,539000,12.0,176,144,221152,0.964
1RGh-RmYxHY,217.518,h264,480,360,83054,29.0,112,6408,0,6520,406683,1851539,0,2258222,flv,242000,29.97,480,360,217080,0.948
3Xyf-6FdtDA,49.178333,mpeg4,176,144,54338,7.0,10,334,0,344,33046,300986,0,334032,vp8,820000,24.0,640,480,221160,1.944
3_fF9rtYCQ0,256.20834,mpeg4,176,144,57565,12.0,56,3018,0,3074,302900,1540700,0,1843600,mpeg4,3000000,15.0,176,144,219480,0.672
0I0e-5-iR3A,906.5983,mpeg4,176,144,56108,12.0,187,10692,0,10879,597549,5760936,0,6358485,flv,56000,25.0,640,480,165668,0.632
0OUmDeBapbQ,316.95166,mpeg4,176,144,55396,12.0,64,3739,0,3803,111850,2082902,0,2194752,mpeg4,5000000,12.0,320,240,165700,0.808
1hEL-mcI-tM,304.927,vp8,320,240,134334,25.075659,82,7541,0,7623,833754,4286526,0,5120280,vp8,3000000,25.0,1280,720,216820,21.261
1RMD-MxzJn8,64.933,flv,320,240,236793,15.0,39,936,0,975,318954,1603007,0,1921961,flv,3000000,24.0,176,144,217080,0.372
0XTW-dqdT4w,216.55,h264,320,240,291150,29.0,112,6379,0,6491,1789334,6091735,0,7881069,vp8,5000000,12.0,640,480,199392,4.92
04t6-jw9czg,130.35667,mpeg4,176,144,54590,12.0,27,1537,0,1564,64483,825054,0,889537,h264,109000,29.97,1920,1080,632656,41.419
3dI-kJGuWbY,292.092,h264,480,360,480125,29.0,156,8599,0,8755,2375028,15155062,0,17530090,vp8,3000000,25.0,480,360,219480,9.737
4keb-__zqyQ,452.689,vp8,320,240,66680,5.7057524,42,2537,0,2579,207037,3566163,0,3773200,vp8,820000,15.0,640,480,248092,8.249
1ZzJ-T2FJAw,250.017,h264,320,240,153059,29.0,128,7366,0,7494,856855,3926589,0,4783444,vp8,539000,15.0,1280,720,218664,11.993
09oUj9EDIDo,239.14166,h264,480,360,500198,25.0,110,5868,0,5978,1406751,13545526,0,14952277,h264,56000,29.97,1280,720,335108,18.433
0Axi-TRoqVA,59.883,vp8,1280,720,994960,30.38983,13,1780,0,1793,481774,6965881,0,7447655,flv,5000000,12.0,176,144,161976,2.948
3xGu-rfcH3s,368.32,vp8,640,480,29096,25.02174,74,9134,0,9208,869558,470067,0,1339625,vp8,539000,12.0,1280,720,221152,5.996
1Nc0-MKuExg,107.443,vp8,480,360,320011,30.093458,30,3190,0,3220,671936,3625932,0,4297868,mpeg4,242000,15.0,1280,720,216820,4.224
3ODf-KYiOZw,63.667,h264,640,480,972572,15.0,33,923,0,956,1259657,6480438,0,7740095,h264,109000,25.0,176,144,219656,3.108
MykK-N4uNgU,430.63666,h264,480,360,472531,29.0,216,12690,0,12906,3321461,22114718,0,25436179,mpeg4,242000,12.0,320,240,57952,2.156
1a5f-GbYEaM,157.80167,h264,1280,720,2885589,25.0,72,3873,0,3945,5611970,51306874,0,56918844,vp8,56000,25.0,640,480,216020,13.553
3xGu-rfcH3s,368.32,vp8,640,480,29096,25.02174,74,9134,0,9208,869558,470067,0,1339625,mpeg4,539000,12.0,480,360,221152,1.688
3xGu-rfcH3s,368.32,vp8,640,480,29096,25.02174,74,9134,0,9208,869558,470067,0,1339625,vp8,109000,24.0,480,360,221152,3.072
3N6c-uPdNas,69.933,flv,320,240,272898,15.0,37,1013,0,1050,349781,2035796,0,2385577,vp8,820000,29.97,1920,1080,219656,29.19
3ODf-KYiOZw,63.667,h264,640,480,972572,15.0,33,923,0,956,1259657,6480438,0,7740095,vp8,242000,29.97,176,144,219656,2.764
3SQY-ZB8hmI,473.0,h264,320,240,164017,25.0,198,10924,704,11826,1419320,8047423,0,9697521,vp8,242000,15.0,320,240,220808,2.76
1RMD-MxzJn8,64.933,flv,320,240,236793,15.0,39,936,0,975,318954,1603007,0,1921961,vp8,109000,25.0,640,480,217080,5.052
1Vq6-f1kYeM,127.221664,h264,1920,1080,3080852,23.0,70,2980,0,3050,3818903,45174992,0,48993895,vp8,56000,15.0,480,360,217348,9.797
3AYz-PCa1aI,391.08,h264,640,480,230847,25.0,209,9569,0,9778,9023743,2261252,0,11284995,vp8,242000,24.0,640,480,219480,4.892
0Yxo-eU6AjI,326.583,vp8,640,480,1055982,25.039877,102,8061,0,8163,1868804,41239444,0,43108248,vp8,3000000,29.97,176,144,213080,2.504
2tzy-vqeeLY,106.765,h264,1280,720,849586,25.0,66,2603,0,2669,4427240,6911026,0,11338266,h264,56000,24.0,640,480,219480,8.901
1L6x-TgAldY,286.995,h264,480,360,508160,23.0,156,6726,0,6882,2285153,15944803,0,18229956,vp8,3000000,24.0,176,144,216820,2.724
1Vq6-f1kYeM,127.221664,h264,1920,1080,3080852,23.0,70,2980,0,3050,3818903,45174992,0,48993895,flv,242000,15.0,1920,1080,217544,8.221
1RMD-MxzJn8,64.933,flv,320,240,236793,15.0,39,936,0,975,318954,1603007,0,1921961,mpeg4,539000,25.0,480,360,217080,3.08
2tzy-vqeeLY,106.765,h264,1280,720,849586,25.0,66,2603,0,2669,4427240,6911026,0,11338266,vp8,820000,25.0,1280,720,219480,17.761
1s9d-jTKyUw,448.575,vp8,1280,720,2052426,30.002232,92,13349,0,13441,9132637,105950761,0,115083398,mpeg4,56000,12.0,320,240,217080,4.228
09oUj9EDIDo,239.14166,h264,480,360,500198,25.0,110,5868,0,5978,1406751,13545526,0,14952277,mpeg4,539000,25.0,640,480,96912,3.848
04t6-jw9czg,130.35667,mpeg4,176,144,54590,12.0,27,1537,0,1564,64483,825054,0,889537,h264,242000,25.0,176,144,66660,2.476
0Axi-TRoqVA,59.883,vp8,1280,720,994960,30.38983,13,1780,0,1793,481774,6965881,0,7447655,flv,5000000,24.0,176,144,162260,2.956
1tos-YhVzA4,222.53334,h264,480,360,500449,30.0,219,6457,0,6676,2821722,11099102,0,13920824,vp8,242000,29.97,480,360,217336,5.48
1s9d-jTKyUw,448.575,vp8,1280,720,2052426,30.002232,92,13349,0,13441,9132637,105950761,0,115083398,mpeg4,242000,12.0,1920,1080,217080,9.741
0I0e-5-iR3A,906.5983,mpeg4,176,144,56108,12.0,187,10692,0,10879,597549,5760936,0,6358485,vp8,820000,15.0,640,480,165668,5.696
2tzy-vqeeLY,106.765,h264,1280,720,849586,25.0,66,2603,0,2669,4427240,6911026,0,11338266,flv,242000,24.0,1920,1080,219480,6.532
1Y-Y-RHCxRQ,189.956,flv,320,240,231296,29.0,97,5597,0,5694,580292,4911734,0,5492026,mpeg4,539000,12.0,320,240,218192,1.272
1a5f-GbYEaM,157.80167,h264,1280,720,2885589,25.0,72,3873,0,3945,5611970,51306874,0,56918844,vp8,3000000,25.0,640,480,216056,13.041
2kFF-0kB_4w,339.667,h264,640,480,257699,30.0,181,10010,0,10191,10121223,820261,0,10941484,h264,3000000,15.0,1920,1080,645332,32.734
1RGh-RmYxHY,217.518,h264,480,360,83054,29.0,112,6408,0,6520,406683,1851539,0,2258222,flv,539000,15.0,480,360,217080,0.788
1hEL-mcI-tM,304.927,vp8,320,240,134334,25.075659,82,7541,0,7623,833754,4286526,0,5120280,mpeg4,109000,24.0,176,144,216820,1.9
2AfTeWTxhIg,645.84,vp8,320,240,95903,25.032558,138,16008,0,16146,1081321,6660941,0,7742262,vp8,820000,25.0,1920,1080,219200,39.13
3_fF9rtYCQ0,256.20834,mpeg4,176,144,57565,12.0,56,3018,0,3074,302900,1540700,0,1843600,vp8,820000,12.0,1280,720,219480,8.257
3mWp-QQn-1M,167.39166,h264,1280,720,2207484,24.0,86,3931,0,4017,4369420,41819887,0,46189307,h264,109000,25.0,176,144,219656,5.804
1D3O-16kzhQ,274.541,vp8,480,360,139791,30.029198,58,8170,0,8228,802625,3994697,0,4797322,vp8,820000,29.97,480,360,216820,5.584
46oD-rS6PC8,95.462,h264,640,480,809256,29.0,51,2811,0,2862,886496,8770159,0,9656655,h264,3000000,24.0,640,480,221160,27.686
1oz8-nezz50,225.08,h264,480,360,538452,25.0,113,5515,0,5628,1873408,13275961,0,15149369,flv,3000000,12.0,176,144,216820,0.884
1G6F-Huj2hY,110.966995,h264,480,360,397112,30.0,59,3271,0,3330,529627,4978664,0,5508291,vp8,3000000,12.0,1280,720,216820,17.077
4keb-__zqyQ,452.689,vp8,320,240,66680,5.7057524,42,2537,0,2579,207037,3566163,0,3773200,h264,3000000,24.0,480,360,255244,18.637
4Fob-eSnrb8,1768.9417,mpeg4,176,144,56152,12.0,354,20873,0,21227,1382103,11034284,0,12416387,flv,109000,15.0,176,144,228900,0.308
Iolv-DIyGlY,56.649998,h264,480,360,714180,29.0,73,1585,0,1658,608665,4448624,0,5057289,mpeg4,109000,15.0,1920,1080,112856,10.609
1lkF-VNDcss,458.625,h264,640,480,517364,29.0,245,13501,0,13746,5308581,24350943,0,29659524,mpeg4,56000,15.0,1920,1080,216820,7.744
1LXH-OibJYQ,42.2,h264,480,360,288705,25.0,23,1033,0,1056,216154,1306770,0,1522924,vp8,5000000,15.0,320,240,216820,2.072
236x-T7D-8g,581.233,h264,480,360,295979,30.0,310,17128,0,17438,10151572,11352574,0,21504146,h264,56000,15.0,640,480,218932,6.46
2u-5-Io725E,426.945,h264,1280,720,1064703,29.0,228,12567,0,12795,11297544,45523691,0,56821235,h264,539000,15.0,480,360,219480,11.521
09oUj9EDIDo,239.14166,h264,480,360,500198,25.0,110,5868,0,5978,1406751,13545526,0,14952277,mpeg4,539000,25.0,1280,720,96912,7.324
2tzy-vqeeLY,106.765,h264,1280,720,849586,25.0,66,2603,0,2669,4427240,6911026,0,11338266,vp8,109000,24.0,320,240,219480,4.612
4keb-__zqyQ,452.689,vp8,320,240,66680,5.7057524,42,2537,0,2579,207037,3566163,0,3773200,mpeg4,820000,15.0,1920,1080,247868,9.053
4Fob-eSnrb8,1768.9417,mpeg4,176,144,56152,12.0,354,20873,0,21227,1382103,11034284,0,12416387,flv,820000,24.0,480,360,234328,0.632
0Au5-4UDHco,52.68,h264,480,360,372001,25.0,53,1265,0,1318,870136,1579497,0,2449633,mpeg4,5000000,29.97,176,144,140080,3.148
0Hwk-yGT-M4,714.371,vp8,1280,720,652356,29.981792,143,21264,0,21407,14532530,43720516,0,58253046,h264,3000000,24.0,640,480,165564,30.99
0Axi-TRoqVA,59.883,vp8,1280,720,994960,30.38983,13,1780,0,1793,481774,6965881,0,7447655,mpeg4,109000,12.0,480,360,155028,3.788
3Wdg-dsGihA,340.424,flv,320,240,244491,11.0,69,4012,0,4081,1168939,9234909,0,10403848,flv,820000,12.0,1280,720,221152,1.372
1tos-YhVzA4,222.53334,h264,480,360,500449,30.0,219,6457,0,6676,2821722,11099102,0,13920824,flv,5000000,29.97,1280,720,217348,3.816
1s9d-jTKyUw,448.575,vp8,1280,720,2052426,30.002232,92,13349,0,13441,9132637,105950761,0,115083398,vp8,56000,15.0,320,240,217080,6.428
1Y-Y-RHCxRQ,189.956,flv,320,240,231296,29.0,97,5597,0,5694,580292,4911734,0,5492026,flv,539000,12.0,480,360,218664,0.664
25TI-jx-cag,176.901,vp8,480,360,26968,25.113636,38,4382,0,4420,393395,202954,0,596349,mpeg4,539000,29.97,640,480,218932,4.148
3N6c-uPdNas,69.933,flv,320,240,272898,15.0,37,1013,0,1050,349781,2035796,0,2385577,vp8,3000000,15.0,1920,1080,219656,43.151
3U8m-ETsTS4,282.56,h264,640,480,559834,25.0,145,6920,0,7065,4966509,14806840,0,19773349,flv,820000,12.0,640,480,221152,1.18
0ICm-Cu4_aE,476.957,vp8,1280,720,1387100,30.05252,105,14200,0,14305,3487520,79210885,0,82698405,mpeg4,3000000,25.0,480,360,165696,4.692
3Xyf-6FdtDA,49.178333,mpeg4,176,144,54338,7.0,10,334,0,344,33046,300986,0,334032,h264,56000,24.0,1920,1080,651232,24.854
2AfTeWTxhIg,645.84,vp8,320,240,95903,25.032558,138,16008,0,16146,1081321,6660941,0,7742262,h264,3000000,24.0,320,240,219200,8.761
3AYz-PCa1aI,391.08,h264,640,480,230847,25.0,209,9569,0,9778,9023743,2261252,0,11284995,vp8,109000,25.0,176,144,219480,1.54
1Y-Y-RHCxRQ,189.956,flv,320,240,231296,29.0,97,5597,0,5694,580292,4911734,0,5492026,vp8,3000000,24.0,1280,720,218664,15.509
3ojsQWU7XWE,86.486,h264,640,480,356037,29.0,46,2547,0,2593,819680,3029350,0,3849030,mpeg4,56000,15.0,480,360,219656,2.996
1tos-YhVzA4,222.53334,h264,480,360,500449,30.0,219,6457,0,6676,2821722,11099102,0,13920824,h264,5000000,29.97,1920,1080,652364,127.964
0OUmDeBapbQ,316.95166,mpeg4,176,144,55396,12.0,64,3739,0,3803,111850,2082902,0,2194752,h264,3000000,24.0,1920,1080,643420,79.453
2ApZ-KZ-pEk,157.891,h264,480,360,406908,29.0,87,4646,0,4733,1776729,6254165,0,8030894,mpeg4,820000,12.0,1280,720,219464,4.244
0Hwk-yGT-M4,714.371,vp8,1280,720,652356,29.981792,143,21264,0,21407,14532530,43720516,0,58253046,h264,3000000,12.0,1280,720,329324,41.095
3-Wy-Ftbd40,69.93833,mpeg4,176,144,56717,12.0,14,825,0,839,47521,448322,0,495843,flv,56000,25.0,640,480,221152,0.564
3fpg-LlHcks,273.816,vp8,1920,1080,1571003,25.065933,77,6766,0,6843,6190779,47579961,0,53770740,h264,109000,25.0,320,240,219656,9.117
3ODf-KYiOZw,63.667,h264,640,480,972572,15.0,33,923,0,956,1259657,6480438,0,7740095,mpeg4,3000000,24.0,640,480,219656,5.252
1ZzJ-T2FJAw,250.017,h264,320,240,153059,29.0,128,7366,0,7494,856855,3926589,0,4783444,flv,820000,15.0,480,360,218900,0.996
EmMp-KKNBOM,2783.133,h264,480,360,349955,30.0,1526,81969,0,83495,26872225,94874210,0,121746435,h264,109000,25.0,640,480,141440,7.136
3mWp-QQn-1M,167.39166,h264,1280,720,2207484,24.0,86,3931,0,4017,4369420,41819887,0,46189307,mpeg4,56000,29.97,176,144,219656,3.784
22uE-OUUBH8,43.827,flv,320,240,272273,25.0,23,1081,0,1104,137210,1354404,0,1491614,h264,242000,29.97,1920,1080,608208,60.876
1YDt-FkeZ4E,98.683334,mpeg4,176,144,55552,12.0,20,1164,0,1184,48267,636993,0,685260,mpeg4,109000,12.0,1920,1080,217852,6.52
3xGu-rfcH3s,368.32,vp8,640,480,29096,25.02174,74,9134,0,9208,869558,470067,0,1339625,vp8,56000,25.0,1920,1080,221152,27.954
236x-T7D-8g,581.233,h264,480,360,295979,30.0,310,17128,0,17438,10151572,11352574,0,21504146,flv,242000,15.0,1920,1080,218932,4.236
1LXH-OibJYQ,42.2,h264,480,360,288705,25.0,23,1033,0,1056,216154,1306770,0,1522924,flv,3000000,12.0,480,360,216820,0.8
4Fob-eSnrb8,1768.9417,mpeg4,176,144,56152,12.0,354,20873,0,21227,1382103,11034284,0,12416387,flv,242000,29.97,1920,1080,231480,3.092
3-Wy-Ftbd40,69.93833,mpeg4,176,144,56717,12.0,14,825,0,839,47521,448322,0,495843,vp8,820000,25.0,1280,720,221152,10.745
46oD-rS6PC8,95.462,h264,640,480,809256,29.0,51,2811,0,2862,886496,8770159,0,9656655,flv,5000000,12.0,1920,1080,221160,5.38
0_VA-rJgmMI,750.433,vp8,1280,720,794075,13.482667,81,10031,0,10112,3852576,70635013,0,74487589,mpeg4,109000,15.0,1920,1080,165700,7.948
0ICm-Cu4_aE,476.957,vp8,1280,720,1387100,30.05252,105,14200,0,14305,3487520,79210885,0,82698405,mpeg4,539000,25.0,1920,1080,165668,12.585
4keb-__zqyQ,452.689,vp8,320,240,66680,5.7057524,42,2537,0,2579,207037,3566163,0,3773200,vp8,56000,25.0,320,240,247900,2.744
1oz8-nezz50,225.08,h264,480,360,538452,25.0,113,5515,0,5628,1873408,13275961,0,15149369,h264,820000,12.0,640,480,216820,14.709
3ojsQWU7XWE,86.486,h264,640,480,356037,29.0,46,2547,0,2593,819680,3029350,0,3849030,mpeg4,242000,25.0,176,144,219656,3.076
1Vq6-f1kYeM,127.221664,h264,1920,1080,3080852,23.0,70,2980,0,3050,3818903,45174992,0,48993895,mpeg4,3000000,24.0,480,360,217348,8.677
2TXm-QHXCzU,270.655,vp8,640,480,652967,30.062963,89,8028,0,8117,1912240,20178890,0,22091130,mpeg4,109000,24.0,1920,1080,219480,13.209
0Yxo-eU6AjI,326.583,vp8,640,480,1055982,25.039877,102,8061,0,8163,1868804,41239444,0,43108248,vp8,820000,24.0,320,240,212880,4.46
3Xyf-6FdtDA,49.178333,mpeg4,176,144,54338,7.0,10,334,0,344,33046,300986,0,334032,vp8,820000,29.97,1920,1080,221160,11.197
1ZzJ-T2FJAw,250.017,h264,320,240,153059,29.0,128,7366,0,7494,856855,3926589,0,4783444,flv,539000,25.0,320,240,218900,0.756
3SQY-ZB8hmI,473.0,h264,320,240,164017,25.0,198,10924,704,11826,1419320,8047423,0,9697521,flv,820000,12.0,176,144,220900,0.756
3AYz-PCa1aI,391.08,h264,640,480,230847,25.0,209,9569,0,9778,9023743,2261252,0,11284995,vp8,539000,12.0,176,144,219480,1.316
0Au5-4UDHco,52.68,h264,480,360,372001,25.0,53,1265,0,1318,870136,1579497,0,2449633,h264,820000,25.0,176,144,155028,4.708
0Axi-TRoqVA,59.883,vp8,1280,720,994960,30.38983,13,1780,0,1793,481774,6965881,0,7447655,vp8,109000,12.0,480,360,155028,4.692
3DRy-Stwt9c,385.052,vp8,1280,720,441862,23.979221,77,9155,0,9232,16244376,5023129,0,21267505,mpeg4,242000,15.0,176,144,219480,1.776
1G6F-Huj2hY,110.966995,h264,480,360,397112,30.0,59,3271,0,3330,529627,4978664,0,5508291,h264,56000,29.97,176,144,216820,3.032
2HTJjLLaFL0,379.32,h264,480,360,181960,25.0,195,9289,0,9484,3392479,5235193,0,8627672,vp8,539000,25.0,1280,720,219480,14.857
2HTJjLLaFL0,379.32,h264,480,360,181960,25.0,195,9289,0,9484,3392479,5235193,0,8627672,vp8,3000000,12.0,480,360,219480,2.432
42hr-6A1jYc,311.1,mpeg4,176,144,56416,12.0,113,3620,0,3733,127552,2066350,0,2193902,flv,539000,25.0,1280,720,221160,1.172
3DRy-Stwt9c,385.052,vp8,1280,720,441862,23.979221,77,9155,0,9232,16244376,5023129,0,21267505,h264,242000,29.97,176,144,219480,2.256
0ICm-Cu4_aE,476.957,vp8,1280,720,1387100,30.05252,105,14200,0,14305,3487520,79210885,0,82698405,h264,820000,25.0,1280,720,322064,40.463
4b7b-FY4JPI,203.198,flv,320,240,239336,29.0,104,5974,0,6078,853613,5225468,0,6079081,h264,56000,15.0,1280,720,298004,10.969
2zeL-QQa8Sk,77.233,h264,480,360,382461,30.0,53,2265,0,2318,182297,3510033,0,3692330,h264,3000000,15.0,480,360,219480,13.245
2TXm-QHXCzU,270.655,vp8,640,480,652967,30.062963,89,8028,0,8117,1912240,20178890,0,22091130,vp8,3000000,15.0,320,240,219480,4.996
1lkF-VNDcss,458.625,h264,640,480,517364,29.0,245,13501,0,13746,5308581,24350943,0,29659524,flv,56000,29.97,320,240,216820,1.288
0Hwk-yGT-M4,714.371,vp8,1280,720,652356,29.981792,143,21264,0,21407,14532530,43720516,0,58253046,mpeg4,539000,12.0,176,144,164736,3.432
0ICm-Cu4_aE,476.957,vp8,1280,720,1387100,30.05252,105,14200,0,14305,3487520,79210885,0,82698405,flv,56000,12.0,1280,720,165700,3.008
3SQY-ZB8hmI,473.0,h264,320,240,164017,25.0,198,10924,704,11826,1419320,8047423,0,9697521,h264,56000,15.0,176,144,220900,1.784
0ckO-lUydcc,177.33333,mpeg4,176,144,53707,12.0,37,2091,0,2128,100969,1089548,0,1190517,flv,3000000,24.0,640,480,163632,0.78
1YDt-FkeZ4E,98.683334,mpeg4,176,144,55552,12.0,20,1164,0,1184,48267,636993,0,685260,mpeg4,539000,15.0,176,144,217852,0.628
3o_2-igmsyo,440.967,h264,320,240,281642,30.0,236,12994,0,13230,2444863,13079542,0,15524405,vp8,109000,29.97,640,480,219656,6.616
2SkA-cUEaJ0,490.6,h264,480,360,300437,25.0,256,12010,0,12266,1448177,16976151,0,18424328,h264,3000000,12.0,640,480,219480,16.721
1RGh-RmYxHY,217.518,h264,480,360,83054,29.0,112,6408,0,6520,406683,1851539,0,2258222,mpeg4,56000,12.0,320,240,216820,1.876
2zeL-QQa8Sk,77.233,h264,480,360,382461,30.0,53,2265,0,2318,182297,3510033,0,3692330,vp8,539000,24.0,320,240,219480,3.976
3Xyf-6FdtDA,49.178333,mpeg4,176,144,54338,7.0,10,334,0,344,33046,300986,0,334032,vp8,539000,24.0,1920,1080,221160,10.981
09oUj9EDIDo,239.14166,h264,480,360,500198,25.0,110,5868,0,5978,1406751,13545526,0,14952277,flv,242000,25.0,1280,720,112100,3.14
4keb-__zqyQ,452.689,vp8,320,240,66680,5.7057524,42,2537,0,2579,207037,3566163,0,3773200,mpeg4,56000,12.0,320,240,246412,1.628
3dI-kJGuWbY,292.092,h264,480,360,480125,29.0,156,8599,0,8755,2375028,15155062,0,17530090,vp8,5000000,29.97,480,360,219480,10.669
3ODf-KYiOZw,63.667,h264,640,480,972572,15.0,33,923,0,956,1259657,6480438,0,7740095,mpeg4,3000000,25.0,176,144,219656,2.304
3Xyf-6FdtDA,49.178333,mpeg4,176,144,54338,7.0,10,334,0,344,33046,300986,0,334032,flv,109000,25.0,1920,1080,221160,1.488
1RMD-MxzJn8,64.933,flv,320,240,236793,15.0,39,936,0,975,318954,1603007,0,1921961,mpeg4,539000,24.0,176,144,217080,1.456
2kFF-0kB_4w,339.667,h264,640,480,257699,30.0,181,10010,0,10191,10121223,820261,0,10941484,vp8,242000,24.0,1920,1080,219480,32.514
0a6_--ZJXTE,290.01666,mpeg4,176,144,52783,12.0,61,3417,0,3478,119325,1794184,0,1913509,vp8,56000,12.0,320,240,130204,1.804
0OUmDeBapbQ,316.95166,mpeg4,176,144,55396,12.0,64,3739,0,3803,111850,2082902,0,2194752,h264,242000,15.0,1920,1080,643664,38.934
4b7b-FY4JPI,203.198,flv,320,240,239336,29.0,104,5974,0,6078,853613,5225468,0,6079081,flv,820000,25.0,1920,1080,221160,5.796
3fmy-4uvR9U,143.03334,mpeg4,176,144,51082,12.0,31,1685,0,1716,56405,856907,0,913312,vp8,109000,15.0,1280,720,219480,9.565
2Y-k-006Zbs,67.583336,mpeg4,176,144,51225,12.0,15,777,0,792,47585,385164,0,432749,h264,820000,24.0,1920,1080,633804,57.544
4BJV-yiTcus,254.922,vp8,480,360,260667,30.062992,51,7585,0,7636,918325,7387906,0,8306231,mpeg4,242000,24.0,1280,720,221160,7.648
4BJV-yiTcus,254.922,vp8,480,360,260667,30.062992,51,7585,0,7636,918325,7387906,0,8306231,h264,3000000,25.0,176,144,221160,5.02
1RMD-MxzJn8,64.933,flv,320,240,236793,15.0,39,936,0,975,318954,1603007,0,1921961,h264,5000000,29.97,176,144,217080,4.38
2tzy-vqeeLY,106.765,h264,1280,720,849586,25.0,66,2603,0,2669,4427240,6911026,0,11338266,mpeg4,539000,15.0,1920,1080,219480,8.401
0I0e-5-iR3A,906.5983,mpeg4,176,144,56108,12.0,187,10692,0,10879,597549,5760936,0,6358485,flv,820000,15.0,320,240,165668,0.452
3ODf-KYiOZw,63.667,h264,640,480,972572,15.0,33,923,0,956,1259657,6480438,0,7740095,flv,5000000,12.0,640,480,219656,1.868
1L6x-TgAldY,286.995,h264,480,360,508160,23.0,156,6726,0,6882,2285153,15944803,0,18229956,h264,5000000,25.0,1920,1080,652944,145.605
09oUj9EDIDo,239.14166,h264,480,360,500198,25.0,110,5868,0,5978,1406751,13545526,0,14952277,mpeg4,242000,25.0,640,480,95580,3.484
0Au5-4UDHco,52.68,h264,480,360,372001,25.0,53,1265,0,1318,870136,1579497,0,2449633,mpeg4,820000,24.0,640,480,140080,5.932
1WrA-SRsgEk,384.451,h264,640,480,646432,29.0,205,11318,0,11523,2839955,28225248,0,31065203,flv,109000,15.0,176,144,217828,1.524
0_VA-rJgmMI,750.433,vp8,1280,720,794075,13.482667,81,10031,0,10112,3852576,70635013,0,74487589,mpeg4,3000000,25.0,1920,1080,165700,12.153
3YNh-PI2q64,395.44,vp8,1280,720,1611942,25.027847,80,9806,0,9886,5073258,74605061,0,79678319,vp8,3000000,12.0,480,360,221160,2.972
1Y-Y-RHCxRQ,189.956,flv,320,240,231296,29.0,97,5597,0,5694,580292,4911734,0,5492026,vp8,242000,24.0,1920,1080,218664,28.21
3dI-kJGuWbY,292.092,h264,480,360,480125,29.0,156,8599,0,8755,2375028,15155062,0,17530090,flv,820000,24.0,640,480,219480,1.98
1G6F-Huj2hY,110.966995,h264,480,360,397112,30.0,59,3271,0,3330,529627,4978664,0,5508291,h264,56000,24.0,1280,720,319568,18.921
4Fob-eSnrb8,1768.9417,mpeg4,176,144,56152,12.0,354,20873,0,21227,1382103,11034284,0,12416387,vp8,539000,12.0,1920,1080,221160,21.413
1LXH-OibJYQ,42.2,h264,480,360,288705,25.0,23,1033,0,1056,216154,1306770,0,1522924,flv,3000000,25.0,320,240,216820,0.884
3SQY-ZB8hmI,473.0,h264,320,240,164017,25.0,198,10924,704,11826,1419320,8047423,0,9697521,h264,3000000,15.0,176,144,220900,3.636
0I0e-5-iR3A,906.5983,mpeg4,176,144,56108,12.0,187,10692,0,10879,597549,5760936,0,6358485,vp8,539000,15.0,320,240,165668,2.272
42hr-6A1jYc,311.1,mpeg4,176,144,56416,12.0,113,3620,0,3733,127552,2066350,0,2193902,flv,109000,24.0,640,480,221160,0.536
3N6c-uPdNas,69.933,flv,320,240,272898,15.0,37,1013,0,1050,349781,2035796,0,2385577,flv,242000,15.0,176,144,219656,0.388
1G6F-Huj2hY,110.966995,h264,480,360,397112,30.0,59,3271,0,3330,529627,4978664,0,5508291,vp8,820000,15.0,1280,720,216820,15.565
1tos-YhVzA4,222.53334,h264,480,360,500449,30.0,219,6457,0,6676,2821722,11099102,0,13920824,vp8,820000,29.97,480,360,217348,5.792
3AYz-PCa1aI,391.08,h264,640,480,230847,25.0,209,9569,0,9778,9023743,2261252,0,11284995,flv,56000,25.0,640,480,219480,1.184
3U8m-ETsTS4,282.56,h264,640,480,559834,25.0,145,6920,0,7065,4966509,14806840,0,19773349,h264,820000,25.0,176,144,221152,3.148
04t6-jw9czg,130.35667,mpeg4,176,144,54590,12.0,27,1537,0,1564,64483,825054,0,889537,mpeg4,820000,24.0,1920,1080,102088,12.541
0QZJN4yTbbU,34.168,vp8,480,360,186895,30.029411,16,1005,0,1021,238485,559745,0,798230,h264,109000,12.0,176,144,165700,1.468
1ZzJ-T2FJAw,250.017,h264,320,240,153059,29.0,128,7366,0,7494,856855,3926589,0,4783444,flv,56000,15.0,1280,720,218664,2.14
42hr-6A1jYc,311.1,mpeg4,176,144,56416,12.0,113,3620,0,3733,127552,2066350,0,2193902,vp8,109000,25.0,1920,1080,221160,14.717
2AfTeWTxhIg,645.84,vp8,320,240,95903,25.032558,138,16008,0,16146,1081321,6660941,0,7742262,vp8,109000,29.97,1920,1080,218932,31.962
2SkA-cUEaJ0,490.6,h264,480,360,300437,25.0,256,12010,0,12266,1448177,16976151,0,18424328,flv,5000000,29.97,480,360,219480,1.244
4Fob-eSnrb8,1768.9417,mpeg4,176,144,56152,12.0,354,20873,0,21227,1382103,11034284,0,12416387,h264,820000,25.0,480,360,244500,10.481
3Xyf-6FdtDA,49.178333,mpeg4,176,144,54338,7.0,10,334,0,344,33046,300986,0,334032,mpeg4,5000000,12.0,480,360,221160,1.224
2SkA-cUEaJ0,490.6,h264,480,360,300437,25.0,256,12010,0,12266,1448177,16976151,0,18424328,vp8,5000000,15.0,1280,720,219480,17.413
1LXH-OibJYQ,42.2,h264,480,360,288705,25.0,23,1033,0,1056,216154,1306770,0,1522924,flv,56000,15.0,176,144,216820,0.728
iQY_-sdNxIk,42.208332,h264,480,360,546779,29.0,30,1235,0,1265,209859,2674973,0,2884832,h264,242000,24.0,176,144,53948,3.996
0QZJN4yTbbU,34.168,vp8,480,360,186895,30.029411,16,1005,0,1021,238485,559745,0,798230,flv,539000,12.0,1920,1080,165700,3.512
1KXW-XA6QkQ,255.28,flv,320,240,250276,25.0,110,6272,0,6382,611474,7374864,0,7986338,vp8,3000000,12.0,640,480,216820,7.192
2u-5-Io725E,426.945,h264,1280,720,1064703,29.0,228,12567,0,12795,11297544,45523691,0,56821235,vp8,820000,29.97,640,480,219480,11.765
1hEL-mcI-tM,304.927,vp8,320,240,134334,25.075659,82,7541,0,7623,833754,4286526,0,5120280,vp8,539000,12.0,1280,720,216820,10.945
3YNh-PI2q64,395.44,vp8,1280,720,1611942,25.027847,80,9806,0,9886,5073258,74605061,0,79678319,flv,3000000,25.0,320,240,221160,1.624
1Y-Y-RHCxRQ,189.956,flv,320,240,231296,29.0,97,5597,0,5694,580292,4911734,0,5492026,vp8,242000,15.0,480,360,218664,2.636
4keb-__zqyQ,452.689,vp8,320,240,66680,5.7057524,42,2537,0,2579,207037,3566163,0,3773200,mpeg4,5000000,25.0,480,360,247900,3.864
0XTW-dqdT4w,216.55,h264,320,240,291150,29.0,112,6379,0,6491,1789334,6091735,0,7881069,mpeg4,5000000,24.0,480,360,187656,3.784
4NcD-WQyXCQ,860.056,vp8,1280,720,2688309,29.968605,277,25496,0,25773,12989828,276022270,0,289012098,mpeg4,820000,12.0,320,240,259404,4.384
0XTW-dqdT4w,216.55,h264,320,240,291150,29.0,112,6379,0,6491,1789334,6091735,0,7881069,flv,820000,25.0,176,144,207996,0.704
08EV-X022WI,204.938,h264,480,360,297373,16.0,111,3169,0,3280,1451634,6166260,0,7617894,flv,242000,24.0,480,360,86472,0.768
0Yxo-eU6AjI,326.583,vp8,640,480,1055982,25.039877,102,8061,0,8163,1868804,41239444,0,43108248,h264,5000000,29.97,176,144,215712,5.496
3fpg-LlHcks,273.816,vp8,1920,1080,1571003,25.065933,77,6766,0,6843,6190779,47579961,0,53770740,vp8,539000,25.0,640,480,219656,13.297
0Axi-TRoqVA,59.883,vp8,1280,720,994960,30.38983,13,1780,0,1793,481774,6965881,0,7447655,vp8,539000,29.97,1280,720,155028,19.009
3U8m-ETsTS4,282.56,h264,640,480,559834,25.0,145,6920,0,7065,4966509,14806840,0,19773349,flv,3000000,12.0,640,480,221152,1.224
_A7y-02da34,177.685,vp8,480,360,236565,25.084745,36,4404,0,4440,697891,4556369,0,5254260,mpeg4,56000,15.0,640,480,34940,3.692
2NO0-ve7CKM,1140.349,vp8,1280,720,2394626,30.007017,328,33880,0,34208,20478926,320859863,0,341338789,mpeg4,56000,24.0,480,360,219480,5.08
2ApZ-KZ-pEk,157.891,h264,480,360,406908,29.0,87,4646,0,4733,1776729,6254165,0,8030894,flv,56000,12.0,640,480,219464,1.268
0_VA-rJgmMI,750.433,vp8,1280,720,794075,13.482667,81,10031,0,10112,3852576,70635013,0,74487589,vp8,5000000,15.0,320,240,165700,2.808
1RGh-RmYxHY,217.518,h264,480,360,83054,29.0,112,6408,0,6520,406683,1851539,0,2258222,mpeg4,242000,29.97,1920,1080,216820,15.109
1tos-YhVzA4,222.53334,h264,480,360,500449,30.0,219,6457,0,6676,2821722,11099102,0,13920824,h264,56000,15.0,1280,720,320412,12.229
3mWp-QQn-1M,167.39166,h264,1280,720,2207484,24.0,86,3931,0,4017,4369420,41819887,0,46189307,vp8,5000000,29.97,1920,1080,219656,60.644
0QZJN4yTbbU,34.168,vp8,480,360,186895,30.029411,16,1005,0,1021,238485,559745,0,798230,mpeg4,3000000,24.0,640,480,165700,4.424
4NcD-WQyXCQ,860.056,vp8,1280,720,2688309,29.968605,277,25496,0,25773,12989828,276022270,0,289012098,vp8,820000,12.0,1280,720,262552,23.853
3ODf-KYiOZw,63.667,h264,640,480,972572,15.0,33,923,0,956,1259657,6480438,0,7740095,mpeg4,109000,24.0,480,360,219656,2.804
1Y-Y-RHCxRQ,189.956,flv,320,240,231296,29.0,97,5597,0,5694,580292,4911734,0,5492026,mpeg4,56000,15.0,1280,720,218192,4.396
0Au5-4UDHco,52.68,h264,480,360,372001,25.0,53,1265,0,1318,870136,1579497,0,2449633,flv,3000000,15.0,1280,720,155028,3.228
4b7b-FY4JPI,203.198,flv,320,240,239336,29.0,104,5974,0,6078,853613,5225468,0,6079081,flv,539000,25.0,640,480,221160,1.156
2zeL-QQa8Sk,77.233,h264,480,360,382461,30.0,53,2265,0,2318,182297,3510033,0,3692330,vp8,242000,29.97,480,360,219480,5.756
WhfE-lT7Ou8,140.0,h264,480,360,414786,16.0,76,2165,0,2241,618805,6639956,0,7258761,vp8,820000,15.0,1280,720,80492,17.317
1G6F-Huj2hY,110.966995,h264,480,360,397112,30.0,59,3271,0,3330,529627,4978664,0,5508291,mpeg4,242000,15.0,1920,1080,216820,8.745
0Yxo-eU6AjI,326.583,vp8,640,480,1055982,25.039877,102,8061,0,8163,1868804,41239444,0,43108248,h264,820000,12.0,176,144,215712,3.66
1RMD-MxzJn8,64.933,flv,320,240,236793,15.0,39,936,0,975,318954,1603007,0,1921961,flv,109000,24.0,320,240,217080,0.372
1lkF-VNDcss,458.625,h264,640,480,517364,29.0,245,13501,0,13746,5308581,24350943,0,29659524,flv,109000,12.0,640,480,216820,1.252
0Hwk-yGT-M4,714.371,vp8,1280,720,652356,29.981792,143,21264,0,21407,14532530,43720516,0,58253046,flv,109000,24.0,1920,1080,165056,7.48
0a6_--ZJXTE,290.01666,mpeg4,176,144,52783,12.0,61,3417,0,3478,119325,1794184,0,1913509,h264,3000000,15.0,480,360,139936,13.441
1hEL-mcI-tM,304.927,vp8,320,240,134334,25.075659,82,7541,0,7623,833754,4286526,0,5120280,mpeg4,242000,24.0,320,240,216820,2.136
0Hwk-yGT-M4,714.371,vp8,1280,720,652356,29.981792,143,21264,0,21407,14532530,43720516,0,58253046,h264,539000,29.97,640,480,165564,22.117
_2al-ZI1Wss,74.535,mpeg4,176,144,55305,12.0,15,879,0,894,23996,491276,0,515272,vp8,539000,29.97,1920,1080,219200,18.189
2zeL-QQa8Sk,77.233,h264,480,360,382461,30.0,53,2265,0,2318,182297,3510033,0,3692330,mpeg4,242000,24.0,480,360,219480,3.856
2HTJjLLaFL0,379.32,h264,480,360,181960,25.0,195,9289,0,9484,3392479,5235193,0,8627672,flv,539000,29.97,1920,1080,219480,4.944
1hEL-mcI-tM,304.927,vp8,320,240,134334,25.075659,82,7541,0,7623,833754,4286526,0,5120280,h264,820000,15.0,320,240,216820,4.348
25TI-jx-cag,176.901,vp8,480,360,26968,25.113636,38,4382,0,4420,393395,202954,0,596349,flv,242000,25.0,1280,720,218932,2.176
2ApZ-KZ-pEk,157.891,h264,480,360,406908,29.0,87,4646,0,4733,1776729,6254165,0,8030894,mpeg4,109000,12.0,320,240,219464,2.312
3o_2-igmsyo,440.967,h264,320,240,281642,30.0,236,12994,0,13230,2444863,13079542,0,15524405,mpeg4,109000,25.0,1920,1080,219656,12.213
3_fF9rtYCQ0,256.20834,mpeg4,176,144,57565,12.0,56,3018,0,3074,302900,1540700,0,1843600,flv,242000,25.0,176,144,219480,0.312
0I0e-5-iR3A,906.5983,mpeg4,176,144,56108,12.0,187,10692,0,10879,597549,5760936,0,6358485,flv,242000,12.0,320,240,165668,0.416
4BJV-yiTcus,254.922,vp8,480,360,260667,30.062992,51,7585,0,7636,918325,7387906,0,8306231,mpeg4,56000,25.0,480,360,221160,3.396
2NO0-ve7CKM,1140.349,vp8,1280,720,2394626,30.007017,328,33880,0,34208,20478926,320859863,0,341338789,vp8,5000000,25.0,1920,1080,219480,77.577
2kFF-0kB_4w,339.667,h264,640,480,257699,30.0,181,10010,0,10191,10121223,820261,0,10941484,flv,3000000,12.0,176,144,219480,1.08
1RMD-MxzJn8,64.933,flv,320,240,236793,15.0,39,936,0,975,318954,1603007,0,1921961,flv,3000000,29.97,1280,720,217080,2.188
09oUj9EDIDo,239.14166,h264,480,360,500198,25.0,110,5868,0,5978,1406751,13545526,0,14952277,mpeg4,242000,15.0,320,240,95232,1.644
2tzy-vqeeLY,106.765,h264,1280,720,849586,25.0,66,2603,0,2669,4427240,6911026,0,11338266,h264,242000,25.0,480,360,219480,8.873
3_fF9rtYCQ0,256.20834,mpeg4,176,144,57565,12.0,56,3018,0,3074,302900,1540700,0,1843600,vp8,3000000,12.0,1920,1080,219480,16.617
3dI-kJGuWbY,292.092,h264,480,360,480125,29.0,156,8599,0,8755,2375028,15155062,0,17530090,vp8,109000,15.0,640,480,219480,6.796
1tos-YhVzA4,222.53334,h264,480,360,500449,30.0,219,6457,0,6676,2821722,11099102,0,13920824,vp8,5000000,12.0,176,144,217348,1.788
3-Wy-Ftbd40,69.93833,mpeg4,176,144,56717,12.0,14,825,0,839,47521,448322,0,495843,h264,539000,25.0,320,240,221152,4.048
0XTW-dqdT4w,216.55,h264,320,240,291150,29.0,112,6379,0,6491,1789334,6091735,0,7881069,h264,5000000,12.0,176,144,212576,2.268
1hEL-mcI-tM,304.927,vp8,320,240,134334,25.075659,82,7541,0,7623,833754,4286526,0,5120280,flv,56000,12.0,320,240,216820,0.568
1ZzJ-T2FJAw,250.017,h264,320,240,153059,29.0,128,7366,0,7494,856855,3926589,0,4783444,vp8,109000,25.0,1920,1080,218664,29.058
3YNh-PI2q64,395.44,vp8,1280,720,1611942,25.027847,80,9806,0,9886,5073258,74605061,0,79678319,vp8,539000,15.0,1280,720,221160,9.177
08EV-X022WI,204.938,h264,480,360,297373,16.0,111,3169,0,3280,1451634,6166260,0,7617894,mpeg4,539000,24.0,320,240,81196,2.404
ap6F-C5N6Z0,91.53167,mpeg4,176,144,55736,12.0,22,1076,0,1098,40646,597062,0,637708,flv,3000000,12.0,176,144,32436,0.352
3YNh-PI2q64,395.44,vp8,1280,720,1611942,25.027847,80,9806,0,9886,5073258,74605061,0,79678319,mpeg4,3000000,25.0,176,144,221160,2.952
0I0e-5-iR3A,906.5983,mpeg4,176,144,56108,12.0,187,10692,0,10879,597549,5760936,0,6358485,vp8,5000000,15.0,640,480,165668,5.6
3fpg-LlHcks,273.816,vp8,1920,1080,1571003,25.065933,77,6766,0,6843,6190779,47579961,0,53770740,vp8,820000,12.0,320,240,219656,6.512
0ckO-lUydcc,177.33333,mpeg4,176,144,53707,12.0,37,2091,0,2128,100969,1089548,0,1190517,mpeg4,820000,15.0,1280,720,163024,3.976
1a5f-GbYEaM,157.80167,h264,1280,720,2885589,25.0,72,3873,0,3945,5611970,51306874,0,56918844,mpeg4,242000,25.0,320,240,216020,4.32
2Y-k-006Zbs,67.583336,mpeg4,176,144,51225,12.0,15,777,0,792,47585,385164,0,432749,flv,109000,24.0,640,480,219480,0.564
3YNh-PI2q64,395.44,vp8,1280,720,1611942,25.027847,80,9806,0,9886,5073258,74605061,0,79678319,h264,539000,15.0,480,360,221160,6.388
1Vq6-f1kYeM,127.221664,h264,1920,1080,3080852,23.0,70,2980,0,3050,3818903,45174992,0,48993895,flv,3000000,12.0,176,144,217544,7.704
2zeL-QQa8Sk,77.233,h264,480,360,382461,30.0,53,2265,0,2318,182297,3510033,0,3692330,vp8,242000,24.0,320,240,219480,3.576
2ApZ-KZ-pEk,157.891,h264,480,360,406908,29.0,87,4646,0,4733,1776729,6254165,0,8030894,mpeg4,56000,15.0,320,240,219464,1.948
0a6_--ZJXTE,290.01666,mpeg4,176,144,52783,12.0,61,3417,0,3478,119325,1794184,0,1913509,flv,242000,29.97,480,360,136036,0.508
3ojsQWU7XWE,86.486,h264,640,480,356037,29.0,46,2547,0,2593,819680,3029350,0,3849030,vp8,5000000,15.0,1920,1080,219656,20.489
0Hwk-yGT-M4,714.371,vp8,1280,720,652356,29.981792,143,21264,0,21407,14532530,43720516,0,58253046,h264,820000,25.0,176,144,165564,6.444
236x-T7D-8g,581.233,h264,480,360,295979,30.0,310,17128,0,17438,10151572,11352574,0,21504146,flv,3000000,12.0,320,240,218932,1.032
3YNh-PI2q64,395.44,vp8,1280,720,1611942,25.027847,80,9806,0,9886,5073258,74605061,0,79678319,mpeg4,3000000,24.0,320,240,221160,2.92
2SkA-cUEaJ0,490.6,h264,480,360,300437,25.0,256,12010,0,12266,1448177,16976151,0,18424328,mpeg4,539000,12.0,320,240,219480,1.908
3o_2-igmsyo,440.967,h264,320,240,281642,30.0,236,12994,0,13230,2444863,13079542,0,15524405,h264,3000000,12.0,640,480,219656,10.625
2Y-k-006Zbs,67.583336,mpeg4,176,144,51225,12.0,15,777,0,792,47585,385164,0,432749,h264,56000,29.97,1920,1080,633436,29.41
3DRy-Stwt9c,385.052,vp8,1280,720,441862,23.979221,77,9155,0,9232,16244376,5023129,0,21267505,h264,242000,29.97,1920,1080,641284,46.727
1s9d-jTKyUw,448.575,vp8,1280,720,2052426,30.002232,92,13349,0,13441,9132637,105950761,0,115083398,vp8,56000,24.0,176,144,217080,5.332
08EV-X022WI,204.938,h264,480,360,297373,16.0,111,3169,0,3280,1451634,6166260,0,7617894,mpeg4,820000,12.0,480,360,81740,1.84
1LXH-OibJYQ,42.2,h264,480,360,288705,25.0,23,1033,0,1056,216154,1306770,0,1522924,h264,109000,25.0,1920,1080,662020,33.61
2tzy-vqeeLY,106.765,h264,1280,720,849586,25.0,66,2603,0,2669,4427240,6911026,0,11338266,vp8,3000000,12.0,480,360,219480,5.016
0ICm-Cu4_aE,476.957,vp8,1280,720,1387100,30.05252,105,14200,0,14305,3487520,79210885,0,82698405,vp8,56000,15.0,1920,1080,165696,21.009
2SkA-cUEaJ0,490.6,h264,480,360,300437,25.0,256,12010,0,12266,1448177,16976151,0,18424328,mpeg4,5000000,12.0,480,360,219480,2.916
236x-T7D-8g,581.233,h264,480,360,295979,30.0,310,17128,0,17438,10151572,11352574,0,21504146,mpeg4,3000000,12.0,480,360,218932,2.324
2NO0-ve7CKM,1140.349,vp8,1280,720,2394626,30.007017,328,33880,0,34208,20478926,320859863,0,341338789,vp8,242000,12.0,320,240,219480,6.516
3fpg-LlHcks,273.816,vp8,1920,1080,1571003,25.065933,77,6766,0,6843,6190779,47579961,0,53770740,vp8,109000,24.0,1280,720,219656,21.961
3fmy-4uvR9U,143.03334,mpeg4,176,144,51082,12.0,31,1685,0,1716,56405,856907,0,913312,h264,109000,29.97,176,144,219480,2.576
0Hwk-yGT-M4,714.371,vp8,1280,720,652356,29.981792,143,21264,0,21407,14532530,43720516,0,58253046,mpeg4,242000,29.97,480,360,164736,4.816
1Vq6-f1kYeM,127.221664,h264,1920,1080,3080852,23.0,70,2980,0,3050,3818903,45174992,0,48993895,mpeg4,242000,25.0,640,480,217348,8.753
1oz8-nezz50,225.08,h264,480,360,538452,25.0,113,5515,0,5628,1873408,13275961,0,15149369,flv,242000,25.0,1920,1080,216820,5.112
0ICm-Cu4_aE,476.957,vp8,1280,720,1387100,30.05252,105,14200,0,14305,3487520,79210885,0,82698405,mpeg4,3000000,25.0,1280,720,165696,7.768
3BVV-0I-JlM,33.09,h264,320,240,279173,13.0,22,434,0,456,101794,1052937,0,1154731,mpeg4,109000,24.0,640,480,219480,4.22
0ckO-lUydcc,177.33333,mpeg4,176,144,53707,12.0,37,2091,0,2128,100969,1089548,0,1190517,vp8,539000,12.0,1920,1080,163024,18.365
3mWp-QQn-1M,167.39166,h264,1280,720,2207484,24.0,86,3931,0,4017,4369420,41819887,0,46189307,h264,3000000,15.0,176,144,219656,7.492
46oD-rS6PC8,95.462,h264,640,480,809256,29.0,51,2811,0,2862,886496,8770159,0,9656655,flv,820000,29.97,1280,720,221160,4.088
3-Wy-Ftbd40,69.93833,mpeg4,176,144,56717,12.0,14,825,0,839,47521,448322,0,495843,mpeg4,242000,12.0,640,480,221152,1.58
4b7b-FY4JPI,203.198,flv,320,240,239336,29.0,104,5974,0,6078,853613,5225468,0,6079081,flv,56000,25.0,640,480,221160,1.108
3ojsQWU7XWE,86.486,h264,640,480,356037,29.0,46,2547,0,2593,819680,3029350,0,3849030,vp8,109000,29.97,480,360,219656,5.46
15fr-zSdCqg,39.055,h264,1920,1080,5992818,30.0,26,1144,0,1170,839251,28416939,0,29256190,mpeg4,539000,24.0,176,144,215848,9.877
0QZJN4yTbbU,34.168,vp8,480,360,186895,30.029411,16,1005,0,1021,238485,559745,0,798230,vp8,5000000,12.0,320,240,165700,2.168
1s9d-jTKyUw,448.575,vp8,1280,720,2052426,30.002232,92,13349,0,13441,9132637,105950761,0,115083398,h264,820000,29.97,176,144,217080,8.173
1a5f-GbYEaM,157.80167,h264,1280,720,2885589,25.0,72,3873,0,3945,5611970,51306874,0,56918844,h264,109000,24.0,1920,1080,697576,42.147
_2al-ZI1Wss,74.535,mpeg4,176,144,55305,12.0,15,879,0,894,23996,491276,0,515272,h264,109000,25.0,176,144,219464,1.68
0Yxo-eU6AjI,326.583,vp8,640,480,1055982,25.039877,102,8061,0,8163,1868804,41239444,0,43108248,flv,242000,24.0,1280,720,213260,3.112
du6h-Necfss,232.2,h264,640,480,541537,25.0,131,5675,0,5806,2695307,13022821,0,15718128,flv,820000,12.0,1280,720,53300,2.0
1a5f-GbYEaM,157.80167,h264,1280,720,2885589,25.0,72,3873,0,3945,5611970,51306874,0,56918844,h264,539000,15.0,640,480,216064,13.421
3YNh-PI2q64,395.44,vp8,1280,720,1611942,25.027847,80,9806,0,9886,5073258,74605061,0,79678319,vp8,3000000,15.0,1920,1080,221160,16.797
3BVV-0I-JlM,33.09,h264,320,240,279173,13.0,22,434,0,456,101794,1052937,0,1154731,mpeg4,5000000,15.0,176,144,219480,1.576
1G6F-Huj2hY,110.966995,h264,480,360,397112,30.0,59,3271,0,3330,529627,4978664,0,5508291,h264,242000,15.0,1920,1080,643032,36.074
0QZJN4yTbbU,34.168,vp8,480,360,186895,30.029411,16,1005,0,1021,238485,559745,0,798230,flv,3000000,24.0,176,144,165700,0.804
0ckO-lUydcc,177.33333,mpeg4,176,144,53707,12.0,37,2091,0,2128,100969,1089548,0,1190517,flv,3000000,15.0,640,480,163632,0.78
1Vq6-f1kYeM,127.221664,h264,1920,1080,3080852,23.0,70,2980,0,3050,3818903,45174992,0,48993895,vp8,56000,12.0,640,480,217348,11.129
3HVJ-p8L33A,163.897,flv,320,240,267032,29.0,87,4826,0,4913,824159,4646573,0,5470732,h264,5000000,12.0,480,360,219656,9.985
gS8k-NdPBWQ,108.565,vp8,640,480,99760,25.12963,27,2687,0,2714,1216673,137138,0,1353811,h264,56000,15.0,1920,1080,635816,17.229
3SQY-ZB8hmI,473.0,h264,320,240,164017,25.0,198,10924,704,11826,1419320,8047423,0,9697521,h264,3000000,15.0,480,360,220900,16.237
22uE-OUUBH8,43.827,flv,320,240,272273,25.0,23,1081,0,1104,137210,1354404,0,1491614,vp8,242000,12.0,320,240,218932,3.072
2AfTeWTxhIg,645.84,vp8,320,240,95903,25.032558,138,16008,0,16146,1081321,6660941,0,7742262,mpeg4,539000,24.0,480,360,218932,3.588
3U8m-ETsTS4,282.56,h264,640,480,559834,25.0,145,6920,0,7065,4966509,14806840,0,19773349,vp8,56000,15.0,1920,1080,221152,19.553
0ckO-lUydcc,177.33333,mpeg4,176,144,53707,12.0,37,2091,0,2128,100969,1089548,0,1190517,flv,539000,24.0,176,144,163632,0.324
2zeL-QQa8Sk,77.233,h264,480,360,382461,30.0,53,2265,0,2318,182297,3510033,0,3692330,mpeg4,242000,29.97,480,360,219480,4.236
3Xyf-6FdtDA,49.178333,mpeg4,176,144,54338,7.0,10,334,0,344,33046,300986,0,334032,vp8,5000000,12.0,1280,720,221160,4.7
2NuI-Bp5brA,80.536,h264,480,360,690041,29.0,43,2374,0,2417,618732,6327913,0,6946645,vp8,5000000,15.0,480,360,219480,8.849
4b7b-FY4JPI,203.198,flv,320,240,239336,29.0,104,5974,0,6078,853613,5225468,0,6079081,h264,5000000,25.0,1280,720,300968,70.836
2HTJjLLaFL0,379.32,h264,480,360,181960,25.0,195,9289,0,9484,3392479,5235193,0,8627672,h264,539000,15.0,1280,720,325596,17.949
2pet-NcSXvY,37.011665,h264,1280,720,2759449,29.0,21,1088,0,1109,1899633,10866846,0,12766479,h264,109000,24.0,640,480,219480,16.557
28BV-NZV3C8,326.58832,h264,1920,1080,5999648,23.0,174,7656,0,7830,16603953,228322925,0,244926878,h264,242000,12.0,176,144,218932,10.425
0Yxo-eU6AjI,326.583,vp8,640,480,1055982,25.039877,102,8061,0,8163,1868804,41239444,0,43108248,h264,820000,12.0,1280,720,321712,33.482
1LXH-OibJYQ,42.2,h264,480,360,288705,25.0,23,1033,0,1056,216154,1306770,0,1522924,vp8,539000,29.97,320,240,216820,2.748
22uE-OUUBH8,43.827,flv,320,240,272273,25.0,23,1081,0,1104,137210,1354404,0,1491614,h264,242000,25.0,176,144,218932,3.156
0QZJN4yTbbU,34.168,vp8,480,360,186895,30.029411,16,1005,0,1021,238485,559745,0,798230,mpeg4,3000000,12.0,640,480,165700,2.536
04t6-jw9czg,130.35667,mpeg4,176,144,54590,12.0,27,1537,0,1564,64483,825054,0,889537,mpeg4,539000,29.97,176,144,31392,1.056
1LXH-OibJYQ,42.2,h264,480,360,288705,25.0,23,1033,0,1056,216154,1306770,0,1522924,h264,3000000,15.0,640,480,216820,12.829
0Hwk-yGT-M4,714.371,vp8,1280,720,652356,29.981792,143,21264,0,21407,14532530,43720516,0,58253046,flv,3000000,12.0,320,240,165564,3.164
2NuI-Bp5brA,80.536,h264,480,360,690041,29.0,43,2374,0,2417,618732,6327913,0,6946645,h264,109000,29.97,1920,1080,666368,63.988
236x-T7D-8g,581.233,h264,480,360,295979,30.0,310,17128,0,17438,10151572,11352574,0,21504146,mpeg4,242000,25.0,640,480,218932,4.944
0a6_--ZJXTE,290.01666,mpeg4,176,144,52783,12.0,61,3417,0,3478,119325,1794184,0,1913509,mpeg4,242000,24.0,176,144,126320,0.92
2u-5-Io725E,426.945,h264,1280,720,1064703,29.0,228,12567,0,12795,11297544,45523691,0,56821235,h264,242000,15.0,480,360,219480,9.409
3_fF9rtYCQ0,256.20834,mpeg4,176,144,57565,12.0,56,3018,0,3074,302900,1540700,0,1843600,mpeg4,56000,25.0,1920,1080,219480,11.709
236x-T7D-8g,581.233,h264,480,360,295979,30.0,310,17128,0,17438,10151572,11352574,0,21504146,flv,539000,15.0,320,240,218932,1.088
2u-5-Io725E,426.945,h264,1280,720,1064703,29.0,228,12567,0,12795,11297544,45523691,0,56821235,mpeg4,3000000,29.97,1280,720,219480,8.213
0I0e-5-iR3A,906.5983,mpeg4,176,144,56108,12.0,187,10692,0,10879,597549,5760936,0,6358485,vp8,109000,24.0,640,480,165668,4.396
0OUmDeBapbQ,316.95166,mpeg4,176,144,55396,12.0,64,3739,0,3803,111850,2082902,0,2194752,h264,242000,29.97,1280,720,317200,24.958
3N6c-uPdNas,69.933,flv,320,240,272898,15.0,37,1013,0,1050,349781,2035796,0,2385577,mpeg4,539000,29.97,320,240,219656,2.128
3AYz-PCa1aI,391.08,h264,640,480,230847,25.0,209,9569,0,9778,9023743,2261252,0,11284995,vp8,820000,12.0,176,144,219480,1.324
2kFF-0kB_4w,339.667,h264,640,480,257699,30.0,181,10010,0,10191,10121223,820261,0,10941484,mpeg4,109000,24.0,640,480,219480,3.612
1KXW-XA6QkQ,255.28,flv,320,240,250276,25.0,110,6272,0,6382,611474,7374864,0,7986338,flv,242000,24.0,176,144,216820,0.448
2HTJjLLaFL0,379.32,h264,480,360,181960,25.0,195,9289,0,9484,3392479,5235193,0,8627672,vp8,3000000,24.0,320,240,219480,2.296
3U8m-ETsTS4,282.56,h264,640,480,559834,25.0,145,6920,0,7065,4966509,14806840,0,19773349,flv,242000,24.0,320,240,221152,1.164
0Axi-TRoqVA,59.883,vp8,1280,720,994960,30.38983,13,1780,0,1793,481774,6965881,0,7447655,vp8,56000,12.0,320,240,155028,3.908
2NuI-Bp5brA,80.536,h264,480,360,690041,29.0,43,2374,0,2417,618732,6327913,0,6946645,flv,539000,24.0,176,144,219480,1.416
3Xyf-6FdtDA,49.178333,mpeg4,176,144,54338,7.0,10,334,0,344,33046,300986,0,334032,vp8,109000,25.0,640,480,221160,2.16
4keb-__zqyQ,452.689,vp8,320,240,66680,5.7057524,42,2537,0,2579,207037,3566163,0,3773200,mpeg4,3000000,29.97,1920,1080,247900,16.069
3dI-kJGuWbY,292.092,h264,480,360,480125,29.0,156,8599,0,8755,2375028,15155062,0,17530090,vp8,56000,24.0,320,240,219480,4.396
3U8m-ETsTS4,282.56,h264,640,480,559834,25.0,145,6920,0,7065,4966509,14806840,0,19773349,flv,820000,25.0,480,360,221152,1.484
2TXm-QHXCzU,270.655,vp8,640,480,652967,30.062963,89,8028,0,8117,1912240,20178890,0,22091130,h264,3000000,25.0,1280,720,319144,78.865
3HVJ-p8L33A,163.897,flv,320,240,267032,29.0,87,4826,0,4913,824159,4646573,0,5470732,h264,5000000,12.0,320,240,219656,3.628
0ICm-Cu4_aE,476.957,vp8,1280,720,1387100,30.05252,105,14200,0,14305,3487520,79210885,0,82698405,flv,56000,29.97,480,360,165700,3.248
2tzy-vqeeLY,106.765,h264,1280,720,849586,25.0,66,2603,0,2669,4427240,6911026,0,11338266,vp8,539000,15.0,640,480,219480,6.756
1Nc0-MKuExg,107.443,vp8,480,360,320011,30.093458,30,3190,0,3220,671936,3625932,0,4297868,flv,5000000,15.0,480,360,216820,1.088
3ojsQWU7XWE,86.486,h264,640,480,356037,29.0,46,2547,0,2593,819680,3029350,0,3849030,flv,5000000,29.97,1920,1080,219656,6.668
1RMD-MxzJn8,64.933,flv,320,240,236793,15.0,39,936,0,975,318954,1603007,0,1921961,h264,56000,29.97,1920,1080,609396,37.73
1Y-Y-RHCxRQ,189.956,flv,320,240,231296,29.0,97,5597,0,5694,580292,4911734,0,5492026,vp8,56000,24.0,176,144,218664,1.088
3-Wy-Ftbd40,69.93833,mpeg4,176,144,56717,12.0,14,825,0,839,47521,448322,0,495843,flv,539000,15.0,1920,1080,221152,2.492
08EV-X022WI,204.938,h264,480,360,297373,16.0,111,3169,0,3280,1451634,6166260,0,7617894,h264,109000,25.0,320,240,91052,3.096
08EV-X022WI,204.938,h264,480,360,297373,16.0,111,3169,0,3280,1451634,6166260,0,7617894,mpeg4,56000,15.0,640,480,76672,2.736
2u-5-Io725E,426.945,h264,1280,720,1064703,29.0,228,12567,0,12795,11297544,45523691,0,56821235,mpeg4,3000000,24.0,1280,720,219480,7.384
25TI-jx-cag,176.901,vp8,480,360,26968,25.113636,38,4382,0,4420,393395,202954,0,596349,mpeg4,5000000,12.0,1920,1080,218932,5.04
3ojsQWU7XWE,86.486,h264,640,480,356037,29.0,46,2547,0,2593,819680,3029350,0,3849030,flv,5000000,29.97,320,240,219656,1.32
1D3O-16kzhQ,274.541,vp8,480,360,139791,30.029198,58,8170,0,8228,802625,3994697,0,4797322,mpeg4,3000000,25.0,176,144,216064,2.332
2u-5-Io725E,426.945,h264,1280,720,1064703,29.0,228,12567,0,12795,11297544,45523691,0,56821235,vp8,3000000,24.0,480,360,219480,8.529
EjXd-iJnQDA,76.253334,mpeg4,176,144,54724,12.0,16,899,0,915,54067,467553,0,521620,h264,820000,29.97,640,480,134280,18.429
0Hwk-yGT-M4,714.371,vp8,1280,720,652356,29.981792,143,21264,0,21407,14532530,43720516,0,58253046,h264,3000000,29.97,1920,1080,680816,133.68
4Fob-eSnrb8,1768.9417,mpeg4,176,144,56152,12.0,354,20873,0,21227,1382103,11034284,0,12416387,vp8,820000,24.0,320,240,222724,3.072
3AYz-PCa1aI,391.08,h264,640,480,230847,25.0,209,9569,0,9778,9023743,2261252,0,11284995,vp8,3000000,12.0,480,360,219480,2.328
08EV-X022WI,204.938,h264,480,360,297373,16.0,111,3169,0,3280,1451634,6166260,0,7617894,flv,3000000,24.0,480,360,90560,0.836
3o_2-igmsyo,440.967,h264,320,240,281642,30.0,236,12994,0,13230,2444863,13079542,0,15524405,h264,56000,24.0,320,240,219656,2.628
3HVJ-p8L33A,163.897,flv,320,240,267032,29.0,87,4826,0,4913,824159,4646573,0,5470732,vp8,539000,15.0,320,240,219656,2.104
3SQY-ZB8hmI,473.0,h264,320,240,164017,25.0,198,10924,704,11826,1419320,8047423,0,9697521,flv,242000,15.0,480,360,220900,1.0
1Y-Y-RHCxRQ,189.956,flv,320,240,231296,29.0,97,5597,0,5694,580292,4911734,0,5492026,mpeg4,242000,29.97,1920,1080,218192,17.233
2NO0-ve7CKM,1140.349,vp8,1280,720,2394626,30.007017,328,33880,0,34208,20478926,320859863,0,341338789,mpeg4,109000,24.0,320,240,219480,4.328
2SkA-cUEaJ0,490.6,h264,480,360,300437,25.0,256,12010,0,12266,1448177,16976151,0,18424328,mpeg4,5000000,12.0,1920,1080,219480,8.289
25TI-jx-cag,176.901,vp8,480,360,26968,25.113636,38,4382,0,4420,393395,202954,0,596349,vp8,539000,15.0,480,360,218932,1.848
1tos-YhVzA4,222.53334,h264,480,360,500449,30.0,219,6457,0,6676,2821722,11099102,0,13920824,flv,242000,25.0,1920,1080,217348,5.632
_2al-ZI1Wss,74.535,mpeg4,176,144,55305,12.0,15,879,0,894,23996,491276,0,515272,flv,5000000,24.0,1280,720,219464,1.628
1ZzJ-T2FJAw,250.017,h264,320,240,153059,29.0,128,7366,0,7494,856855,3926589,0,4783444,mpeg4,5000000,24.0,320,240,218664,2.612
4Fob-eSnrb8,1768.9417,mpeg4,176,144,56152,12.0,354,20873,0,21227,1382103,11034284,0,12416387,mpeg4,109000,29.97,480,360,221160,2.312
236x-T7D-8g,581.233,h264,480,360,295979,30.0,310,17128,0,17438,10151572,11352574,0,21504146,flv,109000,25.0,1920,1080,218932,5.8
4BJV-yiTcus,254.922,vp8,480,360,260667,30.062992,51,7585,0,7636,918325,7387906,0,8306231,vp8,5000000,12.0,176,144,221160,1.82
3Xyf-6FdtDA,49.178333,mpeg4,176,144,54338,7.0,10,334,0,344,33046,300986,0,334032,vp8,539000,15.0,1920,1080,221160,11.421
0_VA-rJgmMI,750.433,vp8,1280,720,794075,13.482667,81,10031,0,10112,3852576,70635013,0,74487589,vp8,56000,25.0,176,144,165700,2.388
2Y-k-006Zbs,67.583336,mpeg4,176,144,51225,12.0,15,777,0,792,47585,385164,0,432749,vp8,539000,29.97,176,144,219480,0.844
3U8m-ETsTS4,282.56,h264,640,480,559834,25.0,145,6920,0,7065,4966509,14806840,0,19773349,vp8,3000000,15.0,176,144,221152,1.744
3AYz-PCa1aI,391.08,h264,640,480,230847,25.0,209,9569,0,9778,9023743,2261252,0,11284995,h264,539000,25.0,640,480,219480,7.836
1YDt-FkeZ4E,98.683334,mpeg4,176,144,55552,12.0,20,1164,0,1184,48267,636993,0,685260,h264,109000,25.0,1280,720,310220,14.337
3ojsQWU7XWE,86.486,h264,640,480,356037,29.0,46,2547,0,2593,819680,3029350,0,3849030,mpeg4,109000,29.97,640,480,219656,5.248
2pet-NcSXvY,37.011665,h264,1280,720,2759449,29.0,21,1088,0,1109,1899633,10866846,0,12766479,flv,3000000,12.0,640,480,219480,5.508
2kFF-0kB_4w,339.667,h264,640,480,257699,30.0,181,10010,0,10191,10121223,820261,0,10941484,flv,5000000,29.97,640,480,219480,1.556
ZLk1-yDDKLA,68.034996,flv,320,240,275456,29.0,36,2004,0,2040,256153,2086429,0,2342582,mpeg4,109000,24.0,640,480,87272,4.456
1WrA-SRsgEk,384.451,h264,640,480,646432,29.0,205,11318,0,11523,2839955,28225248,0,31065203,mpeg4,3000000,29.97,1280,720,217568,11.905
1G6F-Huj2hY,110.966995,h264,480,360,397112,30.0,59,3271,0,3330,529627,4978664,0,5508291,mpeg4,820000,24.0,176,144,216820,3.084
3SQY-ZB8hmI,473.0,h264,320,240,164017,25.0,198,10924,704,11826,1419320,8047423,0,9697521,mpeg4,56000,29.97,1920,1080,219656,16.449
2Y-k-006Zbs,67.583336,mpeg4,176,144,51225,12.0,15,777,0,792,47585,385164,0,432749,h264,56000,24.0,1280,720,308880,13.357
22uE-OUUBH8,43.827,flv,320,240,272273,25.0,23,1081,0,1104,137210,1354404,0,1491614,h264,56000,29.97,1280,720,296732,25.766
0QZJN4yTbbU,34.168,vp8,480,360,186895,30.029411,16,1005,0,1021,238485,559745,0,798230,h264,56000,25.0,320,240,165700,2.68
2AfTeWTxhIg,645.84,vp8,320,240,95903,25.032558,138,16008,0,16146,1081321,6660941,0,7742262,h264,109000,29.97,320,240,219200,4.532
3ODf-KYiOZw,63.667,h264,640,480,972572,15.0,33,923,0,956,1259657,6480438,0,7740095,mpeg4,3000000,24.0,1280,720,219656,9.425
3dI-kJGuWbY,292.092,h264,480,360,480125,29.0,156,8599,0,8755,2375028,15155062,0,17530090,flv,539000,12.0,320,240,219480,1.256
2AfTeWTxhIg,645.84,vp8,320,240,95903,25.032558,138,16008,0,16146,1081321,6660941,0,7742262,flv,56000,25.0,480,360,219200,0.94
0I0e-5-iR3A,906.5983,mpeg4,176,144,56108,12.0,187,10692,0,10879,597549,5760936,0,6358485,vp8,539000,12.0,1280,720,165668,11.709
4b7b-FY4JPI,203.198,flv,320,240,239336,29.0,104,5974,0,6078,853613,5225468,0,6079081,h264,539000,29.97,640,480,221160,15.657
0QZJN4yTbbU,34.168,vp8,480,360,186895,30.029411,16,1005,0,1021,238485,559745,0,798230,h264,109000,25.0,176,144,165700,1.828
2u-5-Io725E,426.945,h264,1280,720,1064703,29.0,228,12567,0,12795,11297544,45523691,0,56821235,vp8,242000,12.0,176,144,219480,4.236
1RMD-MxzJn8,64.933,flv,320,240,236793,15.0,39,936,0,975,318954,1603007,0,1921961,h264,820000,12.0,320,240,217080,3.96
1L6x-TgAldY,286.995,h264,480,360,508160,23.0,156,6726,0,6882,2285153,15944803,0,18229956,mpeg4,5000000,24.0,640,480,216820,6.876
3fpg-LlHcks,273.816,vp8,1920,1080,1571003,25.065933,77,6766,0,6843,6190779,47579961,0,53770740,mpeg4,5000000,29.97,480,360,219656,6.636
1ZzJ-T2FJAw,250.017,h264,320,240,153059,29.0,128,7366,0,7494,856855,3926589,0,4783444,vp8,539000,12.0,176,144,218664,1.468
25TI-jx-cag,176.901,vp8,480,360,26968,25.113636,38,4382,0,4420,393395,202954,0,596349,vp8,3000000,29.97,1920,1080,218932,21.601
3Wdg-dsGihA,340.424,flv,320,240,244491,11.0,69,4012,0,4081,1168939,9234909,0,10403848,mpeg4,242000,29.97,1920,1080,221152,14.221
3HVJ-p8L33A,163.897,flv,320,240,267032,29.0,87,4826,0,4913,824159,4646573,0,5470732,mpeg4,109000,24.0,1280,720,219656,7.428
0ckO-lUydcc,177.33333,mpeg4,176,144,53707,12.0,37,2091,0,2128,100969,1089548,0,1190517,flv,5000000,25.0,1280,720,163632,1.744
3o_2-igmsyo,440.967,h264,320,240,281642,30.0,236,12994,0,13230,2444863,13079542,0,15524405,mpeg4,3000000,12.0,640,480,219656,2.592
2AfTeWTxhIg,645.84,vp8,320,240,95903,25.032558,138,16008,0,16146,1081321,6660941,0,7742262,vp8,56000,15.0,480,360,218932,3.704
28BV-NZV3C8,326.58832,h264,1920,1080,5999648,23.0,174,7656,0,7830,16603953,228322925,0,244926878,flv,3000000,25.0,1920,1080,218932,10.733
4Fob-eSnrb8,1768.9417,mpeg4,176,144,56152,12.0,354,20873,0,21227,1382103,11034284,0,12416387,h264,56000,24.0,176,144,239036,1.604
1Vq6-f1kYeM,127.221664,h264,1920,1080,3080852,23.0,70,2980,0,3050,3818903,45174992,0,48993895,flv,242000,12.0,176,144,217544,7.636
3BVV-0I-JlM,33.09,h264,320,240,279173,13.0,22,434,0,456,101794,1052937,0,1154731,h264,820000,25.0,640,480,219480,17.565
1tos-YhVzA4,222.53334,h264,480,360,500449,30.0,219,6457,0,6676,2821722,11099102,0,13920824,mpeg4,820000,24.0,320,240,217336,2.196
1Y-Y-RHCxRQ,189.956,flv,320,240,231296,29.0,97,5597,0,5694,580292,4911734,0,5492026,mpeg4,5000000,12.0,480,360,218664,2.044
3fmy-4uvR9U,143.03334,mpeg4,176,144,51082,12.0,31,1685,0,1716,56405,856907,0,913312,h264,3000000,12.0,480,360,219656,12.513
3ODf-KYiOZw,63.667,h264,640,480,972572,15.0,33,923,0,956,1259657,6480438,0,7740095,vp8,242000,15.0,480,360,219656,7.4
3YNh-PI2q64,395.44,vp8,1280,720,1611942,25.027847,80,9806,0,9886,5073258,74605061,0,79678319,h264,3000000,24.0,1280,720,316564,24.682
3Wdg-dsGihA,340.424,flv,320,240,244491,11.0,69,4012,0,4081,1168939,9234909,0,10403848,h264,539000,29.97,1280,720,297084,35.038
1s9d-jTKyUw,448.575,vp8,1280,720,2052426,30.002232,92,13349,0,13441,9132637,105950761,0,115083398,flv,5000000,25.0,320,240,217080,3.968
1RMD-MxzJn8,64.933,flv,320,240,236793,15.0,39,936,0,975,318954,1603007,0,1921961,mpeg4,820000,12.0,320,240,217080,1.332
46oD-rS6PC8,95.462,h264,640,480,809256,29.0,51,2811,0,2862,886496,8770159,0,9656655,flv,56000,25.0,1280,720,221160,3.664
1Nc0-MKuExg,107.443,vp8,480,360,320011,30.093458,30,3190,0,3220,671936,3625932,0,4297868,mpeg4,5000000,25.0,1920,1080,216820,14.533
3BVV-0I-JlM,33.09,h264,320,240,279173,13.0,22,434,0,456,101794,1052937,0,1154731,vp8,3000000,15.0,320,240,219480,3.172
3fmy-4uvR9U,143.03334,mpeg4,176,144,51082,12.0,31,1685,0,1716,56405,856907,0,913312,flv,539000,24.0,320,240,219480,0.452
2ApZ-KZ-pEk,157.891,h264,480,360,406908,29.0,87,4646,0,4733,1776729,6254165,0,8030894,h264,242000,29.97,480,360,219464,8.093
4NcD-WQyXCQ,860.056,vp8,1280,720,2688309,29.968605,277,25496,0,25773,12989828,276022270,0,289012098,flv,56000,29.97,1280,720,262784,6.132
3N6c-uPdNas,69.933,flv,320,240,272898,15.0,37,1013,0,1050,349781,2035796,0,2385577,flv,56000,24.0,480,360,219656,0.584
0Au5-4UDHco,52.68,h264,480,360,372001,25.0,53,1265,0,1318,870136,1579497,0,2449633,vp8,3000000,24.0,176,144,140080,2.628
3DRy-Stwt9c,385.052,vp8,1280,720,441862,23.979221,77,9155,0,9232,16244376,5023129,0,21267505,flv,242000,24.0,480,360,219480,1.776
3YNh-PI2q64,395.44,vp8,1280,720,1611942,25.027847,80,9806,0,9886,5073258,74605061,0,79678319,vp8,5000000,25.0,1920,1080,221160,25.362
4Fob-eSnrb8,1768.9417,mpeg4,176,144,56152,12.0,354,20873,0,21227,1382103,11034284,0,12416387,flv,242000,29.97,320,240,231176,0.408
2TXm-QHXCzU,270.655,vp8,640,480,652967,30.062963,89,8028,0,8117,1912240,20178890,0,22091130,vp8,3000000,12.0,176,144,219480,2.864
1s9d-jTKyUw,448.575,vp8,1280,720,2052426,30.002232,92,13349,0,13441,9132637,105950761,0,115083398,vp8,539000,24.0,176,144,217080,5.364
2u-5-Io725E,426.945,h264,1280,720,1064703,29.0,228,12567,0,12795,11297544,45523691,0,56821235,flv,539000,24.0,1280,720,219480,4.144
0Au5-4UDHco,52.68,h264,480,360,372001,25.0,53,1265,0,1318,870136,1579497,0,2449633,vp8,242000,12.0,1920,1080,140080,20.545
2pet-NcSXvY,37.011665,h264,1280,720,2759449,29.0,21,1088,0,1109,1899633,10866846,0,12766479,vp8,109000,29.97,640,480,219480,17.445
1lkF-VNDcss,458.625,h264,640,480,517364,29.0,245,13501,0,13746,5308581,24350943,0,29659524,vp8,3000000,15.0,640,480,216820,4.156
3ODf-KYiOZw,63.667,h264,640,480,972572,15.0,33,923,0,956,1259657,6480438,0,7740095,flv,109000,25.0,176,144,219656,1.272
1hEL-mcI-tM,304.927,vp8,320,240,134334,25.075659,82,7541,0,7623,833754,4286526,0,5120280,flv,242000,25.0,176,144,216820,0.624
3ojsQWU7XWE,86.486,h264,640,480,356037,29.0,46,2547,0,2593,819680,3029350,0,3849030,flv,242000,25.0,176,144,219656,1.208
1D3O-16kzhQ,274.541,vp8,480,360,139791,30.029198,58,8170,0,8228,802625,3994697,0,4797322,h264,109000,29.97,480,360,216820,6.452
0I0e-5-iR3A,906.5983,mpeg4,176,144,56108,12.0,187,10692,0,10879,597549,5760936,0,6358485,vp8,539000,15.0,640,480,165668,5.728
1tos-YhVzA4,222.53334,h264,480,360,500449,30.0,219,6457,0,6676,2821722,11099102,0,13920824,vp8,109000,15.0,176,144,217336,1.88
236x-T7D-8g,581.233,h264,480,360,295979,30.0,310,17128,0,17438,10151572,11352574,0,21504146,flv,3000000,24.0,480,360,218932,1.256
3ojsQWU7XWE,86.486,h264,640,480,356037,29.0,46,2547,0,2593,819680,3029350,0,3849030,h264,109000,15.0,640,480,219656,5.648
1s9d-jTKyUw,448.575,vp8,1280,720,2052426,30.002232,92,13349,0,13441,9132637,105950761,0,115083398,flv,109000,15.0,1280,720,217080,4.404
1ZzJ-T2FJAw,250.017,h264,320,240,153059,29.0,128,7366,0,7494,856855,3926589,0,4783444,mpeg4,242000,12.0,1280,720,218664,3.848
1Y-Y-RHCxRQ,189.956,flv,320,240,231296,29.0,97,5597,0,5694,580292,4911734,0,5492026,flv,242000,25.0,176,144,218664,0.44
0Hwk-yGT-M4,714.371,vp8,1280,720,652356,29.981792,143,21264,0,21407,14532530,43720516,0,58253046,h264,3000000,25.0,1280,720,329244,64.0
_2al-ZI1Wss,74.535,mpeg4,176,144,55305,12.0,15,879,0,894,23996,491276,0,515272,vp8,56000,29.97,1280,720,219200,7.552
3xUU-YRicZA,131.76,vp8,640,480,104723,25.145039,37,3257,0,3294,945865,778937,0,1724802,vp8,5000000,25.0,176,144,221152,1.532
08EV-X022WI,204.938,h264,480,360,297373,16.0,111,3169,0,3280,1451634,6166260,0,7617894,mpeg4,539000,15.0,176,144,80900,1.476
0Yxo-eU6AjI,326.583,vp8,640,480,1055982,25.039877,102,8061,0,8163,1868804,41239444,0,43108248,h264,109000,25.0,480,360,215712,8.657
4NcD-WQyXCQ,860.056,vp8,1280,720,2688309,29.968605,277,25496,0,25773,12989828,276022270,0,289012098,vp8,539000,25.0,640,480,262296,19.285
2Y-k-006Zbs,67.583336,mpeg4,176,144,51225,12.0,15,777,0,792,47585,385164,0,432749,mpeg4,242000,15.0,480,360,219480,1.48
08EV-X022WI,204.938,h264,480,360,297373,16.0,111,3169,0,3280,1451634,6166260,0,7617894,vp8,242000,15.0,480,360,83000,3.252
0Axi-TRoqVA,59.883,vp8,1280,720,994960,30.38983,13,1780,0,1793,481774,6965881,0,7447655,flv,5000000,24.0,640,480,162508,3.808
22uE-OUUBH8,43.827,flv,320,240,272273,25.0,23,1081,0,1104,137210,1354404,0,1491614,mpeg4,109000,15.0,1280,720,218932,4.596
_2al-ZI1Wss,74.535,mpeg4,176,144,55305,12.0,15,879,0,894,23996,491276,0,515272,h264,3000000,24.0,480,360,219464,9.617
09oUj9EDIDo,239.14166,h264,480,360,500198,25.0,110,5868,0,5978,1406751,13545526,0,14952277,flv,820000,15.0,640,480,113268,1.576
22uE-OUUBH8,43.827,flv,320,240,272273,25.0,23,1081,0,1104,137210,1354404,0,1491614,vp8,539000,29.97,480,360,218932,8.029
42hr-6A1jYc,311.1,mpeg4,176,144,56416,12.0,113,3620,0,3733,127552,2066350,0,2193902,vp8,3000000,12.0,320,240,221160,1.256
3YNh-PI2q64,395.44,vp8,1280,720,1611942,25.027847,80,9806,0,9886,5073258,74605061,0,79678319,flv,5000000,25.0,1920,1080,221160,6.064
3ojsQWU7XWE,86.486,h264,640,480,356037,29.0,46,2547,0,2593,819680,3029350,0,3849030,vp8,5000000,29.97,320,240,219656,3.044
2u-5-Io725E,426.945,h264,1280,720,1064703,29.0,228,12567,0,12795,11297544,45523691,0,56821235,mpeg4,820000,15.0,1920,1080,219480,9.377
0ICm-Cu4_aE,476.957,vp8,1280,720,1387100,30.05252,105,14200,0,14305,3487520,79210885,0,82698405,mpeg4,5000000,12.0,640,480,165696,3.944
42hr-6A1jYc,311.1,mpeg4,176,144,56416,12.0,113,3620,0,3733,127552,2066350,0,2193902,mpeg4,3000000,24.0,640,480,221160,2.556
0Au5-4UDHco,52.68,h264,480,360,372001,25.0,53,1265,0,1318,870136,1579497,0,2449633,vp8,56000,15.0,1280,720,140080,11.841
4BJV-yiTcus,254.922,vp8,480,360,260667,30.062992,51,7585,0,7636,918325,7387906,0,8306231,flv,539000,29.97,640,480,221160,1.688
1L6x-TgAldY,286.995,h264,480,360,508160,23.0,156,6726,0,6882,2285153,15944803,0,18229956,flv,242000,29.97,176,144,216820,1.092
3SQY-ZB8hmI,473.0,h264,320,240,164017,25.0,198,10924,704,11826,1419320,8047423,0,9697521,vp8,3000000,25.0,1280,720,220900,24.23
3fmy-4uvR9U,143.03334,mpeg4,176,144,51082,12.0,31,1685,0,1716,56405,856907,0,913312,h264,3000000,15.0,640,480,219656,19.657
1D3O-16kzhQ,274.541,vp8,480,360,139791,30.029198,58,8170,0,8228,802625,3994697,0,4797322,vp8,56000,15.0,640,480,216064,4.376
4keb-__zqyQ,452.689,vp8,320,240,66680,5.7057524,42,2537,0,2579,207037,3566163,0,3773200,h264,56000,15.0,1280,720,315328,15.569
3YNh-PI2q64,395.44,vp8,1280,720,1611942,25.027847,80,9806,0,9886,5073258,74605061,0,79678319,flv,3000000,25.0,640,480,221160,2.0
3AYz-PCa1aI,391.08,h264,640,480,230847,25.0,209,9569,0,9778,9023743,2261252,0,11284995,h264,56000,25.0,480,360,219480,4.08
1D3O-16kzhQ,274.541,vp8,480,360,139791,30.029198,58,8170,0,8228,802625,3994697,0,4797322,vp8,56000,29.97,1280,720,216064,15.561
3dI-kJGuWbY,292.092,h264,480,360,480125,29.0,156,8599,0,8755,2375028,15155062,0,17530090,mpeg4,820000,15.0,640,480,219480,3.952
1lkF-VNDcss,458.625,h264,640,480,517364,29.0,245,13501,0,13746,5308581,24350943,0,29659524,h264,539000,15.0,1920,1080,679448,37.298
2SkA-cUEaJ0,490.6,h264,480,360,300437,25.0,256,12010,0,12266,1448177,16976151,0,18424328,mpeg4,820000,12.0,640,480,219480,3.18
2SkA-cUEaJ0,490.6,h264,480,360,300437,25.0,256,12010,0,12266,1448177,16976151,0,18424328,flv,5000000,12.0,480,360,219480,1.048
2ApZ-KZ-pEk,157.891,h264,480,360,406908,29.0,87,4646,0,4733,1776729,6254165,0,8030894,vp8,5000000,25.0,176,144,219464,2.072
1oz8-nezz50,225.08,h264,480,360,538452,25.0,113,5515,0,5628,1873408,13275961,0,15149369,mpeg4,539000,12.0,176,144,216820,1.524
4keb-__zqyQ,452.689,vp8,320,240,66680,5.7057524,42,2537,0,2579,207037,3566163,0,3773200,h264,242000,12.0,176,144,252428,2.296
1oz8-nezz50,225.08,h264,480,360,538452,25.0,113,5515,0,5628,1873408,13275961,0,15149369,h264,56000,12.0,640,480,216820,5.304
1YDt-FkeZ4E,98.683334,mpeg4,176,144,55552,12.0,20,1164,0,1184,48267,636993,0,685260,vp8,5000000,24.0,320,240,217880,1.244
42hr-6A1jYc,311.1,mpeg4,176,144,56416,12.0,113,3620,0,3733,127552,2066350,0,2193902,mpeg4,820000,12.0,640,480,221160,1.604
09oUj9EDIDo,239.14166,h264,480,360,500198,25.0,110,5868,0,5978,1406751,13545526,0,14952277,vp8,242000,24.0,1280,720,99868,18.377
3DRy-Stwt9c,385.052,vp8,1280,720,441862,23.979221,77,9155,0,9232,16244376,5023129,0,21267505,mpeg4,56000,24.0,1280,720,219480,7.876
2Y-k-006Zbs,67.583336,mpeg4,176,144,51225,12.0,15,777,0,792,47585,385164,0,432749,vp8,242000,25.0,176,144,219480,0.868
1YDt-FkeZ4E,98.683334,mpeg4,176,144,55552,12.0,20,1164,0,1184,48267,636993,0,685260,flv,56000,12.0,640,480,217880,0.548
1YDt-FkeZ4E,98.683334,mpeg4,176,144,55552,12.0,20,1164,0,1184,48267,636993,0,685260,flv,109000,12.0,1920,1080,217880,2.296
1KXW-XA6QkQ,255.28,flv,320,240,250276,25.0,110,6272,0,6382,611474,7374864,0,7986338,mpeg4,242000,12.0,320,240,216820,1.392
22uE-OUUBH8,43.827,flv,320,240,272273,25.0,23,1081,0,1104,137210,1354404,0,1491614,h264,820000,25.0,176,144,218932,4.596
1s9d-jTKyUw,448.575,vp8,1280,720,2052426,30.002232,92,13349,0,13441,9132637,105950761,0,115083398,flv,5000000,25.0,640,480,217080,5.08
04t6-jw9czg,130.35667,mpeg4,176,144,54590,12.0,27,1537,0,1564,64483,825054,0,889537,h264,56000,24.0,1280,720,304404,18.453
0OUmDeBapbQ,316.95166,mpeg4,176,144,55396,12.0,64,3739,0,3803,111850,2082902,0,2194752,flv,242000,15.0,176,144,165700,0.292
3Xyf-6FdtDA,49.178333,mpeg4,176,144,54338,7.0,10,334,0,344,33046,300986,0,334032,flv,56000,29.97,1280,720,221160,0.816
1WrA-SRsgEk,384.451,h264,640,480,646432,29.0,205,11318,0,11523,2839955,28225248,0,31065203,flv,539000,15.0,176,144,217828,1.504
3fpg-LlHcks,273.816,vp8,1920,1080,1571003,25.065933,77,6766,0,6843,6190779,47579961,0,53770740,flv,109000,24.0,1920,1080,219656,7.62
42hr-6A1jYc,311.1,mpeg4,176,144,56416,12.0,113,3620,0,3733,127552,2066350,0,2193902,flv,820000,25.0,176,144,221160,0.28
2kFF-0kB_4w,339.667,h264,640,480,257699,30.0,181,10010,0,10191,10121223,820261,0,10941484,flv,242000,29.97,480,360,219480,1.568
3fpg-LlHcks,273.816,vp8,1920,1080,1571003,25.065933,77,6766,0,6843,6190779,47579961,0,53770740,flv,56000,12.0,320,240,219656,5.108
2SkA-cUEaJ0,490.6,h264,480,360,300437,25.0,256,12010,0,12266,1448177,16976151,0,18424328,h264,3000000,15.0,480,360,219480,11.873
3_fF9rtYCQ0,256.20834,mpeg4,176,144,57565,12.0,56,3018,0,3074,302900,1540700,0,1843600,mpeg4,56000,15.0,176,144,219480,0.696
0Axi-TRoqVA,59.883,vp8,1280,720,994960,30.38983,13,1780,0,1793,481774,6965881,0,7447655,h264,242000,29.97,480,360,162656,14.873
3Wdg-dsGihA,340.424,flv,320,240,244491,11.0,69,4012,0,4081,1168939,9234909,0,10403848,flv,109000,25.0,480,360,221152,0.476
3N6c-uPdNas,69.933,flv,320,240,272898,15.0,37,1013,0,1050,349781,2035796,0,2385577,flv,3000000,24.0,640,480,219656,1.12
04t6-jw9czg,130.35667,mpeg4,176,144,54590,12.0,27,1537,0,1564,64483,825054,0,889537,mpeg4,820000,29.97,176,144,33400,0.94
0OUmDeBapbQ,316.95166,mpeg4,176,144,55396,12.0,64,3739,0,3803,111850,2082902,0,2194752,vp8,820000,24.0,1280,720,165700,13.253
3U8m-ETsTS4,282.56,h264,640,480,559834,25.0,145,6920,0,7065,4966509,14806840,0,19773349,vp8,56000,12.0,640,480,221152,4.268
2NO0-ve7CKM,1140.349,vp8,1280,720,2394626,30.007017,328,33880,0,34208,20478926,320859863,0,341338789,mpeg4,539000,15.0,320,240,219480,4.344
2u-5-Io725E,426.945,h264,1280,720,1064703,29.0,228,12567,0,12795,11297544,45523691,0,56821235,mpeg4,820000,15.0,480,360,219480,4.196
1Y-Y-RHCxRQ,189.956,flv,320,240,231296,29.0,97,5597,0,5694,580292,4911734,0,5492026,vp8,539000,25.0,480,360,218664,4.048
2NO0-ve7CKM,1140.349,vp8,1280,720,2394626,30.007017,328,33880,0,34208,20478926,320859863,0,341338789,flv,109000,15.0,320,240,219480,3.824
2HTJjLLaFL0,379.32,h264,480,360,181960,25.0,195,9289,0,9484,3392479,5235193,0,8627672,h264,242000,15.0,480,360,219480,4.296
2ApZ-KZ-pEk,157.891,h264,480,360,406908,29.0,87,4646,0,4733,1776729,6254165,0,8030894,mpeg4,56000,29.97,320,240,219464,2.964
2NO0-ve7CKM,1140.349,vp8,1280,720,2394626,30.007017,328,33880,0,34208,20478926,320859863,0,341338789,vp8,56000,25.0,320,240,219480,7.796
1RMD-MxzJn8,64.933,flv,320,240,236793,15.0,39,936,0,975,318954,1603007,0,1921961,mpeg4,820000,25.0,176,144,217080,1.348
1YDt-FkeZ4E,98.683334,mpeg4,176,144,55552,12.0,20,1164,0,1184,48267,636993,0,685260,h264,820000,24.0,1280,720,310940,20.157
4Fob-eSnrb8,1768.9417,mpeg4,176,144,56152,12.0,354,20873,0,21227,1382103,11034284,0,12416387,flv,109000,12.0,1920,1080,228888,3.12
2u-5-Io725E,426.945,h264,1280,720,1064703,29.0,228,12567,0,12795,11297544,45523691,0,56821235,vp8,109000,25.0,320,240,219480,5.732
m02y-MrYUts,32.267,h264,480,360,545450,30.0,19,950,0,969,177026,2022981,0,2200007,h264,56000,12.0,176,144,55580,3.528
4NcD-WQyXCQ,860.056,vp8,1280,720,2688309,29.968605,277,25496,0,25773,12989828,276022270,0,289012098,vp8,56000,25.0,1280,720,261432,31.782
2zeL-QQa8Sk,77.233,h264,480,360,382461,30.0,53,2265,0,2318,182297,3510033,0,3692330,flv,109000,29.97,320,240,219480,1.096
1Y-Y-RHCxRQ,189.956,flv,320,240,231296,29.0,97,5597,0,5694,580292,4911734,0,5492026,flv,3000000,15.0,1280,720,218664,2.168
3dI-kJGuWbY,292.092,h264,480,360,480125,29.0,156,8599,0,8755,2375028,15155062,0,17530090,mpeg4,3000000,25.0,1280,720,219480,11.657
b7Dx-CnpvxU,435.368,h264,480,360,473983,29.0,246,12803,0,13049,1820857,23973807,0,25794664,flv,56000,12.0,320,240,34240,1.168
0ICm-Cu4_aE,476.957,vp8,1280,720,1387100,30.05252,105,14200,0,14305,3487520,79210885,0,82698405,flv,109000,15.0,1280,720,165700,3.152
2ApZ-KZ-pEk,157.891,h264,480,360,406908,29.0,87,4646,0,4733,1776729,6254165,0,8030894,vp8,109000,29.97,480,360,219464,6.324
3dI-kJGuWbY,292.092,h264,480,360,480125,29.0,156,8599,0,8755,2375028,15155062,0,17530090,flv,820000,12.0,320,240,219480,1.344
1G6F-Huj2hY,110.966995,h264,480,360,397112,30.0,59,3271,0,3330,529627,4978664,0,5508291,vp8,5000000,15.0,1280,720,216820,21.229
1tos-YhVzA4,222.53334,h264,480,360,500449,30.0,219,6457,0,6676,2821722,11099102,0,13920824,vp8,5000000,24.0,640,480,217348,8.549
0XTW-dqdT4w,216.55,h264,320,240,291150,29.0,112,6379,0,6491,1789334,6091735,0,7881069,flv,3000000,12.0,640,480,208556,1.192
4Fob-eSnrb8,1768.9417,mpeg4,176,144,56152,12.0,354,20873,0,21227,1382103,11034284,0,12416387,flv,820000,12.0,176,144,233392,0.328
3SQY-ZB8hmI,473.0,h264,320,240,164017,25.0,198,10924,704,11826,1419320,8047423,0,9697521,flv,539000,15.0,1280,720,220900,2.136
1D3O-16kzhQ,274.541,vp8,480,360,139791,30.029198,58,8170,0,8228,802625,3994697,0,4797322,flv,56000,12.0,320,240,216820,0.852
3BVV-0I-JlM,33.09,h264,320,240,279173,13.0,22,434,0,456,101794,1052937,0,1154731,mpeg4,56000,15.0,480,360,219480,2.592
1LXH-OibJYQ,42.2,h264,480,360,288705,25.0,23,1033,0,1056,216154,1306770,0,1522924,mpeg4,109000,25.0,176,144,216820,2.02
1KXW-XA6QkQ,255.28,flv,320,240,250276,25.0,110,6272,0,6382,611474,7374864,0,7986338,mpeg4,56000,25.0,1280,720,216820,10.237
0Hwk-yGT-M4,714.371,vp8,1280,720,652356,29.981792,143,21264,0,21407,14532530,43720516,0,58253046,h264,820000,15.0,176,144,165564,5.564
46oD-rS6PC8,95.462,h264,640,480,809256,29.0,51,2811,0,2862,886496,8770159,0,9656655,vp8,820000,15.0,320,240,221160,4.18
3_fF9rtYCQ0,256.20834,mpeg4,176,144,57565,12.0,56,3018,0,3074,302900,1540700,0,1843600,mpeg4,242000,15.0,640,480,219480,1.968
0XTW-dqdT4w,216.55,h264,320,240,291150,29.0,112,6379,0,6491,1789334,6091735,0,7881069,mpeg4,56000,29.97,480,360,177564,3.644
09oUj9EDIDo,239.14166,h264,480,360,500198,25.0,110,5868,0,5978,1406751,13545526,0,14952277,mpeg4,3000000,29.97,1920,1080,114592,15.609
42hr-6A1jYc,311.1,mpeg4,176,144,56416,12.0,113,3620,0,3733,127552,2066350,0,2193902,flv,539000,12.0,480,360,221160,0.468
0XTW-dqdT4w,216.55,h264,320,240,291150,29.0,112,6379,0,6491,1789334,6091735,0,7881069,vp8,242000,25.0,1280,720,193968,15.741
04t6-jw9czg,130.35667,mpeg4,176,144,54590,12.0,27,1537,0,1564,64483,825054,0,889537,h264,242000,15.0,1920,1080,630392,32.266
1Nc0-MKuExg,107.443,vp8,480,360,320011,30.093458,30,3190,0,3220,671936,3625932,0,4297868,h264,109000,29.97,1920,1080,668460,42.219
15fr-zSdCqg,39.055,h264,1920,1080,5992818,30.0,26,1144,0,1170,839251,28416939,0,29256190,h264,820000,25.0,1920,1080,675508,96.202
15fr-zSdCqg,39.055,h264,1920,1080,5992818,30.0,26,1144,0,1170,839251,28416939,0,29256190,h264,3000000,29.97,176,144,216020,18.377
1LXH-OibJYQ,42.2,h264,480,360,288705,25.0,23,1033,0,1056,216154,1306770,0,1522924,flv,3000000,29.97,176,144,216820,0.764
3N6c-uPdNas,69.933,flv,320,240,272898,15.0,37,1013,0,1050,349781,2035796,0,2385577,h264,109000,24.0,480,360,219656,6.952
3Wdg-dsGihA,340.424,flv,320,240,244491,11.0,69,4012,0,4081,1168939,9234909,0,10403848,vp8,539000,29.97,480,360,221152,3.072
2AfTeWTxhIg,645.84,vp8,320,240,95903,25.032558,138,16008,0,16146,1081321,6660941,0,7742262,mpeg4,539000,15.0,1280,720,218932,5.26
3HVJ-p8L33A,163.897,flv,320,240,267032,29.0,87,4826,0,4913,824159,4646573,0,5470732,mpeg4,109000,12.0,1280,720,219656,3.196
1tos-YhVzA4,222.53334,h264,480,360,500449,30.0,219,6457,0,6676,2821722,11099102,0,13920824,h264,820000,25.0,1920,1080,648028,65.052
1L6x-TgAldY,286.995,h264,480,360,508160,23.0,156,6726,0,6882,2285153,15944803,0,18229956,mpeg4,109000,29.97,1280,720,216820,10.285
3-Wy-Ftbd40,69.93833,mpeg4,176,144,56717,12.0,14,825,0,839,47521,448322,0,495843,mpeg4,820000,12.0,480,360,221152,1.388
15fr-zSdCqg,39.055,h264,1920,1080,5992818,30.0,26,1144,0,1170,839251,28416939,0,29256190,h264,109000,29.97,640,480,216020,23.945
1tos-YhVzA4,222.53334,h264,480,360,500449,30.0,219,6457,0,6676,2821722,11099102,0,13920824,mpeg4,56000,24.0,640,480,217332,3.236
1LXH-OibJYQ,42.2,h264,480,360,288705,25.0,23,1033,0,1056,216154,1306770,0,1522924,vp8,56000,12.0,1280,720,216820,7.556
0ckO-lUydcc,177.33333,mpeg4,176,144,53707,12.0,37,2091,0,2128,100969,1089548,0,1190517,vp8,242000,25.0,1920,1080,163024,16.381
2HTJjLLaFL0,379.32,h264,480,360,181960,25.0,195,9289,0,9484,3392479,5235193,0,8627672,mpeg4,3000000,25.0,1280,720,219464,9.105
3o_2-igmsyo,440.967,h264,320,240,281642,30.0,236,12994,0,13230,2444863,13079542,0,15524405,vp8,242000,25.0,1280,720,219656,14.641
3fmy-4uvR9U,143.03334,mpeg4,176,144,51082,12.0,31,1685,0,1716,56405,856907,0,913312,mpeg4,820000,25.0,640,480,219480,3.076
0Axi-TRoqVA,59.883,vp8,1280,720,994960,30.38983,13,1780,0,1793,481774,6965881,0,7447655,h264,3000000,15.0,1280,720,318732,58.244
1hEL-mcI-tM,304.927,vp8,320,240,134334,25.075659,82,7541,0,7623,833754,4286526,0,5120280,vp8,56000,29.97,176,144,216820,1.796
4b7b-FY4JPI,203.198,flv,320,240,239336,29.0,104,5974,0,6078,853613,5225468,0,6079081,mpeg4,242000,29.97,1920,1080,221160,16.661
22uE-OUUBH8,43.827,flv,320,240,272273,25.0,23,1081,0,1104,137210,1354404,0,1491614,mpeg4,539000,12.0,176,144,218932,1.076
0QZJN4yTbbU,34.168,vp8,480,360,186895,30.029411,16,1005,0,1021,238485,559745,0,798230,vp8,820000,29.97,176,144,165700,1.952
4Fob-eSnrb8,1768.9417,mpeg4,176,144,56152,12.0,354,20873,0,21227,1382103,11034284,0,12416387,h264,5000000,24.0,320,240,246112,8.473
1oz8-nezz50,225.08,h264,480,360,538452,25.0,113,5515,0,5628,1873408,13275961,0,15149369,vp8,820000,15.0,480,360,216820,3.984
1RMD-MxzJn8,64.933,flv,320,240,236793,15.0,39,936,0,975,318954,1603007,0,1921961,mpeg4,3000000,24.0,640,480,217080,4.46
2AfTeWTxhIg,645.84,vp8,320,240,95903,25.032558,138,16008,0,16146,1081321,6660941,0,7742262,mpeg4,56000,24.0,480,360,218932,3.136
0XTW-dqdT4w,216.55,h264,320,240,291150,29.0,112,6379,0,6491,1789334,6091735,0,7881069,mpeg4,242000,12.0,1280,720,179804,3.388
15fr-zSdCqg,39.055,h264,1920,1080,5992818,30.0,26,1144,0,1170,839251,28416939,0,29256190,h264,242000,29.97,176,144,216020,14.081
1RMD-MxzJn8,64.933,flv,320,240,236793,15.0,39,936,0,975,318954,1603007,0,1921961,mpeg4,539000,12.0,1920,1080,217080,6.34
2TXm-QHXCzU,270.655,vp8,640,480,652967,30.062963,89,8028,0,8117,1912240,20178890,0,22091130,flv,5000000,25.0,480,360,219480,2.424
0Au5-4UDHco,52.68,h264,480,360,372001,25.0,53,1265,0,1318,870136,1579497,0,2449633,vp8,820000,25.0,640,480,140080,11.393
1Nc0-MKuExg,107.443,vp8,480,360,320011,30.093458,30,3190,0,3220,671936,3625932,0,4297868,flv,5000000,12.0,640,480,216820,1.428
1RGh-RmYxHY,217.518,h264,480,360,83054,29.0,112,6408,0,6520,406683,1851539,0,2258222,vp8,820000,15.0,320,240,217080,1.884
3N6c-uPdNas,69.933,flv,320,240,272898,15.0,37,1013,0,1050,349781,2035796,0,2385577,vp8,3000000,24.0,1280,720,219656,24.11
0Hwk-yGT-M4,714.371,vp8,1280,720,652356,29.981792,143,21264,0,21407,14532530,43720516,0,58253046,vp8,56000,15.0,1280,720,164888,13.693
1Nc0-MKuExg,107.443,vp8,480,360,320011,30.093458,30,3190,0,3220,671936,3625932,0,4297868,h264,242000,25.0,1920,1080,667068,48.787
3_fF9rtYCQ0,256.20834,mpeg4,176,144,57565,12.0,56,3018,0,3074,302900,1540700,0,1843600,flv,242000,15.0,640,480,219480,0.648
1a5f-GbYEaM,157.80167,h264,1280,720,2885589,25.0,72,3873,0,3945,5611970,51306874,0,56918844,vp8,56000,15.0,1920,1080,216020,31.078
1Vq6-f1kYeM,127.221664,h264,1920,1080,3080852,23.0,70,2980,0,3050,3818903,45174992,0,48993895,flv,109000,24.0,1920,1080,217544,9.425
1L6x-TgAldY,286.995,h264,480,360,508160,23.0,156,6726,0,6882,2285153,15944803,0,18229956,flv,820000,25.0,480,360,216820,1.312
0OUmDeBapbQ,316.95166,mpeg4,176,144,55396,12.0,64,3739,0,3803,111850,2082902,0,2194752,h264,539000,24.0,640,480,165700,11.921
1G6F-Huj2hY,110.966995,h264,480,360,397112,30.0,59,3271,0,3330,529627,4978664,0,5508291,h264,56000,24.0,1920,1080,643368,39.19
3Wdg-dsGihA,340.424,flv,320,240,244491,11.0,69,4012,0,4081,1168939,9234909,0,10403848,h264,109000,25.0,1280,720,296880,16.897
0QZJN4yTbbU,34.168,vp8,480,360,186895,30.029411,16,1005,0,1021,238485,559745,0,798230,mpeg4,56000,15.0,640,480,165700,3.052
1hEL-mcI-tM,304.927,vp8,320,240,134334,25.075659,82,7541,0,7623,833754,4286526,0,5120280,mpeg4,3000000,24.0,640,480,216820,4.872
0ICm-Cu4_aE,476.957,vp8,1280,720,1387100,30.05252,105,14200,0,14305,3487520,79210885,0,82698405,h264,109000,29.97,640,480,165700,12.225
2SkA-cUEaJ0,490.6,h264,480,360,300437,25.0,256,12010,0,12266,1448177,16976151,0,18424328,mpeg4,3000000,15.0,320,240,219480,2.808
28BV-NZV3C8,326.58832,h264,1920,1080,5999648,23.0,174,7656,0,7830,16603953,228322925,0,244926878,mpeg4,242000,25.0,480,360,218932,9.273
0Hwk-yGT-M4,714.371,vp8,1280,720,652356,29.981792,143,21264,0,21407,14532530,43720516,0,58253046,h264,242000,24.0,640,480,165564,15.873
08EV-X022WI,204.938,h264,480,360,297373,16.0,111,3169,0,3280,1451634,6166260,0,7617894,h264,820000,15.0,640,480,144644,9.409
2HTJjLLaFL0,379.32,h264,480,360,181960,25.0,195,9289,0,9484,3392479,5235193,0,8627672,vp8,242000,25.0,480,360,219480,3.968
28BV-NZV3C8,326.58832,h264,1920,1080,5999648,23.0,174,7656,0,7830,16603953,228322925,0,244926878,mpeg4,3000000,15.0,640,480,218932,9.465
3Wdg-dsGihA,340.424,flv,320,240,244491,11.0,69,4012,0,4081,1168939,9234909,0,10403848,h264,56000,12.0,480,360,221152,3.636
3dI-kJGuWbY,292.092,h264,480,360,480125,29.0,156,8599,0,8755,2375028,15155062,0,17530090,vp8,56000,12.0,1280,720,219480,10.949
09oUj9EDIDo,239.14166,h264,480,360,500198,25.0,110,5868,0,5978,1406751,13545526,0,14952277,flv,109000,25.0,1280,720,110492,3.248
0I0e-5-iR3A,906.5983,mpeg4,176,144,56108,12.0,187,10692,0,10879,597549,5760936,0,6358485,mpeg4,56000,24.0,1280,720,165668,5.696
0QZJN4yTbbU,34.168,vp8,480,360,186895,30.029411,16,1005,0,1021,238485,559745,0,798230,vp8,242000,24.0,1280,720,165700,15.773
_2al-ZI1Wss,74.535,mpeg4,176,144,55305,12.0,15,879,0,894,23996,491276,0,515272,vp8,242000,15.0,480,360,219200,3.164
3_fF9rtYCQ0,256.20834,mpeg4,176,144,57565,12.0,56,3018,0,3074,302900,1540700,0,1843600,h264,820000,15.0,320,240,219480,3.748
1LXH-OibJYQ,42.2,h264,480,360,288705,25.0,23,1033,0,1056,216154,1306770,0,1522924,mpeg4,3000000,24.0,480,360,216820,3.264
09oUj9EDIDo,239.14166,h264,480,360,500198,25.0,110,5868,0,5978,1406751,13545526,0,14952277,mpeg4,539000,29.97,320,240,96912,2.348
1L6x-TgAldY,286.995,h264,480,360,508160,23.0,156,6726,0,6882,2285153,15944803,0,18229956,h264,109000,12.0,320,240,216820,3.304
2kFF-0kB_4w,339.667,h264,640,480,257699,30.0,181,10010,0,10191,10121223,820261,0,10941484,mpeg4,3000000,29.97,480,360,219480,3.8
4BJV-yiTcus,254.922,vp8,480,360,260667,30.062992,51,7585,0,7636,918325,7387906,0,8306231,mpeg4,5000000,12.0,176,144,221160,1.5
3Xyf-6FdtDA,49.178333,mpeg4,176,144,54338,7.0,10,334,0,344,33046,300986,0,334032,h264,5000000,29.97,640,480,221160,12.301
0ICm-Cu4_aE,476.957,vp8,1280,720,1387100,30.05252,105,14200,0,14305,3487520,79210885,0,82698405,h264,56000,15.0,176,144,165700,3.564
1L6x-TgAldY,286.995,h264,480,360,508160,23.0,156,6726,0,6882,2285153,15944803,0,18229956,h264,109000,15.0,1280,720,321576,16.309
0Yxo-eU6AjI,326.583,vp8,640,480,1055982,25.039877,102,8061,0,8163,1868804,41239444,0,43108248,vp8,539000,29.97,1280,720,212772,21.165
0Au5-4UDHco,52.68,h264,480,360,372001,25.0,53,1265,0,1318,870136,1579497,0,2449633,flv,56000,25.0,320,240,140080,1.132
4BJV-yiTcus,254.922,vp8,480,360,260667,30.062992,51,7585,0,7636,918325,7387906,0,8306231,h264,3000000,24.0,1280,720,316188,69.18
1L6x-TgAldY,286.995,h264,480,360,508160,23.0,156,6726,0,6882,2285153,15944803,0,18229956,vp8,820000,29.97,320,240,216820,5.028
0ICm-Cu4_aE,476.957,vp8,1280,720,1387100,30.05252,105,14200,0,14305,3487520,79210885,0,82698405,mpeg4,242000,12.0,1920,1080,165668,8.061
28BV-NZV3C8,326.58832,h264,1920,1080,5999648,23.0,174,7656,0,7830,16603953,228322925,0,244926878,mpeg4,242000,24.0,640,480,218932,9.649
4b7b-FY4JPI,203.198,flv,320,240,239336,29.0,104,5974,0,6078,853613,5225468,0,6079081,mpeg4,820000,25.0,480,360,221160,3.304
2TXm-QHXCzU,270.655,vp8,640,480,652967,30.062963,89,8028,0,8117,1912240,20178890,0,22091130,vp8,242000,15.0,640,480,219480,8.777
1tos-YhVzA4,222.53334,h264,480,360,500449,30.0,219,6457,0,6676,2821722,11099102,0,13920824,vp8,820000,25.0,480,360,217336,5.364
2NO0-ve7CKM,1140.349,vp8,1280,720,2394626,30.007017,328,33880,0,34208,20478926,320859863,0,341338789,mpeg4,820000,12.0,480,360,219480,4.64
4Fob-eSnrb8,1768.9417,mpeg4,176,144,56152,12.0,354,20873,0,21227,1382103,11034284,0,12416387,vp8,5000000,15.0,320,240,225776,3.172
1RGh-RmYxHY,217.518,h264,480,360,83054,29.0,112,6408,0,6520,406683,1851539,0,2258222,mpeg4,539000,15.0,1280,720,216820,3.856
28BV-NZV3C8,326.58832,h264,1920,1080,5999648,23.0,174,7656,0,7830,16603953,228322925,0,244926878,h264,3000000,29.97,640,480,218932,42.787
0a6_--ZJXTE,290.01666,mpeg4,176,144,52783,12.0,61,3417,0,3478,119325,1794184,0,1913509,h264,820000,25.0,176,144,139932,3.228
3o_2-igmsyo,440.967,h264,320,240,281642,30.0,236,12994,0,13230,2444863,13079542,0,15524405,flv,820000,12.0,176,144,219656,0.636
0Yxo-eU6AjI,326.583,vp8,640,480,1055982,25.039877,102,8061,0,8163,1868804,41239444,0,43108248,h264,3000000,12.0,1280,720,324588,46.939
2u-5-Io725E,426.945,h264,1280,720,1064703,29.0,228,12567,0,12795,11297544,45523691,0,56821235,flv,820000,12.0,1920,1080,219480,5.976
3xGu-rfcH3s,368.32,vp8,640,480,29096,25.02174,74,9134,0,9208,869558,470067,0,1339625,mpeg4,3000000,15.0,320,240,221152,2.212
3dI-kJGuWbY,292.092,h264,480,360,480125,29.0,156,8599,0,8755,2375028,15155062,0,17530090,flv,3000000,25.0,176,144,219480,1.308
3ojsQWU7XWE,86.486,h264,640,480,356037,29.0,46,2547,0,2593,819680,3029350,0,3849030,h264,242000,15.0,320,240,219656,3.208
3ODf-KYiOZw,63.667,h264,640,480,972572,15.0,33,923,0,956,1259657,6480438,0,7740095,mpeg4,3000000,15.0,1920,1080,219656,9.017
4keb-__zqyQ,452.689,vp8,320,240,66680,5.7057524,42,2537,0,2579,207037,3566163,0,3773200,mpeg4,242000,24.0,1920,1080,247756,13.037
3ojsQWU7XWE,86.486,h264,640,480,356037,29.0,46,2547,0,2593,819680,3029350,0,3849030,flv,242000,24.0,176,144,219656,1.172
28BV-NZV3C8,326.58832,h264,1920,1080,5999648,23.0,174,7656,0,7830,16603953,228322925,0,244926878,flv,5000000,15.0,1920,1080,218932,9.537
_2al-ZI1Wss,74.535,mpeg4,176,144,55305,12.0,15,879,0,894,23996,491276,0,515272,vp8,820000,12.0,1280,720,219200,11.181
46oD-rS6PC8,95.462,h264,640,480,809256,29.0,51,2811,0,2862,886496,8770159,0,9656655,flv,109000,29.97,176,144,221160,1.536
3_fF9rtYCQ0,256.20834,mpeg4,176,144,57565,12.0,56,3018,0,3074,302900,1540700,0,1843600,mpeg4,539000,25.0,176,144,219480,0.888
08EV-X022WI,204.938,h264,480,360,297373,16.0,111,3169,0,3280,1451634,6166260,0,7617894,mpeg4,820000,29.97,320,240,81976,2.64
2SkA-cUEaJ0,490.6,h264,480,360,300437,25.0,256,12010,0,12266,1448177,16976151,0,18424328,flv,242000,15.0,1280,720,219480,2.444
1Y-Y-RHCxRQ,189.956,flv,320,240,231296,29.0,97,5597,0,5694,580292,4911734,0,5492026,flv,242000,29.97,480,360,218664,0.82
3mWp-QQn-1M,167.39166,h264,1280,720,2207484,24.0,86,3931,0,4017,4369420,41819887,0,46189307,flv,109000,15.0,1920,1080,219656,6.584
1hEL-mcI-tM,304.927,vp8,320,240,134334,25.075659,82,7541,0,7623,833754,4286526,0,5120280,flv,109000,24.0,1280,720,216820,2.416
0_VA-rJgmMI,750.433,vp8,1280,720,794075,13.482667,81,10031,0,10112,3852576,70635013,0,74487589,mpeg4,5000000,12.0,480,360,165700,2.612
2HTJjLLaFL0,379.32,h264,480,360,181960,25.0,195,9289,0,9484,3392479,5235193,0,8627672,flv,3000000,25.0,176,144,219480,0.788
0ckO-lUydcc,177.33333,mpeg4,176,144,53707,12.0,37,2091,0,2128,100969,1089548,0,1190517,flv,539000,24.0,480,360,163632,0.568
1L6x-TgAldY,286.995,h264,480,360,508160,23.0,156,6726,0,6882,2285153,15944803,0,18229956,h264,539000,29.97,480,360,216820,13.933
4b7b-FY4JPI,203.198,flv,320,240,239336,29.0,104,5974,0,6078,853613,5225468,0,6079081,h264,56000,29.97,1920,1080,610516,37.406
3Xyf-6FdtDA,49.178333,mpeg4,176,144,54338,7.0,10,334,0,344,33046,300986,0,334032,vp8,56000,15.0,1920,1080,221160,8.681
4keb-__zqyQ,452.689,vp8,320,240,66680,5.7057524,42,2537,0,2579,207037,3566163,0,3773200,vp8,242000,24.0,1280,720,248092,12.713
3-Wy-Ftbd40,69.93833,mpeg4,176,144,56717,12.0,14,825,0,839,47521,448322,0,495843,vp8,242000,25.0,1280,720,221152,8.961
2SkA-cUEaJ0,490.6,h264,480,360,300437,25.0,256,12010,0,12266,1448177,16976151,0,18424328,mpeg4,56000,29.97,1280,720,219480,11.409
2tzy-vqeeLY,106.765,h264,1280,720,849586,25.0,66,2603,0,2669,4427240,6911026,0,11338266,vp8,3000000,15.0,320,240,219480,3.92
Z9a2-MVJDtg,31.775,h264,480,360,473111,30.0,34,920,0,954,506712,1372428,0,1879140,vp8,5000000,15.0,640,480,86676,7.272
3U8m-ETsTS4,282.56,h264,640,480,559834,25.0,145,6920,0,7065,4966509,14806840,0,19773349,mpeg4,539000,24.0,320,240,221152,2.864
1lkF-VNDcss,458.625,h264,640,480,517364,29.0,245,13501,0,13746,5308581,24350943,0,29659524,h264,3000000,12.0,176,144,216820,2.068
0Hwk-yGT-M4,714.371,vp8,1280,720,652356,29.981792,143,21264,0,21407,14532530,43720516,0,58253046,flv,5000000,15.0,1920,1080,165564,7.156
1tos-YhVzA4,222.53334,h264,480,360,500449,30.0,219,6457,0,6676,2821722,11099102,0,13920824,h264,109000,12.0,640,480,217348,6.488
0OUmDeBapbQ,316.95166,mpeg4,176,144,55396,12.0,64,3739,0,3803,111850,2082902,0,2194752,vp8,56000,15.0,320,240,165700,2.076
1G6F-Huj2hY,110.966995,h264,480,360,397112,30.0,59,3271,0,3330,529627,4978664,0,5508291,mpeg4,3000000,15.0,640,480,216820,4.652
2tzy-vqeeLY,106.765,h264,1280,720,849586,25.0,66,2603,0,2669,4427240,6911026,0,11338266,h264,820000,25.0,176,144,219480,4.724
2SkA-cUEaJ0,490.6,h264,480,360,300437,25.0,256,12010,0,12266,1448177,16976151,0,18424328,vp8,820000,15.0,480,360,219480,5.052
1G6F-Huj2hY,110.966995,h264,480,360,397112,30.0,59,3271,0,3330,529627,4978664,0,5508291,vp8,242000,12.0,640,480,216820,5.496
1WrA-SRsgEk,384.451,h264,640,480,646432,29.0,205,11318,0,11523,2839955,28225248,0,31065203,vp8,820000,24.0,320,240,217568,4.392
0Hwk-yGT-M4,714.371,vp8,1280,720,652356,29.981792,143,21264,0,21407,14532530,43720516,0,58253046,h264,242000,29.97,640,480,165564,17.193
2HTJjLLaFL0,379.32,h264,480,360,181960,25.0,195,9289,0,9484,3392479,5235193,0,8627672,flv,109000,25.0,1280,720,219480,2.656
28BV-NZV3C8,326.58832,h264,1920,1080,5999648,23.0,174,7656,0,7830,16603953,228322925,0,244926878,h264,539000,15.0,320,240,218932,14.397
0ckO-lUydcc,177.33333,mpeg4,176,144,53707,12.0,37,2091,0,2128,100969,1089548,0,1190517,h264,3000000,24.0,640,480,164736,18.225
04t6-jw9czg,130.35667,mpeg4,176,144,54590,12.0,27,1537,0,1564,64483,825054,0,889537,flv,5000000,24.0,176,144,60148,0.32
2Y-k-006Zbs,67.583336,mpeg4,176,144,51225,12.0,15,777,0,792,47585,385164,0,432749,flv,3000000,12.0,480,360,219480,0.536
1Y-Y-RHCxRQ,189.956,flv,320,240,231296,29.0,97,5597,0,5694,580292,4911734,0,5492026,flv,820000,29.97,480,360,218664,0.96
3fpg-LlHcks,273.816,vp8,1920,1080,1571003,25.065933,77,6766,0,6843,6190779,47579961,0,53770740,h264,5000000,29.97,1920,1080,652360,136.181
1a5f-GbYEaM,157.80167,h264,1280,720,2885589,25.0,72,3873,0,3945,5611970,51306874,0,56918844,h264,242000,12.0,480,360,216064,8.229
2ApZ-KZ-pEk,157.891,h264,480,360,406908,29.0,87,4646,0,4733,1776729,6254165,0,8030894,mpeg4,820000,24.0,1280,720,219464,8.781
3dI-kJGuWbY,292.092,h264,480,360,480125,29.0,156,8599,0,8755,2375028,15155062,0,17530090,mpeg4,242000,25.0,1280,720,219480,8.461
28BV-NZV3C8,326.58832,h264,1920,1080,5999648,23.0,174,7656,0,7830,16603953,228322925,0,244926878,flv,3000000,15.0,320,240,218932,8.269
22uE-OUUBH8,43.827,flv,320,240,272273,25.0,23,1081,0,1104,137210,1354404,0,1491614,h264,5000000,29.97,1280,720,297976,92.594
1a5f-GbYEaM,157.80167,h264,1280,720,2885589,25.0,72,3873,0,3945,5611970,51306874,0,56918844,flv,539000,15.0,480,360,216064,3.756
2NuI-Bp5brA,80.536,h264,480,360,690041,29.0,43,2374,0,2417,618732,6327913,0,6946645,h264,820000,12.0,176,144,219480,4.096
46oD-rS6PC8,95.462,h264,640,480,809256,29.0,51,2811,0,2862,886496,8770159,0,9656655,mpeg4,5000000,29.97,480,360,221160,6.34
1s9d-jTKyUw,448.575,vp8,1280,720,2052426,30.002232,92,13349,0,13441,9132637,105950761,0,115083398,h264,539000,24.0,1920,1080,656828,71.072
0XTW-dqdT4w,216.55,h264,320,240,291150,29.0,112,6379,0,6491,1789334,6091735,0,7881069,flv,3000000,15.0,640,480,208572,1.284
2TXm-QHXCzU,270.655,vp8,640,480,652967,30.062963,89,8028,0,8117,1912240,20178890,0,22091130,flv,109000,12.0,480,360,219480,1.816
15fr-zSdCqg,39.055,h264,1920,1080,5992818,30.0,26,1144,0,1170,839251,28416939,0,29256190,mpeg4,242000,12.0,480,360,215848,10.017
28BV-NZV3C8,326.58832,h264,1920,1080,5999648,23.0,174,7656,0,7830,16603953,228322925,0,244926878,vp8,3000000,24.0,1920,1080,218932,72.381
3Xyf-6FdtDA,49.178333,mpeg4,176,144,54338,7.0,10,334,0,344,33046,300986,0,334032,vp8,242000,15.0,640,480,221160,2.084
2TXm-QHXCzU,270.655,vp8,640,480,652967,30.062963,89,8028,0,8117,1912240,20178890,0,22091130,mpeg4,109000,15.0,1280,720,219480,5.112
Jv2e-drVaJo,110.844,h264,480,360,485261,29.0,59,3264,0,3323,940324,5783211,0,6723535,flv,56000,25.0,1920,1080,85748,7.412
1LXH-OibJYQ,42.2,h264,480,360,288705,25.0,23,1033,0,1056,216154,1306770,0,1522924,vp8,3000000,12.0,320,240,216820,1.876
3U8m-ETsTS4,282.56,h264,640,480,559834,25.0,145,6920,0,7065,4966509,14806840,0,19773349,h264,3000000,15.0,320,240,221152,4.14
1s9d-jTKyUw,448.575,vp8,1280,720,2052426,30.002232,92,13349,0,13441,9132637,105950761,0,115083398,h264,5000000,12.0,1280,720,321028,58.004
1lkF-VNDcss,458.625,h264,640,480,517364,29.0,245,13501,0,13746,5308581,24350943,0,29659524,flv,3000000,12.0,1920,1080,216820,4.444
3U8m-ETsTS4,282.56,h264,640,480,559834,25.0,145,6920,0,7065,4966509,14806840,0,19773349,mpeg4,56000,12.0,640,480,220900,2.236
2HTJjLLaFL0,379.32,h264,480,360,181960,25.0,195,9289,0,9484,3392479,5235193,0,8627672,vp8,820000,24.0,480,360,219480,3.576
4keb-__zqyQ,452.689,vp8,320,240,66680,5.7057524,42,2537,0,2579,207037,3566163,0,3773200,mpeg4,3000000,12.0,320,240,247884,1.844
2TXm-QHXCzU,270.655,vp8,640,480,652967,30.062963,89,8028,0,8117,1912240,20178890,0,22091130,mpeg4,56000,25.0,480,360,219480,3.992
2ApZ-KZ-pEk,157.891,h264,480,360,406908,29.0,87,4646,0,4733,1776729,6254165,0,8030894,vp8,109000,12.0,640,480,219464,5.044
0Axi-TRoqVA,59.883,vp8,1280,720,994960,30.38983,13,1780,0,1793,481774,6965881,0,7447655,vp8,242000,25.0,1280,720,155028,15.065
0QZJN4yTbbU,34.168,vp8,480,360,186895,30.029411,16,1005,0,1021,238485,559745,0,798230,mpeg4,56000,15.0,176,144,165700,1.288
1lkF-VNDcss,458.625,h264,640,480,517364,29.0,245,13501,0,13746,5308581,24350943,0,29659524,mpeg4,820000,29.97,1920,1080,216820,15.149
3-Wy-Ftbd40,69.93833,mpeg4,176,144,56717,12.0,14,825,0,839,47521,448322,0,495843,mpeg4,5000000,24.0,320,240,221152,1.368
2tzy-vqeeLY,106.765,h264,1280,720,849586,25.0,66,2603,0,2669,4427240,6911026,0,11338266,mpeg4,5000000,29.97,640,480,219480,4.744
1lkF-VNDcss,458.625,h264,640,480,517364,29.0,245,13501,0,13746,5308581,24350943,0,29659524,h264,3000000,24.0,176,144,216820,2.648
1Y-Y-RHCxRQ,189.956,flv,320,240,231296,29.0,97,5597,0,5694,580292,4911734,0,5492026,vp8,3000000,29.97,320,240,218664,2.244
1D3O-16kzhQ,274.541,vp8,480,360,139791,30.029198,58,8170,0,8228,802625,3994697,0,4797322,h264,242000,29.97,176,144,216820,2.828
1tos-YhVzA4,222.53334,h264,480,360,500449,30.0,219,6457,0,6676,2821722,11099102,0,13920824,vp8,539000,15.0,176,144,217336,1.908
2zeL-QQa8Sk,77.233,h264,480,360,382461,30.0,53,2265,0,2318,182297,3510033,0,3692330,h264,539000,24.0,176,144,219480,4.404
1KXW-XA6QkQ,255.28,flv,320,240,250276,25.0,110,6272,0,6382,611474,7374864,0,7986338,vp8,3000000,29.97,1280,720,216820,29.802
2ApZ-KZ-pEk,157.891,h264,480,360,406908,29.0,87,4646,0,4733,1776729,6254165,0,8030894,vp8,820000,29.97,640,480,219464,9.469
2SkA-cUEaJ0,490.6,h264,480,360,300437,25.0,256,12010,0,12266,1448177,16976151,0,18424328,h264,3000000,24.0,176,144,219480,4.444
3HVJ-p8L33A,163.897,flv,320,240,267032,29.0,87,4826,0,4913,824159,4646573,0,5470732,mpeg4,539000,24.0,320,240,219656,2.128
1KXW-XA6QkQ,255.28,flv,320,240,250276,25.0,110,6272,0,6382,611474,7374864,0,7986338,vp8,539000,12.0,1280,720,216820,12.417
2tzy-vqeeLY,106.765,h264,1280,720,849586,25.0,66,2603,0,2669,4427240,6911026,0,11338266,mpeg4,539000,24.0,480,360,219480,3.828
3ojsQWU7XWE,86.486,h264,640,480,356037,29.0,46,2547,0,2593,819680,3029350,0,3849030,flv,109000,15.0,640,480,219656,1.216
2TXm-QHXCzU,270.655,vp8,640,480,652967,30.062963,89,8028,0,8117,1912240,20178890,0,22091130,vp8,242000,29.97,176,144,219480,3.796
1hEL-mcI-tM,304.927,vp8,320,240,134334,25.075659,82,7541,0,7623,833754,4286526,0,5120280,vp8,3000000,29.97,1920,1080,216820,44.523
3YNh-PI2q64,395.44,vp8,1280,720,1611942,25.027847,80,9806,0,9886,5073258,74605061,0,79678319,flv,242000,15.0,320,240,221160,1.56
4b7b-FY4JPI,203.198,flv,320,240,239336,29.0,104,5974,0,6078,853613,5225468,0,6079081,h264,539000,12.0,320,240,221160,3.568
2ApZ-KZ-pEk,157.891,h264,480,360,406908,29.0,87,4646,0,4733,1776729,6254165,0,8030894,h264,5000000,24.0,320,240,219464,6.94
1LXH-OibJYQ,42.2,h264,480,360,288705,25.0,23,1033,0,1056,216154,1306770,0,1522924,mpeg4,3000000,29.97,480,360,216820,3.36
3dI-kJGuWbY,292.092,h264,480,360,480125,29.0,156,8599,0,8755,2375028,15155062,0,17530090,vp8,242000,15.0,480,360,219480,5.464
0ICm-Cu4_aE,476.957,vp8,1280,720,1387100,30.05252,105,14200,0,14305,3487520,79210885,0,82698405,h264,5000000,24.0,640,480,165700,30.69
3ODf-KYiOZw,63.667,h264,640,480,972572,15.0,33,923,0,956,1259657,6480438,0,7740095,h264,820000,24.0,320,240,219656,7.596
3dI-kJGuWbY,292.092,h264,480,360,480125,29.0,156,8599,0,8755,2375028,15155062,0,17530090,h264,3000000,25.0,480,360,219480,22.585
1L6x-TgAldY,286.995,h264,480,360,508160,23.0,156,6726,0,6882,2285153,15944803,0,18229956,flv,539000,24.0,320,240,216820,1.176
4Fob-eSnrb8,1768.9417,mpeg4,176,144,56152,12.0,354,20873,0,21227,1382103,11034284,0,12416387,flv,3000000,24.0,320,240,235952,0.484
42hr-6A1jYc,311.1,mpeg4,176,144,56416,12.0,113,3620,0,3733,127552,2066350,0,2193902,flv,5000000,29.97,640,480,221160,0.592
3dI-kJGuWbY,292.092,h264,480,360,480125,29.0,156,8599,0,8755,2375028,15155062,0,17530090,mpeg4,820000,25.0,176,144,219480,2.628
04t6-jw9czg,130.35667,mpeg4,176,144,54590,12.0,27,1537,0,1564,64483,825054,0,889537,flv,5000000,29.97,1280,720,61096,2.028
0Yxo-eU6AjI,326.583,vp8,640,480,1055982,25.039877,102,8061,0,8163,1868804,41239444,0,43108248,vp8,539000,25.0,320,240,212772,4.324
0OUmDeBapbQ,316.95166,mpeg4,176,144,55396,12.0,64,3739,0,3803,111850,2082902,0,2194752,mpeg4,539000,24.0,480,360,165700,2.056
3SQY-ZB8hmI,473.0,h264,320,240,164017,25.0,198,10924,704,11826,1419320,8047423,0,9697521,flv,539000,29.97,176,144,220900,0.756
0XTW-dqdT4w,216.55,h264,320,240,291150,29.0,112,6379,0,6491,1789334,6091735,0,7881069,mpeg4,109000,12.0,1920,1080,177916,6.4
3_fF9rtYCQ0,256.20834,mpeg4,176,144,57565,12.0,56,3018,0,3074,302900,1540700,0,1843600,vp8,56000,15.0,1280,720,219480,7.512
3xGu-rfcH3s,368.32,vp8,640,480,29096,25.02174,74,9134,0,9208,869558,470067,0,1339625,mpeg4,820000,24.0,176,144,221152,2.084
3xUU-YRicZA,131.76,vp8,640,480,104723,25.145039,37,3257,0,3294,945865,778937,0,1724802,flv,5000000,24.0,1920,1080,221152,4.872
1tos-YhVzA4,222.53334,h264,480,360,500449,30.0,219,6457,0,6676,2821722,11099102,0,13920824,mpeg4,242000,25.0,640,480,217336,3.612
4b7b-FY4JPI,203.198,flv,320,240,239336,29.0,104,5974,0,6078,853613,5225468,0,6079081,vp8,109000,29.97,1920,1080,221160,39.542
0I0e-5-iR3A,906.5983,mpeg4,176,144,56108,12.0,187,10692,0,10879,597549,5760936,0,6358485,vp8,539000,12.0,480,360,165668,3.944
3Xyf-6FdtDA,49.178333,mpeg4,176,144,54338,7.0,10,334,0,344,33046,300986,0,334032,h264,56000,25.0,1280,720,322708,13.217
1tos-YhVzA4,222.53334,h264,480,360,500449,30.0,219,6457,0,6676,2821722,11099102,0,13920824,h264,539000,15.0,176,144,217348,2.848
1Nc0-MKuExg,107.443,vp8,480,360,320011,30.093458,30,3190,0,3220,671936,3625932,0,4297868,flv,539000,29.97,480,360,216820,1.16
3xUU-YRicZA,131.76,vp8,640,480,104723,25.145039,37,3257,0,3294,945865,778937,0,1724802,h264,242000,29.97,320,240,221152,3.64
1RGh-RmYxHY,217.518,h264,480,360,83054,29.0,112,6408,0,6520,406683,1851539,0,2258222,flv,242000,24.0,480,360,217080,0.868
nuhJ-6Em-Os,430.92,flv,320,240,231840,25.0,216,10558,0,10774,1866223,10621840,0,12488063,vp8,5000000,24.0,176,144,61520,1.98
0Axi-TRoqVA,59.883,vp8,1280,720,994960,30.38983,13,1780,0,1793,481774,6965881,0,7447655,h264,5000000,12.0,640,480,162972,28.79
08EV-X022WI,204.938,h264,480,360,297373,16.0,111,3169,0,3280,1451634,6166260,0,7617894,h264,539000,24.0,1280,720,321356,24.862
3_fF9rtYCQ0,256.20834,mpeg4,176,144,57565,12.0,56,3018,0,3074,302900,1540700,0,1843600,mpeg4,3000000,24.0,176,144,219480,0.8
3fmy-4uvR9U,143.03334,mpeg4,176,144,51082,12.0,31,1685,0,1716,56405,856907,0,913312,h264,3000000,24.0,320,240,219656,7.032
1G6F-Huj2hY,110.966995,h264,480,360,397112,30.0,59,3271,0,3330,529627,4978664,0,5508291,mpeg4,56000,24.0,480,360,216820,3.756
3Wdg-dsGihA,340.424,flv,320,240,244491,11.0,69,4012,0,4081,1168939,9234909,0,10403848,flv,109000,12.0,1280,720,221152,1.2
3mWp-QQn-1M,167.39166,h264,1280,720,2207484,24.0,86,3931,0,4017,4369420,41819887,0,46189307,h264,3000000,25.0,640,480,219656,38.33
0_VA-rJgmMI,750.433,vp8,1280,720,794075,13.482667,81,10031,0,10112,3852576,70635013,0,74487589,h264,109000,25.0,640,480,167976,9.757
04t6-jw9czg,130.35667,mpeg4,176,144,54590,12.0,27,1537,0,1564,64483,825054,0,889537,vp8,109000,15.0,1920,1080,87048,19.053
3AYz-PCa1aI,391.08,h264,640,480,230847,25.0,209,9569,0,9778,9023743,2261252,0,11284995,vp8,820000,29.97,320,240,219480,2.144
25TI-jx-cag,176.901,vp8,480,360,26968,25.113636,38,4382,0,4420,393395,202954,0,596349,h264,242000,24.0,320,240,218932,1.372
22uE-OUUBH8,43.827,flv,320,240,272273,25.0,23,1081,0,1104,137210,1354404,0,1491614,mpeg4,109000,15.0,176,144,218932,1.568
3U8m-ETsTS4,282.56,h264,640,480,559834,25.0,145,6920,0,7065,4966509,14806840,0,19773349,h264,56000,15.0,640,480,221152,4.824
aEaq-XjIai8,127.33833,mpeg4,176,144,55159,12.0,123,1405,0,1528,123798,754191,0,877989,vp8,109000,24.0,1280,720,45048,10.153
3Wdg-dsGihA,340.424,flv,320,240,244491,11.0,69,4012,0,4081,1168939,9234909,0,10403848,h264,5000000,24.0,176,144,221152,3.336
3N6c-uPdNas,69.933,flv,320,240,272898,15.0,37,1013,0,1050,349781,2035796,0,2385577,h264,820000,24.0,480,360,219656,13.349
0QZJN4yTbbU,34.168,vp8,480,360,186895,30.029411,16,1005,0,1021,238485,559745,0,798230,flv,56000,12.0,320,240,165700,0.824
3HVJ-p8L33A,163.897,flv,320,240,267032,29.0,87,4826,0,4913,824159,4646573,0,5470732,flv,109000,25.0,640,480,219656,1.132
2SkA-cUEaJ0,490.6,h264,480,360,300437,25.0,256,12010,0,12266,1448177,16976151,0,18424328,h264,539000,15.0,320,240,219480,4.904
2zeL-QQa8Sk,77.233,h264,480,360,382461,30.0,53,2265,0,2318,182297,3510033,0,3692330,flv,539000,29.97,1920,1080,219480,6.536
3U8m-ETsTS4,282.56,h264,640,480,559834,25.0,145,6920,0,7065,4966509,14806840,0,19773349,flv,539000,12.0,480,360,221152,1.304
0Au5-4UDHco,52.68,h264,480,360,372001,25.0,53,1265,0,1318,870136,1579497,0,2449633,vp8,5000000,29.97,640,480,140080,14.113
25TI-jx-cag,176.901,vp8,480,360,26968,25.113636,38,4382,0,4420,393395,202954,0,596349,mpeg4,539000,29.97,1920,1080,218932,15.265
1Nc0-MKuExg,107.443,vp8,480,360,320011,30.093458,30,3190,0,3220,671936,3625932,0,4297868,flv,3000000,24.0,1920,1080,216820,5.972
3Wdg-dsGihA,340.424,flv,320,240,244491,11.0,69,4012,0,4081,1168939,9234909,0,10403848,h264,539000,12.0,480,360,221152,7.324
1Vq6-f1kYeM,127.221664,h264,1920,1080,3080852,23.0,70,2980,0,3050,3818903,45174992,0,48993895,h264,56000,29.97,1920,1080,705612,58.332
_2al-ZI1Wss,74.535,mpeg4,176,144,55305,12.0,15,879,0,894,23996,491276,0,515272,vp8,56000,24.0,480,360,219200,2.308
4keb-__zqyQ,452.689,vp8,320,240,66680,5.7057524,42,2537,0,2579,207037,3566163,0,3773200,vp8,5000000,29.97,1920,1080,248092,40.507
0Hwk-yGT-M4,714.371,vp8,1280,720,652356,29.981792,143,21264,0,21407,14532530,43720516,0,58253046,flv,820000,24.0,176,144,165564,2.924
0_VA-rJgmMI,750.433,vp8,1280,720,794075,13.482667,81,10031,0,10112,3852576,70635013,0,74487589,h264,820000,25.0,320,240,172176,5.52
1s9d-jTKyUw,448.575,vp8,1280,720,2052426,30.002232,92,13349,0,13441,9132637,105950761,0,115083398,vp8,5000000,29.97,176,144,217080,5.876
_2al-ZI1Wss,74.535,mpeg4,176,144,55305,12.0,15,879,0,894,23996,491276,0,515272,h264,820000,15.0,320,240,219464,3.828
1Y-Y-RHCxRQ,189.956,flv,320,240,231296,29.0,97,5597,0,5694,580292,4911734,0,5492026,flv,5000000,12.0,176,144,218664,0.392
3ODf-KYiOZw,63.667,h264,640,480,972572,15.0,33,923,0,956,1259657,6480438,0,7740095,vp8,109000,15.0,1280,720,219656,17.817
08EV-X022WI,204.938,h264,480,360,297373,16.0,111,3169,0,3280,1451634,6166260,0,7617894,h264,5000000,29.97,320,240,93904,5.24
3-Wy-Ftbd40,69.93833,mpeg4,176,144,56717,12.0,14,825,0,839,47521,448322,0,495843,h264,3000000,25.0,1920,1080,635420,74.669
3dI-kJGuWbY,292.092,h264,480,360,480125,29.0,156,8599,0,8755,2375028,15155062,0,17530090,flv,242000,29.97,480,360,219480,1.4
1RMD-MxzJn8,64.933,flv,320,240,236793,15.0,39,936,0,975,318954,1603007,0,1921961,flv,539000,15.0,320,240,217080,0.416
2NuI-Bp5brA,80.536,h264,480,360,690041,29.0,43,2374,0,2417,618732,6327913,0,6946645,flv,3000000,24.0,1280,720,219480,4.068
0a6_--ZJXTE,290.01666,mpeg4,176,144,52783,12.0,61,3417,0,3478,119325,1794184,0,1913509,vp8,3000000,12.0,1920,1080,134424,29.066
2AfTeWTxhIg,645.84,vp8,320,240,95903,25.032558,138,16008,0,16146,1081321,6660941,0,7742262,vp8,539000,15.0,1280,720,219196,13.621
1oz8-nezz50,225.08,h264,480,360,538452,25.0,113,5515,0,5628,1873408,13275961,0,15149369,h264,3000000,24.0,480,360,216820,13.705
3xUU-YRicZA,131.76,vp8,640,480,104723,25.145039,37,3257,0,3294,945865,778937,0,1724802,flv,109000,29.97,320,240,221152,0.88
0ckO-lUydcc,177.33333,mpeg4,176,144,53707,12.0,37,2091,0,2128,100969,1089548,0,1190517,h264,56000,25.0,1280,720,308976,14.421
2ApZ-KZ-pEk,157.891,h264,480,360,406908,29.0,87,4646,0,4733,1776729,6254165,0,8030894,mpeg4,242000,15.0,480,360,219464,2.472
3xGu-rfcH3s,368.32,vp8,640,480,29096,25.02174,74,9134,0,9208,869558,470067,0,1339625,mpeg4,5000000,24.0,1280,720,221152,5.824
1Y-Y-RHCxRQ,189.956,flv,320,240,231296,29.0,97,5597,0,5694,580292,4911734,0,5492026,flv,3000000,29.97,1280,720,218664,3.272
1ZzJ-T2FJAw,250.017,h264,320,240,153059,29.0,128,7366,0,7494,856855,3926589,0,4783444,flv,820000,15.0,1280,720,218900,2.18
1KXW-XA6QkQ,255.28,flv,320,240,250276,25.0,110,6272,0,6382,611474,7374864,0,7986338,flv,3000000,24.0,176,144,216820,0.448
0XTW-dqdT4w,216.55,h264,320,240,291150,29.0,112,6379,0,6491,1789334,6091735,0,7881069,flv,3000000,29.97,1280,720,209396,3.408
42hr-6A1jYc,311.1,mpeg4,176,144,56416,12.0,113,3620,0,3733,127552,2066350,0,2193902,mpeg4,56000,12.0,176,144,221160,0.648
0Hwk-yGT-M4,714.371,vp8,1280,720,652356,29.981792,143,21264,0,21407,14532530,43720516,0,58253046,vp8,539000,24.0,480,360,164888,8.805
28BV-NZV3C8,326.58832,h264,1920,1080,5999648,23.0,174,7656,0,7830,16603953,228322925,0,244926878,mpeg4,5000000,29.97,1920,1080,218932,19.109
42hr-6A1jYc,311.1,mpeg4,176,144,56416,12.0,113,3620,0,3733,127552,2066350,0,2193902,mpeg4,3000000,15.0,640,480,221160,1.744
3mWp-QQn-1M,167.39166,h264,1280,720,2207484,24.0,86,3931,0,4017,4369420,41819887,0,46189307,mpeg4,539000,25.0,640,480,219656,4.964
2tzy-vqeeLY,106.765,h264,1280,720,849586,25.0,66,2603,0,2669,4427240,6911026,0,11338266,h264,5000000,29.97,1280,720,347308,40.247
1D3O-16kzhQ,274.541,vp8,480,360,139791,30.029198,58,8170,0,8228,802625,3994697,0,4797322,h264,109000,12.0,1280,720,317604,12.685
25TI-jx-cag,176.901,vp8,480,360,26968,25.113636,38,4382,0,4420,393395,202954,0,596349,vp8,539000,15.0,320,240,218932,1.468
1ZzJ-T2FJAw,250.017,h264,320,240,153059,29.0,128,7366,0,7494,856855,3926589,0,4783444,mpeg4,3000000,29.97,1920,1080,218664,16.629
1tos-YhVzA4,222.53334,h264,480,360,500449,30.0,219,6457,0,6676,2821722,11099102,0,13920824,vp8,242000,12.0,480,360,217336,3.792
2AfTeWTxhIg,645.84,vp8,320,240,95903,25.032558,138,16008,0,16146,1081321,6660941,0,7742262,flv,820000,24.0,640,480,219200,1.348
1Nc0-MKuExg,107.443,vp8,480,360,320011,30.093458,30,3190,0,3220,671936,3625932,0,4297868,flv,56000,12.0,1920,1080,216820,4.04
2kFF-0kB_4w,339.667,h264,640,480,257699,30.0,181,10010,0,10191,10121223,820261,0,10941484,h264,5000000,25.0,320,240,219480,3.112
1Nc0-MKuExg,107.443,vp8,480,360,320011,30.093458,30,3190,0,3220,671936,3625932,0,4297868,flv,5000000,15.0,320,240,216820,1.056
3DRy-Stwt9c,385.052,vp8,1280,720,441862,23.979221,77,9155,0,9232,16244376,5023129,0,21267505,h264,242000,12.0,480,360,219480,3.68
2ApZ-KZ-pEk,157.891,h264,480,360,406908,29.0,87,4646,0,4733,1776729,6254165,0,8030894,vp8,820000,29.97,320,240,219464,3.732
1G6F-Huj2hY,110.966995,h264,480,360,397112,30.0,59,3271,0,3330,529627,4978664,0,5508291,h264,5000000,24.0,480,360,216820,23.925
1a5f-GbYEaM,157.80167,h264,1280,720,2885589,25.0,72,3873,0,3945,5611970,51306874,0,56918844,h264,3000000,12.0,1920,1080,699972,65.092
3HVJ-p8L33A,163.897,flv,320,240,267032,29.0,87,4826,0,4913,824159,4646573,0,5470732,vp8,5000000,12.0,640,480,219656,4.848
3_fF9rtYCQ0,256.20834,mpeg4,176,144,57565,12.0,56,3018,0,3074,302900,1540700,0,1843600,flv,56000,24.0,480,360,219480,0.464
0Hwk-yGT-M4,714.371,vp8,1280,720,652356,29.981792,143,21264,0,21407,14532530,43720516,0,58253046,mpeg4,5000000,12.0,1920,1080,164888,9.941
3-Wy-Ftbd40,69.93833,mpeg4,176,144,56717,12.0,14,825,0,839,47521,448322,0,495843,h264,3000000,15.0,480,360,221152,6.916
iBMB-kHcd7U,73.04,h264,320,240,294328,25.0,39,1788,0,1827,385167,2302053,0,2687220,h264,5000000,29.97,1920,1080,667188,163.658
15fr-zSdCqg,39.055,h264,1920,1080,5992818,30.0,26,1144,0,1170,839251,28416939,0,29256190,mpeg4,5000000,12.0,640,480,215848,10.745
3Wdg-dsGihA,340.424,flv,320,240,244491,11.0,69,4012,0,4081,1168939,9234909,0,10403848,h264,109000,15.0,640,480,221152,6.88
04t6-jw9czg,130.35667,mpeg4,176,144,54590,12.0,27,1537,0,1564,64483,825054,0,889537,vp8,242000,12.0,1280,720,45088,10.321
1hEL-mcI-tM,304.927,vp8,320,240,134334,25.075659,82,7541,0,7623,833754,4286526,0,5120280,h264,56000,15.0,640,480,216820,5.18
1LXH-OibJYQ,42.2,h264,480,360,288705,25.0,23,1033,0,1056,216154,1306770,0,1522924,h264,820000,25.0,176,144,216820,2.848
2kFF-0kB_4w,339.667,h264,640,480,257699,30.0,181,10010,0,10191,10121223,820261,0,10941484,h264,109000,12.0,320,240,219480,1.928
3ODf-KYiOZw,63.667,h264,640,480,972572,15.0,33,923,0,956,1259657,6480438,0,7740095,flv,5000000,24.0,176,144,219656,1.344
15fr-zSdCqg,39.055,h264,1920,1080,5992818,30.0,26,1144,0,1170,839251,28416939,0,29256190,flv,56000,25.0,320,240,216020,9.641
1LXH-OibJYQ,42.2,h264,480,360,288705,25.0,23,1033,0,1056,216154,1306770,0,1522924,flv,56000,25.0,1280,720,216820,2.58
28BV-NZV3C8,326.58832,h264,1920,1080,5999648,23.0,174,7656,0,7830,16603953,228322925,0,244926878,h264,5000000,24.0,176,144,218932,13.929
1hEL-mcI-tM,304.927,vp8,320,240,134334,25.075659,82,7541,0,7623,833754,4286526,0,5120280,vp8,3000000,15.0,640,480,216820,6.26
28BV-NZV3C8,326.58832,h264,1920,1080,5999648,23.0,174,7656,0,7830,16603953,228322925,0,244926878,flv,242000,25.0,640,480,218932,8.465
4Fob-eSnrb8,1768.9417,mpeg4,176,144,56152,12.0,354,20873,0,21227,1382103,11034284,0,12416387,mpeg4,539000,15.0,1280,720,221160,3.884
1WrA-SRsgEk,384.451,h264,640,480,646432,29.0,205,11318,0,11523,2839955,28225248,0,31065203,mpeg4,3000000,29.97,640,480,217568,7.004
3xGu-rfcH3s,368.32,vp8,640,480,29096,25.02174,74,9134,0,9208,869558,470067,0,1339625,mpeg4,3000000,12.0,320,240,221152,1.228
4Fob-eSnrb8,1768.9417,mpeg4,176,144,56152,12.0,354,20873,0,21227,1382103,11034284,0,12416387,vp8,3000000,12.0,1920,1080,223892,34.118
2tzy-vqeeLY,106.765,h264,1280,720,849586,25.0,66,2603,0,2669,4427240,6911026,0,11338266,vp8,3000000,15.0,176,144,219480,3.2
_2al-ZI1Wss,74.535,mpeg4,176,144,55305,12.0,15,879,0,894,23996,491276,0,515272,flv,3000000,24.0,480,360,219464,0.572
1WrA-SRsgEk,384.451,h264,640,480,646432,29.0,205,11318,0,11523,2839955,28225248,0,31065203,flv,109000,29.97,1280,720,217828,3.98
4BJV-yiTcus,254.922,vp8,480,360,260667,30.062992,51,7585,0,7636,918325,7387906,0,8306231,mpeg4,539000,15.0,176,144,221160,1.792
4b7b-FY4JPI,203.198,flv,320,240,239336,29.0,104,5974,0,6078,853613,5225468,0,6079081,mpeg4,242000,29.97,640,480,221160,4.364
1LXH-OibJYQ,42.2,h264,480,360,288705,25.0,23,1033,0,1056,216154,1306770,0,1522924,mpeg4,3000000,12.0,1920,1080,216820,6.852
1Vq6-f1kYeM,127.221664,h264,1920,1080,3080852,23.0,70,2980,0,3050,3818903,45174992,0,48993895,vp8,3000000,15.0,1920,1080,217436,42.883
1hEL-mcI-tM,304.927,vp8,320,240,134334,25.075659,82,7541,0,7623,833754,4286526,0,5120280,mpeg4,56000,25.0,1920,1080,216820,13.437
2tzy-vqeeLY,106.765,h264,1280,720,849586,25.0,66,2603,0,2669,4427240,6911026,0,11338266,vp8,3000000,29.97,1920,1080,219480,36.506
46oD-rS6PC8,95.462,h264,640,480,809256,29.0,51,2811,0,2862,886496,8770159,0,9656655,flv,5000000,29.97,176,144,221160,1.7
3ojsQWU7XWE,86.486,h264,640,480,356037,29.0,46,2547,0,2593,819680,3029350,0,3849030,mpeg4,820000,12.0,176,144,219656,1.932
0OUmDeBapbQ,316.95166,mpeg4,176,144,55396,12.0,64,3739,0,3803,111850,2082902,0,2194752,vp8,109000,25.0,176,144,165700,1.136
4keb-__zqyQ,452.689,vp8,320,240,66680,5.7057524,42,2537,0,2579,207037,3566163,0,3773200,mpeg4,539000,12.0,1920,1080,247828,7.66
1YDt-FkeZ4E,98.683334,mpeg4,176,144,55552,12.0,20,1164,0,1184,48267,636993,0,685260,mpeg4,539000,15.0,1920,1080,217852,6.564
1Nc0-MKuExg,107.443,vp8,480,360,320011,30.093458,30,3190,0,3220,671936,3625932,0,4297868,vp8,56000,29.97,320,240,216820,4.184
2pet-NcSXvY,37.011665,h264,1280,720,2759449,29.0,21,1088,0,1109,1899633,10866846,0,12766479,mpeg4,56000,29.97,640,480,219480,6.556
2SkA-cUEaJ0,490.6,h264,480,360,300437,25.0,256,12010,0,12266,1448177,16976151,0,18424328,h264,3000000,24.0,320,240,219480,9.893
1YDt-FkeZ4E,98.683334,mpeg4,176,144,55552,12.0,20,1164,0,1184,48267,636993,0,685260,mpeg4,242000,25.0,480,360,217852,1.664
3ojsQWU7XWE,86.486,h264,640,480,356037,29.0,46,2547,0,2593,819680,3029350,0,3849030,mpeg4,539000,29.97,640,480,219656,5.248
09oUj9EDIDo,239.14166,h264,480,360,500198,25.0,110,5868,0,5978,1406751,13545526,0,14952277,flv,242000,25.0,480,360,112076,1.156
1Nc0-MKuExg,107.443,vp8,480,360,320011,30.093458,30,3190,0,3220,671936,3625932,0,4297868,vp8,5000000,15.0,1280,720,216820,16.209
3xGu-rfcH3s,368.32,vp8,640,480,29096,25.02174,74,9134,0,9208,869558,470067,0,1339625,flv,5000000,24.0,1920,1080,221152,4.512
1hEL-mcI-tM,304.927,vp8,320,240,134334,25.075659,82,7541,0,7623,833754,4286526,0,5120280,flv,56000,12.0,480,360,216820,0.756
1a5f-GbYEaM,157.80167,h264,1280,720,2885589,25.0,72,3873,0,3945,5611970,51306874,0,56918844,vp8,820000,25.0,1920,1080,216056,49.687
3dI-kJGuWbY,292.092,h264,480,360,480125,29.0,156,8599,0,8755,2375028,15155062,0,17530090,flv,539000,25.0,640,480,219480,1.924
2Y-k-006Zbs,67.583336,mpeg4,176,144,51225,12.0,15,777,0,792,47585,385164,0,432749,vp8,820000,12.0,640,480,219480,4.556
3_fF9rtYCQ0,256.20834,mpeg4,176,144,57565,12.0,56,3018,0,3074,302900,1540700,0,1843600,mpeg4,539000,25.0,480,360,219480,2.128
1Nc0-MKuExg,107.443,vp8,480,360,320011,30.093458,30,3190,0,3220,671936,3625932,0,4297868,h264,242000,25.0,640,480,216820,12.901
3DRy-Stwt9c,385.052,vp8,1280,720,441862,23.979221,77,9155,0,9232,16244376,5023129,0,21267505,flv,56000,25.0,640,480,219480,1.844
3YNh-PI2q64,395.44,vp8,1280,720,1611942,25.027847,80,9806,0,9886,5073258,74605061,0,79678319,flv,109000,25.0,1280,720,221160,2.464
0Yxo-eU6AjI,326.583,vp8,640,480,1055982,25.039877,102,8061,0,8163,1868804,41239444,0,43108248,h264,56000,29.97,1280,720,322384,22.849
2AfTeWTxhIg,645.84,vp8,320,240,95903,25.032558,138,16008,0,16146,1081321,6660941,0,7742262,mpeg4,5000000,25.0,1280,720,218932,11.937
1Vq6-f1kYeM,127.221664,h264,1920,1080,3080852,23.0,70,2980,0,3050,3818903,45174992,0,48993895,flv,820000,12.0,480,360,217544,7.432
3Wdg-dsGihA,340.424,flv,320,240,244491,11.0,69,4012,0,4081,1168939,9234909,0,10403848,h264,109000,29.97,480,360,221152,7.0
3Wdg-dsGihA,340.424,flv,320,240,244491,11.0,69,4012,0,4081,1168939,9234909,0,10403848,h264,3000000,25.0,1280,720,297348,50.447
2Y-k-006Zbs,67.583336,mpeg4,176,144,51225,12.0,15,777,0,792,47585,385164,0,432749,vp8,539000,15.0,640,480,219480,4.34
0OUmDeBapbQ,316.95166,mpeg4,176,144,55396,12.0,64,3739,0,3803,111850,2082902,0,2194752,vp8,820000,29.97,320,240,165700,2.48
2tzy-vqeeLY,106.765,h264,1280,720,849586,25.0,66,2603,0,2669,4427240,6911026,0,11338266,h264,820000,25.0,1920,1080,697272,53.591
3BVV-0I-JlM,33.09,h264,320,240,279173,13.0,22,434,0,456,101794,1052937,0,1154731,flv,5000000,12.0,1920,1080,219480,4.12
1oz8-nezz50,225.08,h264,480,360,538452,25.0,113,5515,0,5628,1873408,13275961,0,15149369,vp8,820000,29.97,480,360,216820,5.108
3DRy-Stwt9c,385.052,vp8,1280,720,441862,23.979221,77,9155,0,9232,16244376,5023129,0,21267505,vp8,109000,29.97,1280,720,219480,19.065
2tzy-vqeeLY,106.765,h264,1280,720,849586,25.0,66,2603,0,2669,4427240,6911026,0,11338266,h264,539000,24.0,320,240,219480,6.684
0ICm-Cu4_aE,476.957,vp8,1280,720,1387100,30.05252,105,14200,0,14305,3487520,79210885,0,82698405,mpeg4,539000,29.97,640,480,165692,5.568
1RMD-MxzJn8,64.933,flv,320,240,236793,15.0,39,936,0,975,318954,1603007,0,1921961,vp8,820000,24.0,640,480,217080,8.437
2AfTeWTxhIg,645.84,vp8,320,240,95903,25.032558,138,16008,0,16146,1081321,6660941,0,7742262,mpeg4,3000000,15.0,480,360,218932,2.996
1RMD-MxzJn8,64.933,flv,320,240,236793,15.0,39,936,0,975,318954,1603007,0,1921961,vp8,56000,15.0,176,144,217080,1.208
1ZzJ-T2FJAw,250.017,h264,320,240,153059,29.0,128,7366,0,7494,856855,3926589,0,4783444,vp8,3000000,12.0,320,240,218664,2.204
2kFF-0kB_4w,339.667,h264,640,480,257699,30.0,181,10010,0,10191,10121223,820261,0,10941484,vp8,56000,12.0,176,144,219480,1.672
1Vq6-f1kYeM,127.221664,h264,1920,1080,3080852,23.0,70,2980,0,3050,3818903,45174992,0,48993895,h264,56000,24.0,1280,720,392984,27.142
3fpg-LlHcks,273.816,vp8,1920,1080,1571003,25.065933,77,6766,0,6843,6190779,47579961,0,53770740,h264,109000,29.97,480,360,219656,12.501
1L6x-TgAldY,286.995,h264,480,360,508160,23.0,156,6726,0,6882,2285153,15944803,0,18229956,h264,56000,12.0,640,480,216820,5.9
2SkA-cUEaJ0,490.6,h264,480,360,300437,25.0,256,12010,0,12266,1448177,16976151,0,18424328,flv,242000,12.0,480,360,219480,0.924
42hr-6A1jYc,311.1,mpeg4,176,144,56416,12.0,113,3620,0,3733,127552,2066350,0,2193902,h264,242000,15.0,320,240,221160,2.42
1D3O-16kzhQ,274.541,vp8,480,360,139791,30.029198,58,8170,0,8228,802625,3994697,0,4797322,flv,56000,12.0,1280,720,216820,2.032
3SQY-ZB8hmI,473.0,h264,320,240,164017,25.0,198,10924,704,11826,1419320,8047423,0,9697521,h264,820000,29.97,1920,1080,645192,88.73
3xGu-rfcH3s,368.32,vp8,640,480,29096,25.02174,74,9134,0,9208,869558,470067,0,1339625,mpeg4,539000,24.0,176,144,221152,2.384
3Wdg-dsGihA,340.424,flv,320,240,244491,11.0,69,4012,0,4081,1168939,9234909,0,10403848,flv,109000,29.97,640,480,221152,0.576
6Kt9-VM7rcg,155.089,vp8,1280,720,966064,30.012903,41,4611,0,4652,3356720,15371532,0,18728252,vp8,3000000,12.0,640,480,39260,5.18
0XTW-dqdT4w,216.55,h264,320,240,291150,29.0,112,6379,0,6491,1789334,6091735,0,7881069,h264,56000,24.0,1920,1080,637724,21.801
2u-5-Io725E,426.945,h264,1280,720,1064703,29.0,228,12567,0,12795,11297544,45523691,0,56821235,h264,56000,12.0,480,360,219480,6.24
3DRy-Stwt9c,385.052,vp8,1280,720,441862,23.979221,77,9155,0,9232,16244376,5023129,0,21267505,flv,109000,25.0,176,144,219480,1.288
28BV-NZV3C8,326.58832,h264,1920,1080,5999648,23.0,174,7656,0,7830,16603953,228322925,0,244926878,h264,242000,12.0,1280,720,390556,30.838
3xGu-rfcH3s,368.32,vp8,640,480,29096,25.02174,74,9134,0,9208,869558,470067,0,1339625,flv,3000000,12.0,640,480,221152,0.796
1RMD-MxzJn8,64.933,flv,320,240,236793,15.0,39,936,0,975,318954,1603007,0,1921961,flv,242000,25.0,1280,720,217080,1.644
2kFF-0kB_4w,339.667,h264,640,480,257699,30.0,181,10010,0,10191,10121223,820261,0,10941484,flv,3000000,29.97,320,240,219480,1.28
3BVV-0I-JlM,33.09,h264,320,240,279173,13.0,22,434,0,456,101794,1052937,0,1154731,mpeg4,5000000,24.0,176,144,219480,1.98
2tzy-vqeeLY,106.765,h264,1280,720,849586,25.0,66,2603,0,2669,4427240,6911026,0,11338266,flv,539000,12.0,320,240,219480,2.556
2ApZ-KZ-pEk,157.891,h264,480,360,406908,29.0,87,4646,0,4733,1776729,6254165,0,8030894,h264,5000000,24.0,640,480,219464,22.185
_XSZ-jy21us,1682.534,h264,480,360,671673,30.0,906,49571,0,50477,14123866,127140240,0,141264106,h264,5000000,12.0,1920,1080,667976,105.715
1Vq6-f1kYeM,127.221664,h264,1920,1080,3080852,23.0,70,2980,0,3050,3818903,45174992,0,48993895,h264,242000,25.0,176,144,217544,10.633
3o_2-igmsyo,440.967,h264,320,240,281642,30.0,236,12994,0,13230,2444863,13079542,0,15524405,vp8,56000,29.97,640,480,219656,6.476
1G6F-Huj2hY,110.966995,h264,480,360,397112,30.0,59,3271,0,3330,529627,4978664,0,5508291,h264,109000,29.97,480,360,216820,9.201
2Y-k-006Zbs,67.583336,mpeg4,176,144,51225,12.0,15,777,0,792,47585,385164,0,432749,mpeg4,820000,15.0,640,480,219480,2.228
0QZJN4yTbbU,34.168,vp8,480,360,186895,30.029411,16,1005,0,1021,238485,559745,0,798230,h264,5000000,29.97,176,144,165700,3.24
1Vq6-f1kYeM,127.221664,h264,1920,1080,3080852,23.0,70,2980,0,3050,3818903,45174992,0,48993895,flv,3000000,12.0,640,480,217544,7.4
3fpg-LlHcks,273.816,vp8,1920,1080,1571003,25.065933,77,6766,0,6843,6190779,47579961,0,53770740,flv,242000,15.0,1920,1080,219656,6.668
0OUmDeBapbQ,316.95166,mpeg4,176,144,55396,12.0,64,3739,0,3803,111850,2082902,0,2194752,flv,539000,29.97,480,360,165700,0.548
2AfTeWTxhIg,645.84,vp8,320,240,95903,25.032558,138,16008,0,16146,1081321,6660941,0,7742262,h264,56000,29.97,320,240,219200,3.692
15fr-zSdCqg,39.055,h264,1920,1080,5992818,30.0,26,1144,0,1170,839251,28416939,0,29256190,flv,242000,29.97,1920,1080,216020,12.901
1D3O-16kzhQ,274.541,vp8,480,360,139791,30.029198,58,8170,0,8228,802625,3994697,0,4797322,flv,3000000,15.0,480,360,216820,0.924
4Fob-eSnrb8,1768.9417,mpeg4,176,144,56152,12.0,354,20873,0,21227,1382103,11034284,0,12416387,h264,5000000,15.0,480,360,245836,16.941
0XTW-dqdT4w,216.55,h264,320,240,291150,29.0,112,6379,0,6491,1789334,6091735,0,7881069,mpeg4,3000000,29.97,480,360,186700,4.252
0OUmDeBapbQ,316.95166,mpeg4,176,144,55396,12.0,64,3739,0,3803,111850,2082902,0,2194752,h264,109000,12.0,480,360,165700,4.412
2TXm-QHXCzU,270.655,vp8,640,480,652967,30.062963,89,8028,0,8117,1912240,20178890,0,22091130,flv,56000,12.0,1280,720,219480,3.18
3ODf-KYiOZw,63.667,h264,640,480,972572,15.0,33,923,0,956,1259657,6480438,0,7740095,h264,820000,15.0,176,144,219656,4.084
1s9d-jTKyUw,448.575,vp8,1280,720,2052426,30.002232,92,13349,0,13441,9132637,105950761,0,115083398,mpeg4,539000,15.0,640,480,217080,4.932
3HVJ-p8L33A,163.897,flv,320,240,267032,29.0,87,4826,0,4913,824159,4646573,0,5470732,flv,5000000,25.0,640,480,219656,1.388
1WrA-SRsgEk,384.451,h264,640,480,646432,29.0,205,11318,0,11523,2839955,28225248,0,31065203,mpeg4,5000000,24.0,176,144,217568,2.808
15fr-zSdCqg,39.055,h264,1920,1080,5992818,30.0,26,1144,0,1170,839251,28416939,0,29256190,vp8,820000,15.0,176,144,215940,9.617
3dI-kJGuWbY,292.092,h264,480,360,480125,29.0,156,8599,0,8755,2375028,15155062,0,17530090,mpeg4,242000,12.0,640,480,219480,3.284
3fmy-4uvR9U,143.03334,mpeg4,176,144,51082,12.0,31,1685,0,1716,56405,856907,0,913312,vp8,109000,12.0,480,360,219480,2.96
3xUU-YRicZA,131.76,vp8,640,480,104723,25.145039,37,3257,0,3294,945865,778937,0,1724802,h264,3000000,24.0,176,144,221152,1.652
3Wdg-dsGihA,340.424,flv,320,240,244491,11.0,69,4012,0,4081,1168939,9234909,0,10403848,h264,539000,25.0,320,240,221152,4.628
25TI-jx-cag,176.901,vp8,480,360,26968,25.113636,38,4382,0,4420,393395,202954,0,596349,h264,56000,24.0,640,480,218932,3.352
1ZzJ-T2FJAw,250.017,h264,320,240,153059,29.0,128,7366,0,7494,856855,3926589,0,4783444,vp8,242000,15.0,480,360,218664,3.74
1ZzJ-T2FJAw,250.017,h264,320,240,153059,29.0,128,7366,0,7494,856855,3926589,0,4783444,flv,539000,29.97,176,144,218900,0.728
3fmy-4uvR9U,143.03334,mpeg4,176,144,51082,12.0,31,1685,0,1716,56405,856907,0,913312,vp8,242000,15.0,176,144,219480,1.308
4NcD-WQyXCQ,860.056,vp8,1280,720,2688309,29.968605,277,25496,0,25773,12989828,276022270,0,289012098,vp8,5000000,15.0,1280,720,262784,36.626
3Wdg-dsGihA,340.424,flv,320,240,244491,11.0,69,4012,0,4081,1168939,9234909,0,10403848,h264,56000,15.0,640,480,221152,5.552
0I0e-5-iR3A,906.5983,mpeg4,176,144,56108,12.0,187,10692,0,10879,597549,5760936,0,6358485,mpeg4,109000,15.0,480,360,165668,1.556
236x-T7D-8g,581.233,h264,480,360,295979,30.0,310,17128,0,17438,10151572,11352574,0,21504146,flv,820000,25.0,320,240,218932,1.16
1s9d-jTKyUw,448.575,vp8,1280,720,2052426,30.002232,92,13349,0,13441,9132637,105950761,0,115083398,h264,109000,25.0,320,240,217080,8.053
3Wdg-dsGihA,340.424,flv,320,240,244491,11.0,69,4012,0,4081,1168939,9234909,0,10403848,flv,56000,15.0,1280,720,221152,1.22
1KXW-XA6QkQ,255.28,flv,320,240,250276,25.0,110,6272,0,6382,611474,7374864,0,7986338,flv,109000,12.0,176,144,216820,0.368
0ICm-Cu4_aE,476.957,vp8,1280,720,1387100,30.05252,105,14200,0,14305,3487520,79210885,0,82698405,flv,820000,24.0,640,480,165700,3.36
0I0e-5-iR3A,906.5983,mpeg4,176,144,56108,12.0,187,10692,0,10879,597549,5760936,0,6358485,flv,820000,25.0,640,480,165668,0.748
2SkA-cUEaJ0,490.6,h264,480,360,300437,25.0,256,12010,0,12266,1448177,16976151,0,18424328,h264,109000,12.0,1920,1080,653016,27.822
3AYz-PCa1aI,391.08,h264,640,480,230847,25.0,209,9569,0,9778,9023743,2261252,0,11284995,flv,109000,15.0,1920,1080,219480,3.784
3xGu-rfcH3s,368.32,vp8,640,480,29096,25.02174,74,9134,0,9208,869558,470067,0,1339625,vp8,242000,15.0,176,144,221152,1.38
2ApZ-KZ-pEk,157.891,h264,480,360,406908,29.0,87,4646,0,4733,1776729,6254165,0,8030894,h264,539000,24.0,1280,720,328588,29.49
_2al-ZI1Wss,74.535,mpeg4,176,144,55305,12.0,15,879,0,894,23996,491276,0,515272,mpeg4,109000,24.0,320,240,219200,1.34
3SQY-ZB8hmI,473.0,h264,320,240,164017,25.0,198,10924,704,11826,1419320,8047423,0,9697521,h264,820000,29.97,320,240,220900,7.997
3xUU-YRicZA,131.76,vp8,640,480,104723,25.145039,37,3257,0,3294,945865,778937,0,1724802,vp8,539000,25.0,1280,720,221152,14.057
3N6c-uPdNas,69.933,flv,320,240,272898,15.0,37,1013,0,1050,349781,2035796,0,2385577,vp8,820000,15.0,1280,720,219656,16.705
2ApZ-KZ-pEk,157.891,h264,480,360,406908,29.0,87,4646,0,4733,1776729,6254165,0,8030894,mpeg4,109000,12.0,480,360,219464,2.0
1LXH-OibJYQ,42.2,h264,480,360,288705,25.0,23,1033,0,1056,216154,1306770,0,1522924,mpeg4,56000,29.97,1920,1080,216820,15.817
3_fF9rtYCQ0,256.20834,mpeg4,176,144,57565,12.0,56,3018,0,3074,302900,1540700,0,1843600,vp8,109000,25.0,176,144,219480,0.68
2kFF-0kB_4w,339.667,h264,640,480,257699,30.0,181,10010,0,10191,10121223,820261,0,10941484,vp8,820000,25.0,1920,1080,219480,32.146
1RGh-RmYxHY,217.518,h264,480,360,83054,29.0,112,6408,0,6520,406683,1851539,0,2258222,h264,5000000,12.0,480,360,217080,5.332
0I0e-5-iR3A,906.5983,mpeg4,176,144,56108,12.0,187,10692,0,10879,597549,5760936,0,6358485,mpeg4,56000,12.0,1280,720,165668,3.704
3YNh-PI2q64,395.44,vp8,1280,720,1611942,25.027847,80,9806,0,9886,5073258,74605061,0,79678319,h264,539000,25.0,1280,720,316352,23.949
2NuI-Bp5brA,80.536,h264,480,360,690041,29.0,43,2374,0,2417,618732,6327913,0,6946645,vp8,109000,29.97,1280,720,219480,26.618
3BVV-0I-JlM,33.09,h264,320,240,279173,13.0,22,434,0,456,101794,1052937,0,1154731,mpeg4,56000,24.0,320,240,219480,2.048
2AfTeWTxhIg,645.84,vp8,320,240,95903,25.032558,138,16008,0,16146,1081321,6660941,0,7742262,vp8,5000000,24.0,1920,1080,219200,52.035
09oUj9EDIDo,239.14166,h264,480,360,500198,25.0,110,5868,0,5978,1406751,13545526,0,14952277,vp8,56000,15.0,320,240,99220,3.032
0ckO-lUydcc,177.33333,mpeg4,176,144,53707,12.0,37,2091,0,2128,100969,1089548,0,1190517,mpeg4,3000000,15.0,640,480,163024,1.968
2u-5-Io725E,426.945,h264,1280,720,1064703,29.0,228,12567,0,12795,11297544,45523691,0,56821235,mpeg4,539000,29.97,1280,720,219480,7.512
0I0e-5-iR3A,906.5983,mpeg4,176,144,56108,12.0,187,10692,0,10879,597549,5760936,0,6358485,mpeg4,242000,29.97,176,144,165668,0.98
1KXW-XA6QkQ,255.28,flv,320,240,250276,25.0,110,6272,0,6382,611474,7374864,0,7986338,vp8,3000000,12.0,176,144,216820,1.4
1RMD-MxzJn8,64.933,flv,320,240,236793,15.0,39,936,0,975,318954,1603007,0,1921961,flv,3000000,25.0,640,480,217080,0.984
3xGu-rfcH3s,368.32,vp8,640,480,29096,25.02174,74,9134,0,9208,869558,470067,0,1339625,mpeg4,56000,12.0,1920,1080,221152,5.276
1Y-Y-RHCxRQ,189.956,flv,320,240,231296,29.0,97,5597,0,5694,580292,4911734,0,5492026,flv,109000,12.0,1920,1080,218664,3.268
1D3O-16kzhQ,274.541,vp8,480,360,139791,30.029198,58,8170,0,8228,802625,3994697,0,4797322,h264,539000,24.0,176,144,216820,2.972
2NuI-Bp5brA,80.536,h264,480,360,690041,29.0,43,2374,0,2417,618732,6327913,0,6946645,vp8,820000,12.0,480,360,219480,7.66
2Y-k-006Zbs,67.583336,mpeg4,176,144,51225,12.0,15,777,0,792,47585,385164,0,432749,vp8,3000000,25.0,176,144,219480,0.84
1G6F-Huj2hY,110.966995,h264,480,360,397112,30.0,59,3271,0,3330,529627,4978664,0,5508291,flv,5000000,15.0,176,144,216820,0.992
2tzy-vqeeLY,106.765,h264,1280,720,849586,25.0,66,2603,0,2669,4427240,6911026,0,11338266,mpeg4,109000,24.0,1920,1080,219480,12.145
1a5f-GbYEaM,157.80167,h264,1280,720,2885589,25.0,72,3873,0,3945,5611970,51306874,0,56918844,flv,109000,29.97,320,240,216056,3.696
22uE-OUUBH8,43.827,flv,320,240,272273,25.0,23,1081,0,1104,137210,1354404,0,1491614,flv,539000,15.0,1280,720,218932,2.2
0_VA-rJgmMI,750.433,vp8,1280,720,794075,13.482667,81,10031,0,10112,3852576,70635013,0,74487589,h264,820000,24.0,320,240,171848,5.576
0OUmDeBapbQ,316.95166,mpeg4,176,144,55396,12.0,64,3739,0,3803,111850,2082902,0,2194752,flv,3000000,24.0,1920,1080,165700,3.116
2SkA-cUEaJ0,490.6,h264,480,360,300437,25.0,256,12010,0,12266,1448177,16976151,0,18424328,h264,242000,29.97,320,240,219480,5.356
0_VA-rJgmMI,750.433,vp8,1280,720,794075,13.482667,81,10031,0,10112,3852576,70635013,0,74487589,h264,109000,24.0,640,480,167668,9.249
3_fF9rtYCQ0,256.20834,mpeg4,176,144,57565,12.0,56,3018,0,3074,302900,1540700,0,1843600,flv,820000,24.0,480,360,219480,0.54
2HTJjLLaFL0,379.32,h264,480,360,181960,25.0,195,9289,0,9484,3392479,5235193,0,8627672,vp8,5000000,12.0,480,360,219480,2.408
3HVJ-p8L33A,163.897,flv,320,240,267032,29.0,87,4826,0,4913,824159,4646573,0,5470732,h264,539000,12.0,1280,720,299516,22.357
3ODf-KYiOZw,63.667,h264,640,480,972572,15.0,33,923,0,956,1259657,6480438,0,7740095,mpeg4,109000,12.0,480,360,219656,1.892
2pet-NcSXvY,37.011665,h264,1280,720,2759449,29.0,21,1088,0,1109,1899633,10866846,0,12766479,flv,242000,24.0,480,360,219480,5.316
08EV-X022WI,204.938,h264,480,360,297373,16.0,111,3169,0,3280,1451634,6166260,0,7617894,flv,242000,12.0,480,360,86312,0.732
0ckO-lUydcc,177.33333,mpeg4,176,144,53707,12.0,37,2091,0,2128,100969,1089548,0,1190517,h264,820000,24.0,320,240,164736,4.984
1RGh-RmYxHY,217.518,h264,480,360,83054,29.0,112,6408,0,6520,406683,1851539,0,2258222,h264,56000,29.97,176,144,217080,2.184
3xUU-YRicZA,131.76,vp8,640,480,104723,25.145039,37,3257,0,3294,945865,778937,0,1724802,h264,539000,29.97,176,144,221152,1.828
3ODf-KYiOZw,63.667,h264,640,480,972572,15.0,33,923,0,956,1259657,6480438,0,7740095,mpeg4,56000,29.97,1920,1080,219656,13.545
3dI-kJGuWbY,292.092,h264,480,360,480125,29.0,156,8599,0,8755,2375028,15155062,0,17530090,mpeg4,3000000,12.0,320,240,219480,2.664
3mWp-QQn-1M,167.39166,h264,1280,720,2207484,24.0,86,3931,0,4017,4369420,41819887,0,46189307,flv,109000,12.0,1920,1080,219656,6.072
1ZzJ-T2FJAw,250.017,h264,320,240,153059,29.0,128,7366,0,7494,856855,3926589,0,4783444,vp8,5000000,25.0,320,240,218664,3.052
3ojsQWU7XWE,86.486,h264,640,480,356037,29.0,46,2547,0,2593,819680,3029350,0,3849030,h264,3000000,25.0,320,240,219656,5.396
1s9d-jTKyUw,448.575,vp8,1280,720,2052426,30.002232,92,13349,0,13441,9132637,105950761,0,115083398,h264,539000,29.97,480,360,217080,17.725
2NuI-Bp5brA,80.536,h264,480,360,690041,29.0,43,2374,0,2417,618732,6327913,0,6946645,vp8,5000000,25.0,176,144,219480,3.788
4keb-__zqyQ,452.689,vp8,320,240,66680,5.7057524,42,2537,0,2579,207037,3566163,0,3773200,h264,820000,24.0,320,240,253720,7.016
O-K_-VVWpPc,404.02667,mpeg4,176,144,56342,12.0,81,4767,0,4848,365759,2479731,0,2845490,flv,3000000,29.97,1920,1080,75124,4.196
0ckO-lUydcc,177.33333,mpeg4,176,144,53707,12.0,37,2091,0,2128,100969,1089548,0,1190517,flv,56000,29.97,1280,720,163632,1.364
1RMD-MxzJn8,64.933,flv,320,240,236793,15.0,39,936,0,975,318954,1603007,0,1921961,flv,820000,12.0,176,144,217080,0.376
1hEL-mcI-tM,304.927,vp8,320,240,134334,25.075659,82,7541,0,7623,833754,4286526,0,5120280,vp8,539000,25.0,480,360,216820,5.34
2tzy-vqeeLY,106.765,h264,1280,720,849586,25.0,66,2603,0,2669,4427240,6911026,0,11338266,vp8,3000000,12.0,640,480,219480,5.592
0OUmDeBapbQ,316.95166,mpeg4,176,144,55396,12.0,64,3739,0,3803,111850,2082902,0,2194752,vp8,5000000,29.97,320,240,165700,2.408
2Y-k-006Zbs,67.583336,mpeg4,176,144,51225,12.0,15,777,0,792,47585,385164,0,432749,flv,56000,24.0,480,360,219480,0.472
1YDt-FkeZ4E,98.683334,mpeg4,176,144,55552,12.0,20,1164,0,1184,48267,636993,0,685260,mpeg4,3000000,12.0,320,240,217864,0.792
3xGu-rfcH3s,368.32,vp8,640,480,29096,25.02174,74,9134,0,9208,869558,470067,0,1339625,h264,539000,15.0,480,360,221152,2.056
3fmy-4uvR9U,143.03334,mpeg4,176,144,51082,12.0,31,1685,0,1716,56405,856907,0,913312,vp8,820000,29.97,176,144,219480,1.244
1Y-Y-RHCxRQ,189.956,flv,320,240,231296,29.0,97,5597,0,5694,580292,4911734,0,5492026,flv,539000,29.97,176,144,218664,0.444
2SkA-cUEaJ0,490.6,h264,480,360,300437,25.0,256,12010,0,12266,1448177,16976151,0,18424328,vp8,109000,15.0,1920,1080,219480,20.709
1Y-Y-RHCxRQ,189.956,flv,320,240,231296,29.0,97,5597,0,5694,580292,4911734,0,5492026,vp8,5000000,24.0,176,144,218664,1.184
2TXm-QHXCzU,270.655,vp8,640,480,652967,30.062963,89,8028,0,8117,1912240,20178890,0,22091130,mpeg4,3000000,12.0,176,144,219480,2.172
15fr-zSdCqg,39.055,h264,1920,1080,5992818,30.0,26,1144,0,1170,839251,28416939,0,29256190,flv,539000,24.0,1280,720,216020,10.621
1s9d-jTKyUw,448.575,vp8,1280,720,2052426,30.002232,92,13349,0,13441,9132637,105950761,0,115083398,mpeg4,3000000,25.0,176,144,217080,4.332
0XTW-dqdT4w,216.55,h264,320,240,291150,29.0,112,6379,0,6491,1789334,6091735,0,7881069,vp8,820000,24.0,640,480,197108,7.56
3ojsQWU7XWE,86.486,h264,640,480,356037,29.0,46,2547,0,2593,819680,3029350,0,3849030,mpeg4,539000,12.0,176,144,219656,1.788
1s9d-jTKyUw,448.575,vp8,1280,720,2052426,30.002232,92,13349,0,13441,9132637,105950761,0,115083398,h264,5000000,25.0,176,144,217324,9.421
3SQY-ZB8hmI,473.0,h264,320,240,164017,25.0,198,10924,704,11826,1419320,8047423,0,9697521,flv,109000,12.0,480,360,220900,0.94
22uE-OUUBH8,43.827,flv,320,240,272273,25.0,23,1081,0,1104,137210,1354404,0,1491614,flv,539000,15.0,480,360,218932,0.864
1s9d-jTKyUw,448.575,vp8,1280,720,2052426,30.002232,92,13349,0,13441,9132637,105950761,0,115083398,mpeg4,820000,15.0,1280,720,217080,6.004
2NuI-Bp5brA,80.536,h264,480,360,690041,29.0,43,2374,0,2417,618732,6327913,0,6946645,vp8,820000,29.97,480,360,219480,12.513
2NuI-Bp5brA,80.536,h264,480,360,690041,29.0,43,2374,0,2417,618732,6327913,0,6946645,flv,539000,24.0,640,480,219480,2.06
3BVV-0I-JlM,33.09,h264,320,240,279173,13.0,22,434,0,456,101794,1052937,0,1154731,vp8,539000,24.0,1280,720,219480,13.561
2tzy-vqeeLY,106.765,h264,1280,720,849586,25.0,66,2603,0,2669,4427240,6911026,0,11338266,flv,3000000,12.0,1280,720,219480,3.02
1RMD-MxzJn8,64.933,flv,320,240,236793,15.0,39,936,0,975,318954,1603007,0,1921961,flv,820000,25.0,480,360,217080,0.692
08EV-X022WI,204.938,h264,480,360,297373,16.0,111,3169,0,3280,1451634,6166260,0,7617894,flv,109000,12.0,1920,1080,86124,3.032
0Yxo-eU6AjI,326.583,vp8,640,480,1055982,25.039877,102,8061,0,8163,1868804,41239444,0,43108248,h264,539000,12.0,320,240,215712,6.088
2HTJjLLaFL0,379.32,h264,480,360,181960,25.0,195,9289,0,9484,3392479,5235193,0,8627672,flv,56000,25.0,640,480,219480,1.4
0Yxo-eU6AjI,326.583,vp8,640,480,1055982,25.039877,102,8061,0,8163,1868804,41239444,0,43108248,flv,109000,29.97,320,240,213260,1.188
2pet-NcSXvY,37.011665,h264,1280,720,2759449,29.0,21,1088,0,1109,1899633,10866846,0,12766479,mpeg4,56000,29.97,480,360,219480,6.172
08EV-X022WI,204.938,h264,480,360,297373,16.0,111,3169,0,3280,1451634,6166260,0,7617894,flv,5000000,12.0,640,480,90560,1.016
3Wdg-dsGihA,340.424,flv,320,240,244491,11.0,69,4012,0,4081,1168939,9234909,0,10403848,h264,820000,15.0,176,144,221152,2.5
0Axi-TRoqVA,59.883,vp8,1280,720,994960,30.38983,13,1780,0,1793,481774,6965881,0,7447655,vp8,820000,29.97,640,480,155028,10.901
4keb-__zqyQ,452.689,vp8,320,240,66680,5.7057524,42,2537,0,2579,207037,3566163,0,3773200,flv,539000,15.0,640,480,248108,1.02
0QZJN4yTbbU,34.168,vp8,480,360,186895,30.029411,16,1005,0,1021,238485,559745,0,798230,vp8,56000,15.0,640,480,165700,4.628
0Hwk-yGT-M4,714.371,vp8,1280,720,652356,29.981792,143,21264,0,21407,14532530,43720516,0,58253046,vp8,242000,24.0,640,480,164888,11.373
3xUU-YRicZA,131.76,vp8,640,480,104723,25.145039,37,3257,0,3294,945865,778937,0,1724802,mpeg4,539000,29.97,320,240,221152,2.836
46oD-rS6PC8,95.462,h264,640,480,809256,29.0,51,2811,0,2862,886496,8770159,0,9656655,vp8,3000000,25.0,480,360,221160,8.861
2tzy-vqeeLY,106.765,h264,1280,720,849586,25.0,66,2603,0,2669,4427240,6911026,0,11338266,mpeg4,242000,29.97,480,360,219480,4.236
09oUj9EDIDo,239.14166,h264,480,360,500198,25.0,110,5868,0,5978,1406751,13545526,0,14952277,flv,539000,25.0,1280,720,112588,3.224
2HTJjLLaFL0,379.32,h264,480,360,181960,25.0,195,9289,0,9484,3392479,5235193,0,8627672,mpeg4,56000,29.97,320,240,219464,2.808
22uE-OUUBH8,43.827,flv,320,240,272273,25.0,23,1081,0,1104,137210,1354404,0,1491614,flv,3000000,29.97,176,144,218932,0.6
2NO0-ve7CKM,1140.349,vp8,1280,720,2394626,30.007017,328,33880,0,34208,20478926,320859863,0,341338789,flv,539000,29.97,480,360,219480,4.38
3HVJ-p8L33A,163.897,flv,320,240,267032,29.0,87,4826,0,4913,824159,4646573,0,5470732,flv,539000,29.97,1280,720,219656,2.824
1ZzJ-T2FJAw,250.017,h264,320,240,153059,29.0,128,7366,0,7494,856855,3926589,0,4783444,flv,5000000,29.97,1280,720,218900,3.816
08EV-X022WI,204.938,h264,480,360,297373,16.0,111,3169,0,3280,1451634,6166260,0,7617894,mpeg4,5000000,24.0,640,480,82512,4.252
3BVV-0I-JlM,33.09,h264,320,240,279173,13.0,22,434,0,456,101794,1052937,0,1154731,h264,3000000,12.0,640,480,219480,19.113
4keb-__zqyQ,452.689,vp8,320,240,66680,5.7057524,42,2537,0,2579,207037,3566163,0,3773200,flv,5000000,25.0,320,240,250848,0.648
1KXW-XA6QkQ,255.28,flv,320,240,250276,25.0,110,6272,0,6382,611474,7374864,0,7986338,flv,109000,24.0,176,144,216820,0.428
2ApZ-KZ-pEk,157.891,h264,480,360,406908,29.0,87,4646,0,4733,1776729,6254165,0,8030894,mpeg4,109000,29.97,1280,720,219464,11.297
0ckO-lUydcc,177.33333,mpeg4,176,144,53707,12.0,37,2091,0,2128,100969,1089548,0,1190517,flv,539000,29.97,1920,1080,163632,2.688
0ckO-lUydcc,177.33333,mpeg4,176,144,53707,12.0,37,2091,0,2128,100969,1089548,0,1190517,mpeg4,242000,24.0,480,360,163008,1.992
3Xyf-6FdtDA,49.178333,mpeg4,176,144,54338,7.0,10,334,0,344,33046,300986,0,334032,flv,109000,15.0,480,360,221160,0.368
2SkA-cUEaJ0,490.6,h264,480,360,300437,25.0,256,12010,0,12266,1448177,16976151,0,18424328,vp8,820000,24.0,1280,720,219480,20.129
28BV-NZV3C8,326.58832,h264,1920,1080,5999648,23.0,174,7656,0,7830,16603953,228322925,0,244926878,flv,3000000,15.0,1920,1080,218932,9.313
2TXm-QHXCzU,270.655,vp8,640,480,652967,30.062963,89,8028,0,8117,1912240,20178890,0,22091130,h264,5000000,24.0,640,480,219480,35.862
bgc4-WooOsA,113.398,vp8,640,480,478574,30.079645,37,3362,0,3399,1536253,5247427,0,6783680,flv,539000,15.0,320,240,34876,2.08
3xUU-YRicZA,131.76,vp8,640,480,104723,25.145039,37,3257,0,3294,945865,778937,0,1724802,vp8,109000,15.0,1920,1080,221152,18.593
3o_2-igmsyo,440.967,h264,320,240,281642,30.0,236,12994,0,13230,2444863,13079542,0,15524405,mpeg4,5000000,12.0,640,480,219656,2.172
0ckO-lUydcc,177.33333,mpeg4,176,144,53707,12.0,37,2091,0,2128,100969,1089548,0,1190517,h264,242000,15.0,1280,720,309168,18.481
0Au5-4UDHco,52.68,h264,480,360,372001,25.0,53,1265,0,1318,870136,1579497,0,2449633,mpeg4,242000,12.0,1920,1080,139940,7.252
1KXW-XA6QkQ,255.28,flv,320,240,250276,25.0,110,6272,0,6382,611474,7374864,0,7986338,flv,3000000,29.97,320,240,216820,0.524
25TI-jx-cag,176.901,vp8,480,360,26968,25.113636,38,4382,0,4420,393395,202954,0,596349,flv,5000000,12.0,1280,720,218932,1.572
3Wdg-dsGihA,340.424,flv,320,240,244491,11.0,69,4012,0,4081,1168939,9234909,0,10403848,h264,56000,12.0,640,480,221152,5.048
0OUmDeBapbQ,316.95166,mpeg4,176,144,55396,12.0,64,3739,0,3803,111850,2082902,0,2194752,flv,109000,15.0,320,240,165700,0.388
1s9d-jTKyUw,448.575,vp8,1280,720,2052426,30.002232,92,13349,0,13441,9132637,105950761,0,115083398,mpeg4,242000,25.0,1280,720,217080,7.68
3mWp-QQn-1M,167.39166,h264,1280,720,2207484,24.0,86,3931,0,4017,4369420,41819887,0,46189307,vp8,3000000,25.0,1280,720,219656,31.054
4BJV-yiTcus,254.922,vp8,480,360,260667,30.062992,51,7585,0,7636,918325,7387906,0,8306231,mpeg4,539000,24.0,320,240,221160,3.276
15fr-zSdCqg,39.055,h264,1920,1080,5992818,30.0,26,1144,0,1170,839251,28416939,0,29256190,mpeg4,539000,25.0,320,240,215848,10.101
3Wdg-dsGihA,340.424,flv,320,240,244491,11.0,69,4012,0,4081,1168939,9234909,0,10403848,vp8,56000,24.0,1920,1080,221152,14.617
3fpg-LlHcks,273.816,vp8,1920,1080,1571003,25.065933,77,6766,0,6843,6190779,47579961,0,53770740,mpeg4,56000,24.0,1920,1080,219656,12.981
22uE-OUUBH8,43.827,flv,320,240,272273,25.0,23,1081,0,1104,137210,1354404,0,1491614,flv,539000,25.0,320,240,218932,0.644
1tos-YhVzA4,222.53334,h264,480,360,500449,30.0,219,6457,0,6676,2821722,11099102,0,13920824,flv,5000000,12.0,320,240,217348,0.968
1YDt-FkeZ4E,98.683334,mpeg4,176,144,55552,12.0,20,1164,0,1184,48267,636993,0,685260,mpeg4,820000,15.0,176,144,217852,0.58
3xGu-rfcH3s,368.32,vp8,640,480,29096,25.02174,74,9134,0,9208,869558,470067,0,1339625,h264,242000,25.0,480,360,221152,2.752
1Y-Y-RHCxRQ,189.956,flv,320,240,231296,29.0,97,5597,0,5694,580292,4911734,0,5492026,flv,5000000,25.0,176,144,218664,0.444
1RMD-MxzJn8,64.933,flv,320,240,236793,15.0,39,936,0,975,318954,1603007,0,1921961,mpeg4,56000,29.97,176,144,217080,1.444
2NO0-ve7CKM,1140.349,vp8,1280,720,2394626,30.007017,328,33880,0,34208,20478926,320859863,0,341338789,vp8,109000,24.0,320,240,219480,7.7
09oUj9EDIDo,239.14166,h264,480,360,500198,25.0,110,5868,0,5978,1406751,13545526,0,14952277,flv,242000,25.0,640,480,112092,1.544
2HTJjLLaFL0,379.32,h264,480,360,181960,25.0,195,9289,0,9484,3392479,5235193,0,8627672,h264,820000,25.0,480,360,219480,7.64
0a6_--ZJXTE,290.01666,mpeg4,176,144,52783,12.0,61,3417,0,3478,119325,1794184,0,1913509,mpeg4,539000,29.97,1280,720,128624,7.916
08EV-X022WI,204.938,h264,480,360,297373,16.0,111,3169,0,3280,1451634,6166260,0,7617894,mpeg4,820000,15.0,320,240,81740,2.144
3SQY-ZB8hmI,473.0,h264,320,240,164017,25.0,198,10924,704,11826,1419320,8047423,0,9697521,mpeg4,109000,24.0,480,360,219656,3.4
3mWp-QQn-1M,167.39166,h264,1280,720,2207484,24.0,86,3931,0,4017,4369420,41819887,0,46189307,h264,109000,25.0,1280,720,344720,24.858
2pet-NcSXvY,37.011665,h264,1280,720,2759449,29.0,21,1088,0,1109,1899633,10866846,0,12766479,h264,242000,29.97,176,144,219480,8.165
25TI-jx-cag,176.901,vp8,480,360,26968,25.113636,38,4382,0,4420,393395,202954,0,596349,vp8,3000000,24.0,320,240,218932,1.712
3DRy-Stwt9c,385.052,vp8,1280,720,441862,23.979221,77,9155,0,9232,16244376,5023129,0,21267505,flv,539000,29.97,1920,1080,219480,5.656
1Nc0-MKuExg,107.443,vp8,480,360,320011,30.093458,30,3190,0,3220,671936,3625932,0,4297868,flv,3000000,15.0,1280,720,216820,2.912
1a5f-GbYEaM,157.80167,h264,1280,720,2885589,25.0,72,3873,0,3945,5611970,51306874,0,56918844,vp8,56000,12.0,640,480,216020,9.421
2TXm-QHXCzU,270.655,vp8,640,480,652967,30.062963,89,8028,0,8117,1912240,20178890,0,22091130,mpeg4,56000,24.0,1280,720,219480,7.812
3fmy-4uvR9U,143.03334,mpeg4,176,144,51082,12.0,31,1685,0,1716,56405,856907,0,913312,flv,56000,29.97,1280,720,219480,1.492
09oUj9EDIDo,239.14166,h264,480,360,500198,25.0,110,5868,0,5978,1406751,13545526,0,14952277,mpeg4,820000,15.0,1920,1080,114584,8.457
3AYz-PCa1aI,391.08,h264,640,480,230847,25.0,209,9569,0,9778,9023743,2261252,0,11284995,flv,5000000,25.0,640,480,219480,1.252
08EV-X022WI,204.938,h264,480,360,297373,16.0,111,3169,0,3280,1451634,6166260,0,7617894,mpeg4,109000,24.0,480,360,78812,2.72
3o_2-igmsyo,440.967,h264,320,240,281642,30.0,236,12994,0,13230,2444863,13079542,0,15524405,flv,109000,24.0,1920,1080,219656,4.816
2zeL-QQa8Sk,77.233,h264,480,360,382461,30.0,53,2265,0,2318,182297,3510033,0,3692330,flv,5000000,15.0,1280,720,219480,3.056
1oz8-nezz50,225.08,h264,480,360,538452,25.0,113,5515,0,5628,1873408,13275961,0,15149369,h264,3000000,29.97,1280,720,322880,70.336
3HVJ-p8L33A,163.897,flv,320,240,267032,29.0,87,4826,0,4913,824159,4646573,0,5470732,h264,109000,12.0,320,240,219656,2.244
1Vq6-f1kYeM,127.221664,h264,1920,1080,3080852,23.0,70,2980,0,3050,3818903,45174992,0,48993895,flv,242000,12.0,1280,720,217544,7.788
42hr-6A1jYc,311.1,mpeg4,176,144,56416,12.0,113,3620,0,3733,127552,2066350,0,2193902,vp8,3000000,25.0,176,144,221160,0.668
04t6-jw9czg,130.35667,mpeg4,176,144,54590,12.0,27,1537,0,1564,64483,825054,0,889537,mpeg4,242000,15.0,1280,720,58548,3.96
3YNh-PI2q64,395.44,vp8,1280,720,1611942,25.027847,80,9806,0,9886,5073258,74605061,0,79678319,flv,820000,25.0,1280,720,221160,2.456
3ODf-KYiOZw,63.667,h264,640,480,972572,15.0,33,923,0,956,1259657,6480438,0,7740095,flv,242000,24.0,176,144,219656,1.32
1WrA-SRsgEk,384.451,h264,640,480,646432,29.0,205,11318,0,11523,2839955,28225248,0,31065203,flv,5000000,29.97,176,144,217828,1.588
4BJV-yiTcus,254.922,vp8,480,360,260667,30.062992,51,7585,0,7636,918325,7387906,0,8306231,vp8,3000000,24.0,1920,1080,221160,41.903
3DRy-Stwt9c,385.052,vp8,1280,720,441862,23.979221,77,9155,0,9232,16244376,5023129,0,21267505,h264,5000000,29.97,176,144,219480,2.316
0Au5-4UDHco,52.68,h264,480,360,372001,25.0,53,1265,0,1318,870136,1579497,0,2449633,flv,539000,12.0,480,360,140080,1.132
0ICm-Cu4_aE,476.957,vp8,1280,720,1387100,30.05252,105,14200,0,14305,3487520,79210885,0,82698405,vp8,539000,24.0,640,480,165700,9.301
25TI-jx-cag,176.901,vp8,480,360,26968,25.113636,38,4382,0,4420,393395,202954,0,596349,mpeg4,820000,25.0,640,480,218932,3.744
3fmy-4uvR9U,143.03334,mpeg4,176,144,51082,12.0,31,1685,0,1716,56405,856907,0,913312,mpeg4,820000,12.0,176,144,219480,0.672
1Vq6-f1kYeM,127.221664,h264,1920,1080,3080852,23.0,70,2980,0,3050,3818903,45174992,0,48993895,mpeg4,56000,15.0,1920,1080,217348,12.485
0Yxo-eU6AjI,326.583,vp8,640,480,1055982,25.039877,102,8061,0,8163,1868804,41239444,0,43108248,vp8,56000,24.0,1280,720,212772,15.445
3YNh-PI2q64,395.44,vp8,1280,720,1611942,25.027847,80,9806,0,9886,5073258,74605061,0,79678319,mpeg4,56000,29.97,176,144,221160,2.74
0Yxo-eU6AjI,326.583,vp8,640,480,1055982,25.039877,102,8061,0,8163,1868804,41239444,0,43108248,h264,5000000,12.0,176,144,215712,3.724
2u-5-Io725E,426.945,h264,1280,720,1064703,29.0,228,12567,0,12795,11297544,45523691,0,56821235,vp8,109000,25.0,480,360,219480,7.832
09oUj9EDIDo,239.14166,h264,480,360,500198,25.0,110,5868,0,5978,1406751,13545526,0,14952277,mpeg4,109000,12.0,176,144,94600,1.272
0a6_--ZJXTE,290.01666,mpeg4,176,144,52783,12.0,61,3417,0,3478,119325,1794184,0,1913509,h264,109000,12.0,320,240,137912,2.82
3fpg-LlHcks,273.816,vp8,1920,1080,1571003,25.065933,77,6766,0,6843,6190779,47579961,0,53770740,vp8,3000000,12.0,176,144,219656,5.392
1YDt-FkeZ4E,98.683334,mpeg4,176,144,55552,12.0,20,1164,0,1184,48267,636993,0,685260,vp8,539000,25.0,176,144,217880,0.708
1LXH-OibJYQ,42.2,h264,480,360,288705,25.0,23,1033,0,1056,216154,1306770,0,1522924,mpeg4,56000,12.0,320,240,216820,1.748
wyne-dpl4hc,408.875,h264,480,360,787319,29.0,226,12029,0,12255,2295608,37943803,0,40239411,flv,109000,24.0,320,240,81656,1.936
3-Wy-Ftbd40,69.93833,mpeg4,176,144,56717,12.0,14,825,0,839,47521,448322,0,495843,vp8,5000000,24.0,1920,1080,221152,21.693
1ZzJ-T2FJAw,250.017,h264,320,240,153059,29.0,128,7366,0,7494,856855,3926589,0,4783444,mpeg4,3000000,12.0,480,360,218664,2.428
3Xyf-6FdtDA,49.178333,mpeg4,176,144,54338,7.0,10,334,0,344,33046,300986,0,334032,flv,3000000,25.0,320,240,221160,0.336
lUkm-CLzhZs,248.45334,h264,1280,720,2812997,25.0,143,6068,0,6211,5275624,82086716,0,87362340,vp8,242000,25.0,320,240,55276,6.972
1Y-Y-RHCxRQ,189.956,flv,320,240,231296,29.0,97,5597,0,5694,580292,4911734,0,5492026,vp8,242000,24.0,640,480,218664,5.58
0a6_--ZJXTE,290.01666,mpeg4,176,144,52783,12.0,61,3417,0,3478,119325,1794184,0,1913509,mpeg4,109000,15.0,480,360,124640,1.448
28BV-NZV3C8,326.58832,h264,1920,1080,5999648,23.0,174,7656,0,7830,16603953,228322925,0,244926878,mpeg4,820000,29.97,480,360,218932,9.401
_2al-ZI1Wss,74.535,mpeg4,176,144,55305,12.0,15,879,0,894,23996,491276,0,515272,vp8,539000,24.0,480,360,219200,3.148
0ckO-lUydcc,177.33333,mpeg4,176,144,53707,12.0,37,2091,0,2128,100969,1089548,0,1190517,h264,5000000,24.0,176,144,164736,2.244
0Axi-TRoqVA,59.883,vp8,1280,720,994960,30.38983,13,1780,0,1793,481774,6965881,0,7447655,vp8,242000,12.0,1920,1080,155028,17.833
1oz8-nezz50,225.08,h264,480,360,538452,25.0,113,5515,0,5628,1873408,13275961,0,15149369,flv,820000,25.0,1280,720,216820,2.76
0Axi-TRoqVA,59.883,vp8,1280,720,994960,30.38983,13,1780,0,1793,481774,6965881,0,7447655,mpeg4,3000000,15.0,1920,1080,155028,10.669
0ckO-lUydcc,177.33333,mpeg4,176,144,53707,12.0,37,2091,0,2128,100969,1089548,0,1190517,mpeg4,56000,15.0,320,240,162996,0.828
3dI-kJGuWbY,292.092,h264,480,360,480125,29.0,156,8599,0,8755,2375028,15155062,0,17530090,vp8,56000,12.0,1920,1080,219480,20.961
3AYz-PCa1aI,391.08,h264,640,480,230847,25.0,209,9569,0,9778,9023743,2261252,0,11284995,h264,242000,25.0,1920,1080,649412,33.582
1KXW-XA6QkQ,255.28,flv,320,240,250276,25.0,110,6272,0,6382,611474,7374864,0,7986338,h264,539000,15.0,1920,1080,630576,49.479
3mWp-QQn-1M,167.39166,h264,1280,720,2207484,24.0,86,3931,0,4017,4369420,41819887,0,46189307,flv,539000,12.0,320,240,219656,3.628
2HTJjLLaFL0,379.32,h264,480,360,181960,25.0,195,9289,0,9484,3392479,5235193,0,8627672,mpeg4,5000000,29.97,176,144,219464,2.172
46oD-rS6PC8,95.462,h264,640,480,809256,29.0,51,2811,0,2862,886496,8770159,0,9656655,mpeg4,539000,25.0,480,360,221160,4.456
3AYz-PCa1aI,391.08,h264,640,480,230847,25.0,209,9569,0,9778,9023743,2261252,0,11284995,h264,5000000,15.0,480,360,219480,4.16
3xGu-rfcH3s,368.32,vp8,640,480,29096,25.02174,74,9134,0,9208,869558,470067,0,1339625,mpeg4,5000000,25.0,320,240,221152,2.492
1LXH-OibJYQ,42.2,h264,480,360,288705,25.0,23,1033,0,1056,216154,1306770,0,1522924,vp8,820000,12.0,480,360,216820,2.796
3SQY-ZB8hmI,473.0,h264,320,240,164017,25.0,198,10924,704,11826,1419320,8047423,0,9697521,vp8,109000,29.97,176,144,220808,2.084
2Y-k-006Zbs,67.583336,mpeg4,176,144,51225,12.0,15,777,0,792,47585,385164,0,432749,flv,242000,29.97,640,480,219480,0.604
2kFF-0kB_4w,339.667,h264,640,480,257699,30.0,181,10010,0,10191,10121223,820261,0,10941484,mpeg4,109000,12.0,320,240,219480,1.584
0Au5-4UDHco,52.68,h264,480,360,372001,25.0,53,1265,0,1318,870136,1579497,0,2449633,flv,3000000,24.0,480,360,155028,1.588
3xGu-rfcH3s,368.32,vp8,640,480,29096,25.02174,74,9134,0,9208,869558,470067,0,1339625,vp8,56000,29.97,1920,1080,221152,30.558
3_fF9rtYCQ0,256.20834,mpeg4,176,144,57565,12.0,56,3018,0,3074,302900,1540700,0,1843600,mpeg4,539000,12.0,320,240,219480,0.992
3fmy-4uvR9U,143.03334,mpeg4,176,144,51082,12.0,31,1685,0,1716,56405,856907,0,913312,flv,109000,25.0,176,144,219480,0.32
2u-5-Io725E,426.945,h264,1280,720,1064703,29.0,228,12567,0,12795,11297544,45523691,0,56821235,flv,242000,25.0,1280,720,219480,4.472
3SQY-ZB8hmI,473.0,h264,320,240,164017,25.0,198,10924,704,11826,1419320,8047423,0,9697521,h264,820000,15.0,176,144,220900,3.412
0Yxo-eU6AjI,326.583,vp8,640,480,1055982,25.039877,102,8061,0,8163,1868804,41239444,0,43108248,flv,820000,15.0,1920,1080,215124,4.62
1RGh-RmYxHY,217.518,h264,480,360,83054,29.0,112,6408,0,6520,406683,1851539,0,2258222,mpeg4,820000,25.0,1280,720,216820,7.636
2Y-k-006Zbs,67.583336,mpeg4,176,144,51225,12.0,15,777,0,792,47585,385164,0,432749,h264,56000,29.97,176,144,219480,1.612
2NuI-Bp5brA,80.536,h264,480,360,690041,29.0,43,2374,0,2417,618732,6327913,0,6946645,flv,109000,25.0,320,240,219480,1.408
0Yxo-eU6AjI,326.583,vp8,640,480,1055982,25.039877,102,8061,0,8163,1868804,41239444,0,43108248,h264,5000000,29.97,640,480,215712,33.366
2TXm-QHXCzU,270.655,vp8,640,480,652967,30.062963,89,8028,0,8117,1912240,20178890,0,22091130,flv,56000,12.0,480,360,219480,1.876
3DRy-Stwt9c,385.052,vp8,1280,720,441862,23.979221,77,9155,0,9232,16244376,5023129,0,21267505,mpeg4,242000,25.0,480,360,219480,3.74
1lkF-VNDcss,458.625,h264,640,480,517364,29.0,245,13501,0,13746,5308581,24350943,0,29659524,h264,5000000,12.0,480,360,216820,6.172
3xGu-rfcH3s,368.32,vp8,640,480,29096,25.02174,74,9134,0,9208,869558,470067,0,1339625,flv,56000,24.0,320,240,221152,0.82
28BV-NZV3C8,326.58832,h264,1920,1080,5999648,23.0,174,7656,0,7830,16603953,228322925,0,244926878,vp8,5000000,15.0,1920,1080,218932,55.987
1Y-Y-RHCxRQ,189.956,flv,320,240,231296,29.0,97,5597,0,5694,580292,4911734,0,5492026,mpeg4,242000,25.0,480,360,218192,2.916
22uE-OUUBH8,43.827,flv,320,240,272273,25.0,23,1081,0,1104,137210,1354404,0,1491614,flv,109000,29.97,320,240,218932,0.596
1s9d-jTKyUw,448.575,vp8,1280,720,2052426,30.002232,92,13349,0,13441,9132637,105950761,0,115083398,vp8,539000,29.97,640,480,217080,19.505
3mWp-QQn-1M,167.39166,h264,1280,720,2207484,24.0,86,3931,0,4017,4369420,41819887,0,46189307,mpeg4,109000,24.0,480,360,219656,4.524
0XTW-dqdT4w,216.55,h264,320,240,291150,29.0,112,6379,0,6491,1789334,6091735,0,7881069,mpeg4,242000,24.0,1280,720,180704,8.145
2Y-k-006Zbs,67.583336,mpeg4,176,144,51225,12.0,15,777,0,792,47585,385164,0,432749,h264,3000000,15.0,1280,720,311492,37.11
3Wdg-dsGihA,340.424,flv,320,240,244491,11.0,69,4012,0,4081,1168939,9234909,0,10403848,h264,5000000,29.97,1280,720,298440,59.92
0XTW-dqdT4w,216.55,h264,320,240,291150,29.0,112,6379,0,6491,1789334,6091735,0,7881069,flv,5000000,24.0,640,480,209696,1.484
1tos-YhVzA4,222.53334,h264,480,360,500449,30.0,219,6457,0,6676,2821722,11099102,0,13920824,flv,820000,12.0,320,240,217348,0.952
4BJV-yiTcus,254.922,vp8,480,360,260667,30.062992,51,7585,0,7636,918325,7387906,0,8306231,flv,56000,24.0,480,360,221160,1.0
1G6F-Huj2hY,110.966995,h264,480,360,397112,30.0,59,3271,0,3330,529627,4978664,0,5508291,flv,242000,12.0,640,480,216820,1.36
3Wdg-dsGihA,340.424,flv,320,240,244491,11.0,69,4012,0,4081,1168939,9234909,0,10403848,mpeg4,242000,12.0,480,360,221152,1.796
2HTJjLLaFL0,379.32,h264,480,360,181960,25.0,195,9289,0,9484,3392479,5235193,0,8627672,mpeg4,539000,25.0,480,360,219464,3.232
22uE-OUUBH8,43.827,flv,320,240,272273,25.0,23,1081,0,1104,137210,1354404,0,1491614,h264,56000,29.97,480,360,218932,6.4
0I0e-5-iR3A,906.5983,mpeg4,176,144,56108,12.0,187,10692,0,10879,597549,5760936,0,6358485,h264,820000,12.0,1920,1080,649032,50.459
236x-T7D-8g,581.233,h264,480,360,295979,30.0,310,17128,0,17438,10151572,11352574,0,21504146,flv,3000000,12.0,640,480,218932,1.452
3U8m-ETsTS4,282.56,h264,640,480,559834,25.0,145,6920,0,7065,4966509,14806840,0,19773349,vp8,242000,24.0,176,144,221152,1.996
3DRy-Stwt9c,385.052,vp8,1280,720,441862,23.979221,77,9155,0,9232,16244376,5023129,0,21267505,mpeg4,242000,12.0,176,144,219480,1.536
3fmy-4uvR9U,143.03334,mpeg4,176,144,51082,12.0,31,1685,0,1716,56405,856907,0,913312,flv,3000000,25.0,1920,1080,219480,3.308
4keb-__zqyQ,452.689,vp8,320,240,66680,5.7057524,42,2537,0,2579,207037,3566163,0,3773200,h264,109000,15.0,320,240,252108,3.84
2SkA-cUEaJ0,490.6,h264,480,360,300437,25.0,256,12010,0,12266,1448177,16976151,0,18424328,mpeg4,539000,15.0,480,360,219480,2.536
0Au5-4UDHco,52.68,h264,480,360,372001,25.0,53,1265,0,1318,870136,1579497,0,2449633,flv,109000,24.0,1280,720,140080,3.252
0ckO-lUydcc,177.33333,mpeg4,176,144,53707,12.0,37,2091,0,2128,100969,1089548,0,1190517,mpeg4,539000,12.0,176,144,163024,0.656
3DRy-Stwt9c,385.052,vp8,1280,720,441862,23.979221,77,9155,0,9232,16244376,5023129,0,21267505,flv,539000,15.0,1920,1080,219480,4.248
0Hwk-yGT-M4,714.371,vp8,1280,720,652356,29.981792,143,21264,0,21407,14532530,43720516,0,58253046,flv,242000,15.0,176,144,165524,2.908
0a6_--ZJXTE,290.01666,mpeg4,176,144,52783,12.0,61,3417,0,3478,119325,1794184,0,1913509,mpeg4,820000,24.0,176,144,128636,0.792
2TXm-QHXCzU,270.655,vp8,640,480,652967,30.062963,89,8028,0,8117,1912240,20178890,0,22091130,flv,242000,12.0,1280,720,219480,3.02
3SQY-ZB8hmI,473.0,h264,320,240,164017,25.0,198,10924,704,11826,1419320,8047423,0,9697521,h264,5000000,25.0,176,144,220900,5.076
3-Wy-Ftbd40,69.93833,mpeg4,176,144,56717,12.0,14,825,0,839,47521,448322,0,495843,vp8,56000,29.97,1280,720,221152,7.748
3U8m-ETsTS4,282.56,h264,640,480,559834,25.0,145,6920,0,7065,4966509,14806840,0,19773349,vp8,56000,25.0,480,360,221152,4.792
3fmy-4uvR9U,143.03334,mpeg4,176,144,51082,12.0,31,1685,0,1716,56405,856907,0,913312,vp8,242000,24.0,1280,720,219480,9.489
2Y-k-006Zbs,67.583336,mpeg4,176,144,51225,12.0,15,777,0,792,47585,385164,0,432749,mpeg4,539000,24.0,320,240,219480,1.284
0Au5-4UDHco,52.68,h264,480,360,372001,25.0,53,1265,0,1318,870136,1579497,0,2449633,h264,539000,24.0,176,144,155028,4.104
2Y-k-006Zbs,67.583336,mpeg4,176,144,51225,12.0,15,777,0,792,47585,385164,0,432749,mpeg4,56000,25.0,176,144,219480,0.78
4b7b-FY4JPI,203.198,flv,320,240,239336,29.0,104,5974,0,6078,853613,5225468,0,6079081,vp8,242000,29.97,480,360,221160,8.009
2Y-k-006Zbs,67.583336,mpeg4,176,144,51225,12.0,15,777,0,792,47585,385164,0,432749,h264,56000,15.0,320,240,219480,1.936
1YDt-FkeZ4E,98.683334,mpeg4,176,144,55552,12.0,20,1164,0,1184,48267,636993,0,685260,h264,56000,12.0,1280,720,310120,8.497
1Vq6-f1kYeM,127.221664,h264,1920,1080,3080852,23.0,70,2980,0,3050,3818903,45174992,0,48993895,vp8,5000000,29.97,320,240,217436,9.869
28BV-NZV3C8,326.58832,h264,1920,1080,5999648,23.0,174,7656,0,7830,16603953,228322925,0,244926878,h264,3000000,29.97,1920,1080,699348,132.116
1a5f-GbYEaM,157.80167,h264,1280,720,2885589,25.0,72,3873,0,3945,5611970,51306874,0,56918844,h264,242000,15.0,176,144,216064,5.208
3o_2-igmsyo,440.967,h264,320,240,281642,30.0,236,12994,0,13230,2444863,13079542,0,15524405,flv,109000,29.97,1920,1080,219656,5.664
2HTJjLLaFL0,379.32,h264,480,360,181960,25.0,195,9289,0,9484,3392479,5235193,0,8627672,flv,820000,29.97,1920,1080,219480,4.988
1LXH-OibJYQ,42.2,h264,480,360,288705,25.0,23,1033,0,1056,216154,1306770,0,1522924,flv,539000,25.0,480,360,216820,0.912
3ODf-KYiOZw,63.667,h264,640,480,972572,15.0,33,923,0,956,1259657,6480438,0,7740095,mpeg4,109000,15.0,640,480,219656,2.816
3AYz-PCa1aI,391.08,h264,640,480,230847,25.0,209,9569,0,9778,9023743,2261252,0,11284995,h264,109000,25.0,176,144,219480,1.56
0a6_--ZJXTE,290.01666,mpeg4,176,144,52783,12.0,61,3417,0,3478,119325,1794184,0,1913509,mpeg4,539000,15.0,176,144,127344,0.62
1tos-YhVzA4,222.53334,h264,480,360,500449,30.0,219,6457,0,6676,2821722,11099102,0,13920824,flv,5000000,12.0,480,360,217348,1.064
236x-T7D-8g,581.233,h264,480,360,295979,30.0,310,17128,0,17438,10151572,11352574,0,21504146,mpeg4,56000,25.0,1920,1080,218932,12.997
2NO0-ve7CKM,1140.349,vp8,1280,720,2394626,30.007017,328,33880,0,34208,20478926,320859863,0,341338789,mpeg4,56000,15.0,320,240,219480,4.156
2AfTeWTxhIg,645.84,vp8,320,240,95903,25.032558,138,16008,0,16146,1081321,6660941,0,7742262,flv,242000,25.0,320,240,219200,0.7
0Axi-TRoqVA,59.883,vp8,1280,720,994960,30.38983,13,1780,0,1793,481774,6965881,0,7447655,h264,109000,25.0,176,144,162588,5.036
3BVV-0I-JlM,33.09,h264,320,240,279173,13.0,22,434,0,456,101794,1052937,0,1154731,vp8,539000,12.0,1280,720,219480,12.261
4b7b-FY4JPI,203.198,flv,320,240,239336,29.0,104,5974,0,6078,853613,5225468,0,6079081,h264,5000000,15.0,176,144,221160,3.244
1ZzJ-T2FJAw,250.017,h264,320,240,153059,29.0,128,7366,0,7494,856855,3926589,0,4783444,h264,109000,12.0,480,360,218900,4.572
1a5f-GbYEaM,157.80167,h264,1280,720,2885589,25.0,72,3873,0,3945,5611970,51306874,0,56918844,h264,5000000,29.97,480,360,216064,25.406
3HVJ-p8L33A,163.897,flv,320,240,267032,29.0,87,4826,0,4913,824159,4646573,0,5470732,flv,5000000,25.0,176,144,219656,0.568
1RMD-MxzJn8,64.933,flv,320,240,236793,15.0,39,936,0,975,318954,1603007,0,1921961,vp8,109000,12.0,1280,720,217080,8.901
1ZzJ-T2FJAw,250.017,h264,320,240,153059,29.0,128,7366,0,7494,856855,3926589,0,4783444,h264,539000,15.0,1920,1080,641956,41.663
3xUU-YRicZA,131.76,vp8,640,480,104723,25.145039,37,3257,0,3294,945865,778937,0,1724802,h264,539000,25.0,1280,720,326424,19.577
3Wdg-dsGihA,340.424,flv,320,240,244491,11.0,69,4012,0,4081,1168939,9234909,0,10403848,flv,820000,25.0,1920,1080,221152,2.496
3xGu-rfcH3s,368.32,vp8,640,480,29096,25.02174,74,9134,0,9208,869558,470067,0,1339625,vp8,820000,12.0,320,240,221152,1.488
236x-T7D-8g,581.233,h264,480,360,295979,30.0,310,17128,0,17438,10151572,11352574,0,21504146,mpeg4,56000,15.0,1280,720,218932,4.1
4NcD-WQyXCQ,860.056,vp8,1280,720,2688309,29.968605,277,25496,0,25773,12989828,276022270,0,289012098,vp8,539000,29.97,640,480,262540,21.233
0ICm-Cu4_aE,476.957,vp8,1280,720,1387100,30.05252,105,14200,0,14305,3487520,79210885,0,82698405,h264,109000,15.0,1920,1080,667580,26.63
2HTJjLLaFL0,379.32,h264,480,360,181960,25.0,195,9289,0,9484,3392479,5235193,0,8627672,vp8,820000,24.0,640,480,219480,5.472
3fpg-LlHcks,273.816,vp8,1920,1080,1571003,25.065933,77,6766,0,6843,6190779,47579961,0,53770740,mpeg4,56000,24.0,176,144,219656,5.324
0QZJN4yTbbU,34.168,vp8,480,360,186895,30.029411,16,1005,0,1021,238485,559745,0,798230,vp8,109000,25.0,640,480,165700,6.76
3ojsQWU7XWE,86.486,h264,640,480,356037,29.0,46,2547,0,2593,819680,3029350,0,3849030,vp8,56000,15.0,320,240,219656,2.46
1YDt-FkeZ4E,98.683334,mpeg4,176,144,55552,12.0,20,1164,0,1184,48267,636993,0,685260,vp8,820000,24.0,1280,720,217880,7.48
25TI-jx-cag,176.901,vp8,480,360,26968,25.113636,38,4382,0,4420,393395,202954,0,596349,flv,539000,24.0,320,240,218932,0.708
3dI-kJGuWbY,292.092,h264,480,360,480125,29.0,156,8599,0,8755,2375028,15155062,0,17530090,flv,56000,15.0,1280,720,219480,2.844
1KXW-XA6QkQ,255.28,flv,320,240,250276,25.0,110,6272,0,6382,611474,7374864,0,7986338,flv,109000,12.0,480,360,216820,0.6
3Wdg-dsGihA,340.424,flv,320,240,244491,11.0,69,4012,0,4081,1168939,9234909,0,10403848,h264,539000,25.0,1280,720,296744,30.062
2tzy-vqeeLY,106.765,h264,1280,720,849586,25.0,66,2603,0,2669,4427240,6911026,0,11338266,mpeg4,820000,24.0,1280,720,219480,5.596
1Y-Y-RHCxRQ,189.956,flv,320,240,231296,29.0,97,5597,0,5694,580292,4911734,0,5492026,flv,820000,24.0,640,480,218664,1.148
0QZJN4yTbbU,34.168,vp8,480,360,186895,30.029411,16,1005,0,1021,238485,559745,0,798230,mpeg4,56000,29.97,480,360,165700,3.3
1YDt-FkeZ4E,98.683334,mpeg4,176,144,55552,12.0,20,1164,0,1184,48267,636993,0,685260,vp8,109000,24.0,1280,720,217880,7.596
0Au5-4UDHco,52.68,h264,480,360,372001,25.0,53,1265,0,1318,870136,1579497,0,2449633,h264,820000,25.0,320,240,155028,9.009
0ICm-Cu4_aE,476.957,vp8,1280,720,1387100,30.05252,105,14200,0,14305,3487520,79210885,0,82698405,h264,820000,12.0,320,240,165700,7.26
2TXm-QHXCzU,270.655,vp8,640,480,652967,30.062963,89,8028,0,8117,1912240,20178890,0,22091130,flv,539000,15.0,176,144,219480,1.632
3Wdg-dsGihA,340.424,flv,320,240,244491,11.0,69,4012,0,4081,1168939,9234909,0,10403848,h264,242000,29.97,1920,1080,608368,43.003
1tos-YhVzA4,222.53334,h264,480,360,500449,30.0,219,6457,0,6676,2821722,11099102,0,13920824,h264,539000,12.0,480,360,217348,7.18
2HTJjLLaFL0,379.32,h264,480,360,181960,25.0,195,9289,0,9484,3392479,5235193,0,8627672,vp8,820000,15.0,320,240,219480,1.888
0Yxo-eU6AjI,326.583,vp8,640,480,1055982,25.039877,102,8061,0,8163,1868804,41239444,0,43108248,mpeg4,5000000,12.0,640,480,212772,2.824
4Fob-eSnrb8,1768.9417,mpeg4,176,144,56152,12.0,354,20873,0,21227,1382103,11034284,0,12416387,vp8,109000,24.0,176,144,221160,1.252
0Axi-TRoqVA,59.883,vp8,1280,720,994960,30.38983,13,1780,0,1793,481774,6965881,0,7447655,mpeg4,539000,12.0,640,480,155028,4.236
4Fob-eSnrb8,1768.9417,mpeg4,176,144,56152,12.0,354,20873,0,21227,1382103,11034284,0,12416387,h264,109000,12.0,480,360,239704,5.048
2kFF-0kB_4w,339.667,h264,640,480,257699,30.0,181,10010,0,10191,10121223,820261,0,10941484,h264,539000,12.0,480,360,219480,3.38
3o_2-igmsyo,440.967,h264,320,240,281642,30.0,236,12994,0,13230,2444863,13079542,0,15524405,flv,56000,24.0,1280,720,219656,2.456
1Y-Y-RHCxRQ,189.956,flv,320,240,231296,29.0,97,5597,0,5694,580292,4911734,0,5492026,h264,820000,24.0,320,240,218664,5.66
3U8m-ETsTS4,282.56,h264,640,480,559834,25.0,145,6920,0,7065,4966509,14806840,0,19773349,mpeg4,5000000,29.97,176,144,221152,2.88
4b7b-FY4JPI,203.198,flv,320,240,239336,29.0,104,5974,0,6078,853613,5225468,0,6079081,flv,820000,25.0,480,360,221160,0.956
1WrA-SRsgEk,384.451,h264,640,480,646432,29.0,205,11318,0,11523,2839955,28225248,0,31065203,flv,820000,15.0,176,144,217828,1.516
2kFF-0kB_4w,339.667,h264,640,480,257699,30.0,181,10010,0,10191,10121223,820261,0,10941484,flv,109000,12.0,176,144,219480,1.084
3xGu-rfcH3s,368.32,vp8,640,480,29096,25.02174,74,9134,0,9208,869558,470067,0,1339625,mpeg4,109000,15.0,1920,1080,221152,6.236
3BVV-0I-JlM,33.09,h264,320,240,279173,13.0,22,434,0,456,101794,1052937,0,1154731,vp8,109000,15.0,1920,1080,219480,22.953
1RMD-MxzJn8,64.933,flv,320,240,236793,15.0,39,936,0,975,318954,1603007,0,1921961,h264,109000,24.0,176,144,217080,1.9
28BV-NZV3C8,326.58832,h264,1920,1080,5999648,23.0,174,7656,0,7830,16603953,228322925,0,244926878,vp8,242000,29.97,320,240,218932,11.305
0_VA-rJgmMI,750.433,vp8,1280,720,794075,13.482667,81,10031,0,10112,3852576,70635013,0,74487589,flv,539000,25.0,176,144,165700,1.644
42hr-6A1jYc,311.1,mpeg4,176,144,56416,12.0,113,3620,0,3733,127552,2066350,0,2193902,vp8,3000000,12.0,640,480,221160,3.048
4Fob-eSnrb8,1768.9417,mpeg4,176,144,56152,12.0,354,20873,0,21227,1382103,11034284,0,12416387,mpeg4,56000,24.0,1280,720,221160,5.856
2zeL-QQa8Sk,77.233,h264,480,360,382461,30.0,53,2265,0,2318,182297,3510033,0,3692330,mpeg4,5000000,24.0,320,240,219480,3.432
2tzy-vqeeLY,106.765,h264,1280,720,849586,25.0,66,2603,0,2669,4427240,6911026,0,11338266,mpeg4,539000,29.97,1280,720,219480,6.46
0ckO-lUydcc,177.33333,mpeg4,176,144,53707,12.0,37,2091,0,2128,100969,1089548,0,1190517,vp8,5000000,25.0,1920,1080,163064,24.418
1G6F-Huj2hY,110.966995,h264,480,360,397112,30.0,59,3271,0,3330,529627,4978664,0,5508291,mpeg4,820000,29.97,1920,1080,216820,17.637
46oD-rS6PC8,95.462,h264,640,480,809256,29.0,51,2811,0,2862,886496,8770159,0,9656655,flv,5000000,15.0,176,144,221160,1.652
09oUj9EDIDo,239.14166,h264,480,360,500198,25.0,110,5868,0,5978,1406751,13545526,0,14952277,vp8,109000,29.97,320,240,99536,3.972
1ZzJ-T2FJAw,250.017,h264,320,240,153059,29.0,128,7366,0,7494,856855,3926589,0,4783444,flv,109000,29.97,1280,720,218900,2.936
3N6c-uPdNas,69.933,flv,320,240,272898,15.0,37,1013,0,1050,349781,2035796,0,2385577,mpeg4,539000,15.0,320,240,219656,1.552
2TXm-QHXCzU,270.655,vp8,640,480,652967,30.062963,89,8028,0,8117,1912240,20178890,0,22091130,mpeg4,820000,15.0,176,144,27332,2.88
0_VA-rJgmMI,750.433,vp8,1280,720,794075,13.482667,81,10031,0,10112,3852576,70635013,0,74487589,flv,5000000,29.97,1280,720,165700,3.208
3U8m-ETsTS4,282.56,h264,640,480,559834,25.0,145,6920,0,7065,4966509,14806840,0,19773349,vp8,109000,25.0,1280,720,221152,15.153
_2al-ZI1Wss,74.535,mpeg4,176,144,55305,12.0,15,879,0,894,23996,491276,0,515272,vp8,820000,15.0,1280,720,219200,11.493
09oUj9EDIDo,239.14166,h264,480,360,500198,25.0,110,5868,0,5978,1406751,13545526,0,14952277,h264,820000,15.0,176,144,120828,3.74
28BV-NZV3C8,326.58832,h264,1920,1080,5999648,23.0,174,7656,0,7830,16603953,228322925,0,244926878,flv,109000,24.0,640,480,218932,8.497
1s9d-jTKyUw,448.575,vp8,1280,720,2052426,30.002232,92,13349,0,13441,9132637,105950761,0,115083398,h264,3000000,12.0,1280,720,319684,50.191
22uE-OUUBH8,43.827,flv,320,240,272273,25.0,23,1081,0,1104,137210,1354404,0,1491614,mpeg4,242000,15.0,480,360,218932,2.42
0ICm-Cu4_aE,476.957,vp8,1280,720,1387100,30.05252,105,14200,0,14305,3487520,79210885,0,82698405,h264,539000,12.0,1920,1080,670816,41.935
2AfTeWTxhIg,645.84,vp8,320,240,95903,25.032558,138,16008,0,16146,1081321,6660941,0,7742262,mpeg4,109000,15.0,176,144,218932,1.62
1RGh-RmYxHY,217.518,h264,480,360,83054,29.0,112,6408,0,6520,406683,1851539,0,2258222,flv,109000,12.0,1920,1080,217080,3.384
1hEL-mcI-tM,304.927,vp8,320,240,134334,25.075659,82,7541,0,7623,833754,4286526,0,5120280,vp8,5000000,12.0,1280,720,216820,12.953
3ojsQWU7XWE,86.486,h264,640,480,356037,29.0,46,2547,0,2593,819680,3029350,0,3849030,vp8,242000,25.0,176,144,219656,2.016
2NuI-Bp5brA,80.536,h264,480,360,690041,29.0,43,2374,0,2417,618732,6327913,0,6946645,flv,56000,25.0,480,360,219480,1.664
4keb-__zqyQ,452.689,vp8,320,240,66680,5.7057524,42,2537,0,2579,207037,3566163,0,3773200,flv,109000,24.0,480,360,248092,0.756
1oz8-nezz50,225.08,h264,480,360,538452,25.0,113,5515,0,5628,1873408,13275961,0,15149369,h264,109000,25.0,640,480,216820,9.461
1a5f-GbYEaM,157.80167,h264,1280,720,2885589,25.0,72,3873,0,3945,5611970,51306874,0,56918844,vp8,242000,24.0,320,240,216020,6.372
1lkF-VNDcss,458.625,h264,640,480,517364,29.0,245,13501,0,13746,5308581,24350943,0,29659524,mpeg4,5000000,12.0,1280,720,216820,4.404
0_VA-rJgmMI,750.433,vp8,1280,720,794075,13.482667,81,10031,0,10112,3852576,70635013,0,74487589,flv,242000,24.0,1280,720,165700,2.6
42hr-6A1jYc,311.1,mpeg4,176,144,56416,12.0,113,3620,0,3733,127552,2066350,0,2193902,h264,242000,25.0,1920,1080,634024,36.226
2TXm-QHXCzU,270.655,vp8,640,480,652967,30.062963,89,8028,0,8117,1912240,20178890,0,22091130,flv,539000,25.0,1920,1080,219480,7.176
3U8m-ETsTS4,282.56,h264,640,480,559834,25.0,145,6920,0,7065,4966509,14806840,0,19773349,flv,109000,12.0,480,360,221152,1.248
3HVJ-p8L33A,163.897,flv,320,240,267032,29.0,87,4826,0,4913,824159,4646573,0,5470732,flv,3000000,12.0,1280,720,219656,2.216
3AYz-PCa1aI,391.08,h264,640,480,230847,25.0,209,9569,0,9778,9023743,2261252,0,11284995,vp8,56000,25.0,640,480,219480,5.78
2NO0-ve7CKM,1140.349,vp8,1280,720,2394626,30.007017,328,33880,0,34208,20478926,320859863,0,341338789,vp8,5000000,12.0,176,144,219480,5.3
1YDt-FkeZ4E,98.683334,mpeg4,176,144,55552,12.0,20,1164,0,1184,48267,636993,0,685260,h264,539000,12.0,176,144,218136,0.852
1WrA-SRsgEk,384.451,h264,640,480,646432,29.0,205,11318,0,11523,2839955,28225248,0,31065203,vp8,539000,15.0,1920,1080,217568,26.658
2zeL-QQa8Sk,77.233,h264,480,360,382461,30.0,53,2265,0,2318,182297,3510033,0,3692330,mpeg4,820000,25.0,640,480,219480,5.924
04t6-jw9czg,130.35667,mpeg4,176,144,54590,12.0,27,1537,0,1564,64483,825054,0,889537,vp8,109000,24.0,320,240,38660,2.384
3xUU-YRicZA,131.76,vp8,640,480,104723,25.145039,37,3257,0,3294,945865,778937,0,1724802,flv,56000,24.0,1280,720,221152,2.436
3HVJ-p8L33A,163.897,flv,320,240,267032,29.0,87,4826,0,4913,824159,4646573,0,5470732,h264,242000,25.0,176,144,219656,2.412
3Wdg-dsGihA,340.424,flv,320,240,244491,11.0,69,4012,0,4081,1168939,9234909,0,10403848,flv,820000,15.0,480,360,221152,0.6
4b7b-FY4JPI,203.198,flv,320,240,239336,29.0,104,5974,0,6078,853613,5225468,0,6079081,h264,820000,24.0,640,480,221160,15.885
3ODf-KYiOZw,63.667,h264,640,480,972572,15.0,33,923,0,956,1259657,6480438,0,7740095,vp8,3000000,29.97,1280,720,219656,31.862
2AfTeWTxhIg,645.84,vp8,320,240,95903,25.032558,138,16008,0,16146,1081321,6660941,0,7742262,vp8,56000,24.0,480,360,218932,4.64
3N6c-uPdNas,69.933,flv,320,240,272898,15.0,37,1013,0,1050,349781,2035796,0,2385577,flv,109000,15.0,320,240,219656,0.404
2NuI-Bp5brA,80.536,h264,480,360,690041,29.0,43,2374,0,2417,618732,6327913,0,6946645,h264,56000,24.0,176,144,219480,3.264
46oD-rS6PC8,95.462,h264,640,480,809256,29.0,51,2811,0,2862,886496,8770159,0,9656655,vp8,242000,12.0,176,144,221160,2.528
1YDt-FkeZ4E,98.683334,mpeg4,176,144,55552,12.0,20,1164,0,1184,48267,636993,0,685260,flv,3000000,29.97,1920,1080,218136,2.644
2NuI-Bp5brA,80.536,h264,480,360,690041,29.0,43,2374,0,2417,618732,6327913,0,6946645,mpeg4,3000000,29.97,176,144,219480,2.928
2u-5-Io725E,426.945,h264,1280,720,1064703,29.0,228,12567,0,12795,11297544,45523691,0,56821235,vp8,820000,12.0,320,240,219480,5.164
09oUj9EDIDo,239.14166,h264,480,360,500198,25.0,110,5868,0,5978,1406751,13545526,0,14952277,flv,3000000,24.0,640,480,114552,1.992
09oUj9EDIDo,239.14166,h264,480,360,500198,25.0,110,5868,0,5978,1406751,13545526,0,14952277,h264,56000,25.0,640,480,149492,9.341
3SQY-ZB8hmI,473.0,h264,320,240,164017,25.0,198,10924,704,11826,1419320,8047423,0,9697521,flv,3000000,12.0,480,360,220900,1.02
2AfTeWTxhIg,645.84,vp8,320,240,95903,25.032558,138,16008,0,16146,1081321,6660941,0,7742262,vp8,109000,15.0,640,480,218932,5.164
3DRy-Stwt9c,385.052,vp8,1280,720,441862,23.979221,77,9155,0,9232,16244376,5023129,0,21267505,vp8,3000000,12.0,176,144,219480,1.788
1a5f-GbYEaM,157.80167,h264,1280,720,2885589,25.0,72,3873,0,3945,5611970,51306874,0,56918844,flv,539000,15.0,176,144,216064,3.56
0Yxo-eU6AjI,326.583,vp8,640,480,1055982,25.039877,102,8061,0,8163,1868804,41239444,0,43108248,h264,3000000,15.0,320,240,215712,8.817
4NcD-WQyXCQ,860.056,vp8,1280,720,2688309,29.968605,277,25496,0,25773,12989828,276022270,0,289012098,flv,242000,12.0,176,144,262784,4.028
3U8m-ETsTS4,282.56,h264,640,480,559834,25.0,145,6920,0,7065,4966509,14806840,0,19773349,mpeg4,5000000,12.0,176,144,221152,1.8
22uE-OUUBH8,43.827,flv,320,240,272273,25.0,23,1081,0,1104,137210,1354404,0,1491614,h264,242000,15.0,320,240,218932,4.4
3ojsQWU7XWE,86.486,h264,640,480,356037,29.0,46,2547,0,2593,819680,3029350,0,3849030,h264,539000,15.0,320,240,219656,3.58
2NuI-Bp5brA,80.536,h264,480,360,690041,29.0,43,2374,0,2417,618732,6327913,0,6946645,vp8,820000,15.0,176,144,219480,3.068
15fr-zSdCqg,39.055,h264,1920,1080,5992818,30.0,26,1144,0,1170,839251,28416939,0,29256190,flv,820000,29.97,1280,720,216020,11.349
3xUU-YRicZA,131.76,vp8,640,480,104723,25.145039,37,3257,0,3294,945865,778937,0,1724802,vp8,5000000,12.0,1280,720,221152,7.512
0Axi-TRoqVA,59.883,vp8,1280,720,994960,30.38983,13,1780,0,1793,481774,6965881,0,7447655,vp8,5000000,25.0,320,240,157788,5.16
3DRy-Stwt9c,385.052,vp8,1280,720,441862,23.979221,77,9155,0,9232,16244376,5023129,0,21267505,h264,820000,24.0,1280,720,307720,21.453
2AfTeWTxhIg,645.84,vp8,320,240,95903,25.032558,138,16008,0,16146,1081321,6660941,0,7742262,mpeg4,5000000,12.0,480,360,218932,2.692
3o_2-igmsyo,440.967,h264,320,240,281642,30.0,236,12994,0,13230,2444863,13079542,0,15524405,mpeg4,3000000,25.0,320,240,219656,2.332
3Wdg-dsGihA,340.424,flv,320,240,244491,11.0,69,4012,0,4081,1168939,9234909,0,10403848,vp8,820000,24.0,176,144,221152,0.96
1ZzJ-T2FJAw,250.017,h264,320,240,153059,29.0,128,7366,0,7494,856855,3926589,0,4783444,mpeg4,539000,29.97,480,360,218664,4.1
0Axi-TRoqVA,59.883,vp8,1280,720,994960,30.38983,13,1780,0,1793,481774,6965881,0,7447655,flv,5000000,12.0,320,240,161976,3.06
3ODf-KYiOZw,63.667,h264,640,480,972572,15.0,33,923,0,956,1259657,6480438,0,7740095,h264,3000000,25.0,1920,1080,655864,109.167
0Axi-TRoqVA,59.883,vp8,1280,720,994960,30.38983,13,1780,0,1793,481774,6965881,0,7447655,vp8,5000000,24.0,640,480,157492,10.157
3xUU-YRicZA,131.76,vp8,640,480,104723,25.145039,37,3257,0,3294,945865,778937,0,1724802,vp8,242000,15.0,640,480,221152,3.724
2HTJjLLaFL0,379.32,h264,480,360,181960,25.0,195,9289,0,9484,3392479,5235193,0,8627672,vp8,56000,15.0,1920,1080,219464,19.585
3BVV-0I-JlM,33.09,h264,320,240,279173,13.0,22,434,0,456,101794,1052937,0,1154731,vp8,242000,24.0,640,480,219480,6.256
28BV-NZV3C8,326.58832,h264,1920,1080,5999648,23.0,174,7656,0,7830,16603953,228322925,0,244926878,flv,820000,29.97,176,144,218932,8.349
1a5f-GbYEaM,157.80167,h264,1280,720,2885589,25.0,72,3873,0,3945,5611970,51306874,0,56918844,h264,539000,29.97,640,480,216064,19.533
2Y-k-006Zbs,67.583336,mpeg4,176,144,51225,12.0,15,777,0,792,47585,385164,0,432749,h264,109000,12.0,640,480,219480,5.316
28BV-NZV3C8,326.58832,h264,1920,1080,5999648,23.0,174,7656,0,7830,16603953,228322925,0,244926878,h264,109000,25.0,176,144,218932,10.881
1WrA-SRsgEk,384.451,h264,640,480,646432,29.0,205,11318,0,11523,2839955,28225248,0,31065203,flv,242000,25.0,176,144,217828,1.56
3SQY-ZB8hmI,473.0,h264,320,240,164017,25.0,198,10924,704,11826,1419320,8047423,0,9697521,flv,109000,24.0,1280,720,220900,2.616
0Au5-4UDHco,52.68,h264,480,360,372001,25.0,53,1265,0,1318,870136,1579497,0,2449633,flv,539000,12.0,1280,720,140080,2.44
3Wdg-dsGihA,340.424,flv,320,240,244491,11.0,69,4012,0,4081,1168939,9234909,0,10403848,vp8,5000000,24.0,640,480,221152,5.008
3dI-kJGuWbY,292.092,h264,480,360,480125,29.0,156,8599,0,8755,2375028,15155062,0,17530090,vp8,539000,12.0,1280,720,219480,14.413
2TXm-QHXCzU,270.655,vp8,640,480,652967,30.062963,89,8028,0,8117,1912240,20178890,0,22091130,mpeg4,56000,25.0,640,480,219480,4.796
1s9d-jTKyUw,448.575,vp8,1280,720,2052426,30.002232,92,13349,0,13441,9132637,105950761,0,115083398,h264,3000000,25.0,320,240,217080,15.905
04t6-jw9czg,130.35667,mpeg4,176,144,54590,12.0,27,1537,0,1564,64483,825054,0,889537,vp8,3000000,25.0,176,144,45292,1.248
1WrA-SRsgEk,384.451,h264,640,480,646432,29.0,205,11318,0,11523,2839955,28225248,0,31065203,h264,820000,12.0,480,360,217840,8.733
42hr-6A1jYc,311.1,mpeg4,176,144,56416,12.0,113,3620,0,3733,127552,2066350,0,2193902,vp8,820000,29.97,320,240,221160,1.244
2SkA-cUEaJ0,490.6,h264,480,360,300437,25.0,256,12010,0,12266,1448177,16976151,0,18424328,mpeg4,539000,15.0,1920,1080,219480,8.173
2pet-NcSXvY,37.011665,h264,1280,720,2759449,29.0,21,1088,0,1109,1899633,10866846,0,12766479,mpeg4,242000,12.0,1920,1080,219480,10.277
2SkA-cUEaJ0,490.6,h264,480,360,300437,25.0,256,12010,0,12266,1448177,16976151,0,18424328,flv,820000,24.0,176,144,219480,0.956
3fpg-LlHcks,273.816,vp8,1920,1080,1571003,25.065933,77,6766,0,6843,6190779,47579961,0,53770740,vp8,820000,12.0,640,480,219656,10.745
08EV-X022WI,204.938,h264,480,360,297373,16.0,111,3169,0,3280,1451634,6166260,0,7617894,h264,3000000,12.0,640,480,144960,11.469
3SQY-ZB8hmI,473.0,h264,320,240,164017,25.0,198,10924,704,11826,1419320,8047423,0,9697521,mpeg4,5000000,15.0,640,480,220808,3.38
2TXm-QHXCzU,270.655,vp8,640,480,652967,30.062963,89,8028,0,8117,1912240,20178890,0,22091130,vp8,820000,29.97,1920,1080,219480,52.995
1D3O-16kzhQ,274.541,vp8,480,360,139791,30.029198,58,8170,0,8228,802625,3994697,0,4797322,mpeg4,5000000,29.97,640,480,216064,5.696
15fr-zSdCqg,39.055,h264,1920,1080,5992818,30.0,26,1144,0,1170,839251,28416939,0,29256190,flv,820000,15.0,1920,1080,216020,10.473
15fr-zSdCqg,39.055,h264,1920,1080,5992818,30.0,26,1144,0,1170,839251,28416939,0,29256190,h264,5000000,29.97,1280,720,378888,135.748
2SkA-cUEaJ0,490.6,h264,480,360,300437,25.0,256,12010,0,12266,1448177,16976151,0,18424328,mpeg4,5000000,29.97,1280,720,219480,12.221
2TXm-QHXCzU,270.655,vp8,640,480,652967,30.062963,89,8028,0,8117,1912240,20178890,0,22091130,flv,3000000,24.0,320,240,219480,1.868
42hr-6A1jYc,311.1,mpeg4,176,144,56416,12.0,113,3620,0,3733,127552,2066350,0,2193902,h264,56000,12.0,1280,720,310520,8.601
15fr-zSdCqg,39.055,h264,1920,1080,5992818,30.0,26,1144,0,1170,839251,28416939,0,29256190,flv,242000,12.0,480,360,216020,9.553
3xGu-rfcH3s,368.32,vp8,640,480,29096,25.02174,74,9134,0,9208,869558,470067,0,1339625,h264,242000,15.0,480,360,221152,2.072
0ckO-lUydcc,177.33333,mpeg4,176,144,53707,12.0,37,2091,0,2128,100969,1089548,0,1190517,mpeg4,539000,24.0,1280,720,163024,5.912
2tzy-vqeeLY,106.765,h264,1280,720,849586,25.0,66,2603,0,2669,4427240,6911026,0,11338266,vp8,5000000,29.97,320,240,219480,4.5
Q9XK-xKoSG4,112.61667,mpeg4,176,144,55750,12.0,23,1328,0,1351,28379,756424,0,784803,flv,242000,29.97,1280,720,67708,1.396
1LXH-OibJYQ,42.2,h264,480,360,288705,25.0,23,1033,0,1056,216154,1306770,0,1522924,flv,242000,12.0,480,360,216820,0.744
236x-T7D-8g,581.233,h264,480,360,295979,30.0,310,17128,0,17438,10151572,11352574,0,21504146,vp8,539000,25.0,480,360,218932,5.92
1YDt-FkeZ4E,98.683334,mpeg4,176,144,55552,12.0,20,1164,0,1184,48267,636993,0,685260,flv,820000,12.0,320,240,218136,0.372
1YDt-FkeZ4E,98.683334,mpeg4,176,144,55552,12.0,20,1164,0,1184,48267,636993,0,685260,flv,5000000,29.97,1280,720,218136,1.288
1RGh-RmYxHY,217.518,h264,480,360,83054,29.0,112,6408,0,6520,406683,1851539,0,2258222,flv,3000000,25.0,1920,1080,217080,5.168
2zeL-QQa8Sk,77.233,h264,480,360,382461,30.0,53,2265,0,2318,182297,3510033,0,3692330,vp8,242000,29.97,320,240,219480,3.928
2u-5-Io725E,426.945,h264,1280,720,1064703,29.0,228,12567,0,12795,11297544,45523691,0,56821235,h264,56000,12.0,176,144,219480,4.288
1Nc0-MKuExg,107.443,vp8,480,360,320011,30.093458,30,3190,0,3220,671936,3625932,0,4297868,h264,5000000,25.0,176,144,216820,4.296
1RGh-RmYxHY,217.518,h264,480,360,83054,29.0,112,6408,0,6520,406683,1851539,0,2258222,mpeg4,820000,15.0,320,240,216820,1.996
2kFF-0kB_4w,339.667,h264,640,480,257699,30.0,181,10010,0,10191,10121223,820261,0,10941484,mpeg4,539000,25.0,1920,1080,219480,11.513
1lkF-VNDcss,458.625,h264,640,480,517364,29.0,245,13501,0,13746,5308581,24350943,0,29659524,h264,56000,15.0,320,240,216820,2.708
0_VA-rJgmMI,750.433,vp8,1280,720,794075,13.482667,81,10031,0,10112,3852576,70635013,0,74487589,mpeg4,539000,25.0,320,240,165700,3.312
3xGu-rfcH3s,368.32,vp8,640,480,29096,25.02174,74,9134,0,9208,869558,470067,0,1339625,vp8,3000000,24.0,176,144,221152,1.42
1a5f-GbYEaM,157.80167,h264,1280,720,2885589,25.0,72,3873,0,3945,5611970,51306874,0,56918844,vp8,242000,29.97,1280,720,216056,30.202
236x-T7D-8g,581.233,h264,480,360,295979,30.0,310,17128,0,17438,10151572,11352574,0,21504146,vp8,56000,29.97,176,144,218932,2.504
2u-5-Io725E,426.945,h264,1280,720,1064703,29.0,228,12567,0,12795,11297544,45523691,0,56821235,h264,3000000,25.0,176,144,219480,7.068
4Fob-eSnrb8,1768.9417,mpeg4,176,144,56152,12.0,354,20873,0,21227,1382103,11034284,0,12416387,mpeg4,242000,24.0,480,360,221160,2.048
3_fF9rtYCQ0,256.20834,mpeg4,176,144,57565,12.0,56,3018,0,3074,302900,1540700,0,1843600,h264,56000,15.0,1280,720,323200,10.401
0OUmDeBapbQ,316.95166,mpeg4,176,144,55396,12.0,64,3739,0,3803,111850,2082902,0,2194752,mpeg4,109000,25.0,1920,1080,165700,12.197
3xGu-rfcH3s,368.32,vp8,640,480,29096,25.02174,74,9134,0,9208,869558,470067,0,1339625,flv,539000,29.97,640,480,221152,0.976
2pet-NcSXvY,37.011665,h264,1280,720,2759449,29.0,21,1088,0,1109,1899633,10866846,0,12766479,h264,539000,25.0,320,240,219480,11.985
3ojsQWU7XWE,86.486,h264,640,480,356037,29.0,46,2547,0,2593,819680,3029350,0,3849030,flv,5000000,29.97,480,360,219656,1.652
2kFF-0kB_4w,339.667,h264,640,480,257699,30.0,181,10010,0,10191,10121223,820261,0,10941484,mpeg4,3000000,15.0,1280,720,219480,4.244
3fpg-LlHcks,273.816,vp8,1920,1080,1571003,25.065933,77,6766,0,6843,6190779,47579961,0,53770740,vp8,5000000,29.97,320,240,219656,8.061
1YDt-FkeZ4E,98.683334,mpeg4,176,144,55552,12.0,20,1164,0,1184,48267,636993,0,685260,flv,539000,15.0,176,144,217880,0.28
4BJV-yiTcus,254.922,vp8,480,360,260667,30.062992,51,7585,0,7636,918325,7387906,0,8306231,mpeg4,820000,15.0,640,480,221160,4.272
04t6-jw9czg,130.35667,mpeg4,176,144,54590,12.0,27,1537,0,1564,64483,825054,0,889537,flv,109000,12.0,1280,720,50332,1.5
3BVV-0I-JlM,33.09,h264,320,240,279173,13.0,22,434,0,456,101794,1052937,0,1154731,h264,242000,25.0,176,144,219480,2.876
3Xyf-6FdtDA,49.178333,mpeg4,176,144,54338,7.0,10,334,0,344,33046,300986,0,334032,mpeg4,3000000,24.0,176,144,221160,0.808
28BV-NZV3C8,326.58832,h264,1920,1080,5999648,23.0,174,7656,0,7830,16603953,228322925,0,244926878,h264,56000,25.0,480,360,218932,15.449
3-Wy-Ftbd40,69.93833,mpeg4,176,144,56717,12.0,14,825,0,839,47521,448322,0,495843,vp8,820000,24.0,480,360,221152,2.94
25TI-jx-cag,176.901,vp8,480,360,26968,25.113636,38,4382,0,4420,393395,202954,0,596349,mpeg4,3000000,12.0,1280,720,218932,3.124
2ApZ-KZ-pEk,157.891,h264,480,360,406908,29.0,87,4646,0,4733,1776729,6254165,0,8030894,h264,539000,15.0,480,360,219464,6.696
3Xyf-6FdtDA,49.178333,mpeg4,176,144,54338,7.0,10,334,0,344,33046,300986,0,334032,h264,56000,25.0,1920,1080,657852,27.146
3ojsQWU7XWE,86.486,h264,640,480,356037,29.0,46,2547,0,2593,819680,3029350,0,3849030,mpeg4,5000000,24.0,640,480,219656,4.844
3N6c-uPdNas,69.933,flv,320,240,272898,15.0,37,1013,0,1050,349781,2035796,0,2385577,mpeg4,242000,25.0,176,144,219656,1.5
1KXW-XA6QkQ,255.28,flv,320,240,250276,25.0,110,6272,0,6382,611474,7374864,0,7986338,h264,539000,24.0,480,360,216820,12.989
1Y-Y-RHCxRQ,189.956,flv,320,240,231296,29.0,97,5597,0,5694,580292,4911734,0,5492026,vp8,5000000,15.0,320,240,218664,1.464
0ICm-Cu4_aE,476.957,vp8,1280,720,1387100,30.05252,105,14200,0,14305,3487520,79210885,0,82698405,flv,109000,29.97,320,240,165700,2.848
4b7b-FY4JPI,203.198,flv,320,240,239336,29.0,104,5974,0,6078,853613,5225468,0,6079081,flv,539000,24.0,1280,720,221160,2.6
0Yxo-eU6AjI,326.583,vp8,640,480,1055982,25.039877,102,8061,0,8163,1868804,41239444,0,43108248,flv,242000,24.0,176,144,213260,1.24
1s9d-jTKyUw,448.575,vp8,1280,720,2052426,30.002232,92,13349,0,13441,9132637,105950761,0,115083398,vp8,109000,24.0,480,360,217080,11.197
3Xyf-6FdtDA,49.178333,mpeg4,176,144,54338,7.0,10,334,0,344,33046,300986,0,334032,h264,539000,15.0,320,240,221160,2.568
46oD-rS6PC8,95.462,h264,640,480,809256,29.0,51,2811,0,2862,886496,8770159,0,9656655,vp8,5000000,24.0,1920,1080,221160,52.135
1Nc0-MKuExg,107.443,vp8,480,360,320011,30.093458,30,3190,0,3220,671936,3625932,0,4297868,vp8,820000,15.0,1280,720,216820,14.125
1D3O-16kzhQ,274.541,vp8,480,360,139791,30.029198,58,8170,0,8228,802625,3994697,0,4797322,vp8,56000,25.0,480,360,216064,3.944
2AfTeWTxhIg,645.84,vp8,320,240,95903,25.032558,138,16008,0,16146,1081321,6660941,0,7742262,flv,3000000,12.0,1920,1080,219200,4.096
3N6c-uPdNas,69.933,flv,320,240,272898,15.0,37,1013,0,1050,349781,2035796,0,2385577,mpeg4,3000000,15.0,480,360,219656,2.852
0a6_--ZJXTE,290.01666,mpeg4,176,144,52783,12.0,61,3417,0,3478,119325,1794184,0,1913509,mpeg4,3000000,25.0,640,480,129268,3.344
3Wdg-dsGihA,340.424,flv,320,240,244491,11.0,69,4012,0,4081,1168939,9234909,0,10403848,flv,56000,24.0,480,360,221152,0.452
2NO0-ve7CKM,1140.349,vp8,1280,720,2394626,30.007017,328,33880,0,34208,20478926,320859863,0,341338789,h264,5000000,29.97,176,144,219480,10.805
0ckO-lUydcc,177.33333,mpeg4,176,144,53707,12.0,37,2091,0,2128,100969,1089548,0,1190517,mpeg4,5000000,15.0,320,240,163024,1.164
1D3O-16kzhQ,274.541,vp8,480,360,139791,30.029198,58,8170,0,8228,802625,3994697,0,4797322,flv,56000,24.0,176,144,216820,0.812
3mWp-QQn-1M,167.39166,h264,1280,720,2207484,24.0,86,3931,0,4017,4369420,41819887,0,46189307,mpeg4,5000000,24.0,1920,1080,219656,15.133
08EV-X022WI,204.938,h264,480,360,297373,16.0,111,3169,0,3280,1451634,6166260,0,7617894,mpeg4,3000000,15.0,1280,720,82240,5.528
2ApZ-KZ-pEk,157.891,h264,480,360,406908,29.0,87,4646,0,4733,1776729,6254165,0,8030894,vp8,539000,15.0,640,480,219464,6.376
0ICm-Cu4_aE,476.957,vp8,1280,720,1387100,30.05252,105,14200,0,14305,3487520,79210885,0,82698405,mpeg4,109000,12.0,480,360,165668,3.708
2AfTeWTxhIg,645.84,vp8,320,240,95903,25.032558,138,16008,0,16146,1081321,6660941,0,7742262,mpeg4,242000,12.0,1280,720,218932,3.664
2Y-k-006Zbs,67.583336,mpeg4,176,144,51225,12.0,15,777,0,792,47585,385164,0,432749,vp8,3000000,29.97,176,144,219480,0.844
08EV-X022WI,204.938,h264,480,360,297373,16.0,111,3169,0,3280,1451634,6166260,0,7617894,vp8,820000,24.0,176,144,83504,1.504
ajr0-Ip6VLY,962.534,vp8,640,480,596007,30.013514,246,28627,0,28873,11764767,59944884,0,71709651,flv,820000,24.0,1280,720,41304,3.676
2kFF-0kB_4w,339.667,h264,640,480,257699,30.0,181,10010,0,10191,10121223,820261,0,10941484,flv,242000,25.0,176,144,219480,1.156
4b7b-FY4JPI,203.198,flv,320,240,239336,29.0,104,5974,0,6078,853613,5225468,0,6079081,flv,5000000,12.0,1280,720,221160,2.492
1RMD-MxzJn8,64.933,flv,320,240,236793,15.0,39,936,0,975,318954,1603007,0,1921961,flv,539000,15.0,480,360,217080,0.64
3-Wy-Ftbd40,69.93833,mpeg4,176,144,56717,12.0,14,825,0,839,47521,448322,0,495843,flv,820000,12.0,1280,720,221152,1.26
3Xyf-6FdtDA,49.178333,mpeg4,176,144,54338,7.0,10,334,0,344,33046,300986,0,334032,mpeg4,242000,29.97,320,240,221160,1.432
1a5f-GbYEaM,157.80167,h264,1280,720,2885589,25.0,72,3873,0,3945,5611970,51306874,0,56918844,flv,3000000,29.97,1280,720,216064,5.004
1D3O-16kzhQ,274.541,vp8,480,360,139791,30.029198,58,8170,0,8228,802625,3994697,0,4797322,flv,5000000,15.0,480,360,216820,0.848
0ckO-lUydcc,177.33333,mpeg4,176,144,53707,12.0,37,2091,0,2128,100969,1089548,0,1190517,h264,820000,15.0,640,480,164736,12.509
28BV-NZV3C8,326.58832,h264,1920,1080,5999648,23.0,174,7656,0,7830,16603953,228322925,0,244926878,vp8,3000000,25.0,480,360,218932,18.265
1RGh-RmYxHY,217.518,h264,480,360,83054,29.0,112,6408,0,6520,406683,1851539,0,2258222,flv,539000,15.0,640,480,217080,1.208
1Vq6-f1kYeM,127.221664,h264,1920,1080,3080852,23.0,70,2980,0,3050,3818903,45174992,0,48993895,h264,539000,15.0,176,144,217544,10.413
09oUj9EDIDo,239.14166,h264,480,360,500198,25.0,110,5868,0,5978,1406751,13545526,0,14952277,h264,5000000,29.97,320,240,123172,14.121
3AYz-PCa1aI,391.08,h264,640,480,230847,25.0,209,9569,0,9778,9023743,2261252,0,11284995,h264,56000,24.0,320,240,219480,2.32
1D3O-16kzhQ,274.541,vp8,480,360,139791,30.029198,58,8170,0,8228,802625,3994697,0,4797322,flv,109000,25.0,1920,1080,216820,5.348
1LXH-OibJYQ,42.2,h264,480,360,288705,25.0,23,1033,0,1056,216154,1306770,0,1522924,vp8,242000,29.97,480,360,216820,4.508
3dI-kJGuWbY,292.092,h264,480,360,480125,29.0,156,8599,0,8755,2375028,15155062,0,17530090,flv,3000000,25.0,1920,1080,219480,6.968
3fpg-LlHcks,273.816,vp8,1920,1080,1571003,25.065933,77,6766,0,6843,6190779,47579961,0,53770740,vp8,242000,29.97,640,480,219656,12.521
1Vq6-f1kYeM,127.221664,h264,1920,1080,3080852,23.0,70,2980,0,3050,3818903,45174992,0,48993895,mpeg4,242000,29.97,1280,720,217348,11.445
1Nc0-MKuExg,107.443,vp8,480,360,320011,30.093458,30,3190,0,3220,671936,3625932,0,4297868,mpeg4,56000,24.0,176,144,216820,2.056
0_VA-rJgmMI,750.433,vp8,1280,720,794075,13.482667,81,10031,0,10112,3852576,70635013,0,74487589,flv,539000,24.0,480,360,165700,2.136
2Y-k-006Zbs,67.583336,mpeg4,176,144,51225,12.0,15,777,0,792,47585,385164,0,432749,flv,820000,25.0,480,360,219480,0.548
0a6_--ZJXTE,290.01666,mpeg4,176,144,52783,12.0,61,3417,0,3478,119325,1794184,0,1913509,flv,5000000,25.0,1280,720,136256,2.044
1tos-YhVzA4,222.53334,h264,480,360,500449,30.0,219,6457,0,6676,2821722,11099102,0,13920824,mpeg4,56000,25.0,176,144,217332,1.612
3_fF9rtYCQ0,256.20834,mpeg4,176,144,57565,12.0,56,3018,0,3074,302900,1540700,0,1843600,mpeg4,56000,15.0,1920,1080,219480,6.848
1tos-YhVzA4,222.53334,h264,480,360,500449,30.0,219,6457,0,6676,2821722,11099102,0,13920824,vp8,820000,24.0,640,480,217336,8.169
3mWp-QQn-1M,167.39166,h264,1280,720,2207484,24.0,86,3931,0,4017,4369420,41819887,0,46189307,vp8,5000000,15.0,1920,1080,219656,41.375
3BVV-0I-JlM,33.09,h264,320,240,279173,13.0,22,434,0,456,101794,1052937,0,1154731,mpeg4,5000000,25.0,480,360,219480,3.924
3Xyf-6FdtDA,49.178333,mpeg4,176,144,54338,7.0,10,334,0,344,33046,300986,0,334032,vp8,56000,12.0,1280,720,221160,4.416
3AYz-PCa1aI,391.08,h264,640,480,230847,25.0,209,9569,0,9778,9023743,2261252,0,11284995,vp8,242000,29.97,1920,1080,219480,31.198
4Fob-eSnrb8,1768.9417,mpeg4,176,144,56152,12.0,354,20873,0,21227,1382103,11034284,0,12416387,flv,5000000,25.0,176,144,237964,0.328
0OUmDeBapbQ,316.95166,mpeg4,176,144,55396,12.0,64,3739,0,3803,111850,2082902,0,2194752,mpeg4,56000,29.97,480,360,165700,2.336
3YNh-PI2q64,395.44,vp8,1280,720,1611942,25.027847,80,9806,0,9886,5073258,74605061,0,79678319,flv,3000000,12.0,1280,720,221160,1.788
3_fF9rtYCQ0,256.20834,mpeg4,176,144,57565,12.0,56,3018,0,3074,302900,1540700,0,1843600,mpeg4,56000,15.0,1280,720,219480,3.84
4Fob-eSnrb8,1768.9417,mpeg4,176,144,56152,12.0,354,20873,0,21227,1382103,11034284,0,12416387,h264,109000,29.97,480,360,240704,6.536
42hr-6A1jYc,311.1,mpeg4,176,144,56416,12.0,113,3620,0,3733,127552,2066350,0,2193902,mpeg4,109000,12.0,320,240,221160,0.904
3xGu-rfcH3s,368.32,vp8,640,480,29096,25.02174,74,9134,0,9208,869558,470067,0,1339625,vp8,820000,12.0,480,360,221152,2.064
1Nc0-MKuExg,107.443,vp8,480,360,320011,30.093458,30,3190,0,3220,671936,3625932,0,4297868,mpeg4,820000,15.0,1280,720,216820,5.112
3fpg-LlHcks,273.816,vp8,1920,1080,1571003,25.065933,77,6766,0,6843,6190779,47579961,0,53770740,flv,56000,15.0,480,360,219656,5.124
2ApZ-KZ-pEk,157.891,h264,480,360,406908,29.0,87,4646,0,4733,1776729,6254165,0,8030894,flv,3000000,15.0,1280,720,219464,2.764
3xUU-YRicZA,131.76,vp8,640,480,104723,25.145039,37,3257,0,3294,945865,778937,0,1724802,mpeg4,820000,12.0,320,240,221152,1.76
3SQY-ZB8hmI,473.0,h264,320,240,164017,25.0,198,10924,704,11826,1419320,8047423,0,9697521,vp8,820000,12.0,480,360,220900,4.348
236x-T7D-8g,581.233,h264,480,360,295979,30.0,310,17128,0,17438,10151572,11352574,0,21504146,vp8,539000,15.0,1920,1080,218932,26.014
1tos-YhVzA4,222.53334,h264,480,360,500449,30.0,219,6457,0,6676,2821722,11099102,0,13920824,vp8,3000000,25.0,320,240,217348,3.42
4Fob-eSnrb8,1768.9417,mpeg4,176,144,56152,12.0,354,20873,0,21227,1382103,11034284,0,12416387,flv,242000,29.97,640,480,231464,0.644
1L6x-TgAldY,286.995,h264,480,360,508160,23.0,156,6726,0,6882,2285153,15944803,0,18229956,vp8,539000,24.0,480,360,216820,7.376
1YDt-FkeZ4E,98.683334,mpeg4,176,144,55552,12.0,20,1164,0,1184,48267,636993,0,685260,flv,3000000,24.0,640,480,218136,0.596
0a6_--ZJXTE,290.01666,mpeg4,176,144,52783,12.0,61,3417,0,3478,119325,1794184,0,1913509,h264,5000000,12.0,1920,1080,632456,96.978
3o_2-igmsyo,440.967,h264,320,240,281642,30.0,236,12994,0,13230,2444863,13079542,0,15524405,mpeg4,56000,25.0,176,144,219656,2.064
0ICm-Cu4_aE,476.957,vp8,1280,720,1387100,30.05252,105,14200,0,14305,3487520,79210885,0,82698405,flv,242000,15.0,1920,1080,165700,5.908
1ZzJ-T2FJAw,250.017,h264,320,240,153059,29.0,128,7366,0,7494,856855,3926589,0,4783444,flv,5000000,24.0,480,360,218900,1.2
42hr-6A1jYc,311.1,mpeg4,176,144,56416,12.0,113,3620,0,3733,127552,2066350,0,2193902,mpeg4,109000,29.97,320,240,221160,1.364
04t6-jw9czg,130.35667,mpeg4,176,144,54590,12.0,27,1537,0,1564,64483,825054,0,889537,h264,109000,24.0,320,240,64808,3.412
3fmy-4uvR9U,143.03334,mpeg4,176,144,51082,12.0,31,1685,0,1716,56405,856907,0,913312,vp8,242000,29.97,320,240,219480,2.588
3U8m-ETsTS4,282.56,h264,640,480,559834,25.0,145,6920,0,7065,4966509,14806840,0,19773349,mpeg4,242000,24.0,320,240,220900,3.12
3YNh-PI2q64,395.44,vp8,1280,720,1611942,25.027847,80,9806,0,9886,5073258,74605061,0,79678319,flv,539000,12.0,1920,1080,221160,3.812
1a5f-GbYEaM,157.80167,h264,1280,720,2885589,25.0,72,3873,0,3945,5611970,51306874,0,56918844,h264,56000,24.0,480,360,216064,8.737
BBLR-W5_De8,409.08832,mpeg4,176,144,57307,12.0,85,4824,0,4909,315157,2615316,0,2930473,mpeg4,5000000,24.0,320,240,34580,1.388
2kFF-0kB_4w,339.667,h264,640,480,257699,30.0,181,10010,0,10191,10121223,820261,0,10941484,flv,539000,24.0,1920,1080,219480,5.484
3ojsQWU7XWE,86.486,h264,640,480,356037,29.0,46,2547,0,2593,819680,3029350,0,3849030,flv,242000,25.0,480,360,219656,1.512
1hEL-mcI-tM,304.927,vp8,320,240,134334,25.075659,82,7541,0,7623,833754,4286526,0,5120280,vp8,5000000,29.97,1920,1080,216820,47.319
1D3O-16kzhQ,274.541,vp8,480,360,139791,30.029198,58,8170,0,8228,802625,3994697,0,4797322,vp8,3000000,24.0,480,360,216820,4.736
1Nc0-MKuExg,107.443,vp8,480,360,320011,30.093458,30,3190,0,3220,671936,3625932,0,4297868,vp8,539000,25.0,480,360,216820,5.748
2kFF-0kB_4w,339.667,h264,640,480,257699,30.0,181,10010,0,10191,10121223,820261,0,10941484,h264,820000,25.0,640,480,219480,8.365
1Nc0-MKuExg,107.443,vp8,480,360,320011,30.093458,30,3190,0,3220,671936,3625932,0,4297868,flv,109000,25.0,320,240,216820,1.028
2ApZ-KZ-pEk,157.891,h264,480,360,406908,29.0,87,4646,0,4733,1776729,6254165,0,8030894,mpeg4,3000000,29.97,176,144,219464,2.584
1tos-YhVzA4,222.53334,h264,480,360,500449,30.0,219,6457,0,6676,2821722,11099102,0,13920824,h264,242000,29.97,640,480,217348,12.769
1lkF-VNDcss,458.625,h264,640,480,517364,29.0,245,13501,0,13746,5308581,24350943,0,29659524,vp8,820000,15.0,480,360,216820,3.348
2TXm-QHXCzU,270.655,vp8,640,480,652967,30.062963,89,8028,0,8117,1912240,20178890,0,22091130,vp8,56000,25.0,176,144,219480,3.28
1KXW-XA6QkQ,255.28,flv,320,240,250276,25.0,110,6272,0,6382,611474,7374864,0,7986338,flv,3000000,25.0,320,240,216820,0.532
1a5f-GbYEaM,157.80167,h264,1280,720,2885589,25.0,72,3873,0,3945,5611970,51306874,0,56918844,flv,242000,12.0,1920,1080,216056,5.988
2SkA-cUEaJ0,490.6,h264,480,360,300437,25.0,256,12010,0,12266,1448177,16976151,0,18424328,mpeg4,3000000,29.97,1280,720,219480,12.097
1L6x-TgAldY,286.995,h264,480,360,508160,23.0,156,6726,0,6882,2285153,15944803,0,18229956,mpeg4,820000,15.0,480,360,216820,3.16
3mWp-QQn-1M,167.39166,h264,1280,720,2207484,24.0,86,3931,0,4017,4369420,41819887,0,46189307,vp8,3000000,24.0,480,360,219656,11.009
2NuI-Bp5brA,80.536,h264,480,360,690041,29.0,43,2374,0,2417,618732,6327913,0,6946645,mpeg4,109000,24.0,320,240,219480,2.644
25TI-jx-cag,176.901,vp8,480,360,26968,25.113636,38,4382,0,4420,393395,202954,0,596349,vp8,3000000,15.0,176,144,218932,1.128
0I0e-5-iR3A,906.5983,mpeg4,176,144,56108,12.0,187,10692,0,10879,597549,5760936,0,6358485,h264,242000,24.0,1920,1080,643060,40.147
25TI-jx-cag,176.901,vp8,480,360,26968,25.113636,38,4382,0,4420,393395,202954,0,596349,flv,109000,24.0,176,144,218932,0.612
0XTW-dqdT4w,216.55,h264,320,240,291150,29.0,112,6379,0,6491,1789334,6091735,0,7881069,flv,242000,29.97,1920,1080,206048,6.196
3xGu-rfcH3s,368.32,vp8,640,480,29096,25.02174,74,9134,0,9208,869558,470067,0,1339625,flv,109000,24.0,480,360,221152,1.036
0XTW-dqdT4w,216.55,h264,320,240,291150,29.0,112,6379,0,6491,1789334,6091735,0,7881069,vp8,820000,15.0,176,144,196484,1.452
3fpg-LlHcks,273.816,vp8,1920,1080,1571003,25.065933,77,6766,0,6843,6190779,47579961,0,53770740,vp8,820000,24.0,320,240,219656,7.712
0XTW-dqdT4w,216.55,h264,320,240,291150,29.0,112,6379,0,6491,1789334,6091735,0,7881069,flv,820000,15.0,176,144,207452,0.664
2Y-k-006Zbs,67.583336,mpeg4,176,144,51225,12.0,15,777,0,792,47585,385164,0,432749,mpeg4,820000,25.0,1920,1080,219480,11.573
1G6F-Huj2hY,110.966995,h264,480,360,397112,30.0,59,3271,0,3330,529627,4978664,0,5508291,mpeg4,56000,29.97,640,480,216820,6.04
1RGh-RmYxHY,217.518,h264,480,360,83054,29.0,112,6408,0,6520,406683,1851539,0,2258222,vp8,3000000,29.97,176,144,217080,1.636
42hr-6A1jYc,311.1,mpeg4,176,144,56416,12.0,113,3620,0,3733,127552,2066350,0,2193902,h264,242000,12.0,1280,720,310780,13.229
28BV-NZV3C8,326.58832,h264,1920,1080,5999648,23.0,174,7656,0,7830,16603953,228322925,0,244926878,h264,109000,15.0,640,480,218932,17.573
3ODf-KYiOZw,63.667,h264,640,480,972572,15.0,33,923,0,956,1259657,6480438,0,7740095,h264,3000000,29.97,176,144,219656,5.832
1hEL-mcI-tM,304.927,vp8,320,240,134334,25.075659,82,7541,0,7623,833754,4286526,0,5120280,flv,56000,29.97,1280,720,216820,2.496
1hEL-mcI-tM,304.927,vp8,320,240,134334,25.075659,82,7541,0,7623,833754,4286526,0,5120280,vp8,820000,25.0,640,480,216820,8.041
_2al-ZI1Wss,74.535,mpeg4,176,144,55305,12.0,15,879,0,894,23996,491276,0,515272,vp8,242000,12.0,1280,720,219200,8.417
2ApZ-KZ-pEk,157.891,h264,480,360,406908,29.0,87,4646,0,4733,1776729,6254165,0,8030894,vp8,539000,29.97,640,480,219464,9.409
25TI-jx-cag,176.901,vp8,480,360,26968,25.113636,38,4382,0,4420,393395,202954,0,596349,mpeg4,56000,12.0,480,360,218932,1.572
3fpg-LlHcks,273.816,vp8,1920,1080,1571003,25.065933,77,6766,0,6843,6190779,47579961,0,53770740,h264,3000000,12.0,1280,720,352236,47.267
09oUj9EDIDo,239.14166,h264,480,360,500198,25.0,110,5868,0,5978,1406751,13545526,0,14952277,flv,109000,15.0,1920,1080,110416,4.432
1RMD-MxzJn8,64.933,flv,320,240,236793,15.0,39,936,0,975,318954,1603007,0,1921961,vp8,109000,24.0,640,480,217080,4.976
1LXH-OibJYQ,42.2,h264,480,360,288705,25.0,23,1033,0,1056,216154,1306770,0,1522924,mpeg4,820000,25.0,176,144,216820,2.28
04t6-jw9czg,130.35667,mpeg4,176,144,54590,12.0,27,1537,0,1564,64483,825054,0,889537,flv,3000000,15.0,480,360,57744,0.664
3N6c-uPdNas,69.933,flv,320,240,272898,15.0,37,1013,0,1050,349781,2035796,0,2385577,vp8,820000,15.0,320,240,219656,3.232
2kFF-0kB_4w,339.667,h264,640,480,257699,30.0,181,10010,0,10191,10121223,820261,0,10941484,flv,109000,24.0,176,144,219480,1.152
3U8m-ETsTS4,282.56,h264,640,480,559834,25.0,145,6920,0,7065,4966509,14806840,0,19773349,h264,109000,15.0,176,144,221152,1.852
0Axi-TRoqVA,59.883,vp8,1280,720,994960,30.38983,13,1780,0,1793,481774,6965881,0,7447655,h264,5000000,25.0,640,480,162996,43.859
1a5f-GbYEaM,157.80167,h264,1280,720,2885589,25.0,72,3873,0,3945,5611970,51306874,0,56918844,h264,109000,29.97,1280,720,344364,26.918
2AfTeWTxhIg,645.84,vp8,320,240,95903,25.032558,138,16008,0,16146,1081321,6660941,0,7742262,mpeg4,109000,25.0,640,480,218932,4.252
0_VA-rJgmMI,750.433,vp8,1280,720,794075,13.482667,81,10031,0,10112,3852576,70635013,0,74487589,mpeg4,5000000,24.0,1280,720,165700,8.153
1D3O-16kzhQ,274.541,vp8,480,360,139791,30.029198,58,8170,0,8228,802625,3994697,0,4797322,vp8,242000,24.0,480,360,216820,4.556
1G6F-Huj2hY,110.966995,h264,480,360,397112,30.0,59,3271,0,3330,529627,4978664,0,5508291,flv,5000000,24.0,1280,720,216820,4.204
08EV-X022WI,204.938,h264,480,360,297373,16.0,111,3169,0,3280,1451634,6166260,0,7617894,mpeg4,109000,12.0,320,240,77892,1.444
3xUU-YRicZA,131.76,vp8,640,480,104723,25.145039,37,3257,0,3294,945865,778937,0,1724802,flv,820000,29.97,640,480,221152,1.092
1ZzJ-T2FJAw,250.017,h264,320,240,153059,29.0,128,7366,0,7494,856855,3926589,0,4783444,vp8,820000,12.0,320,240,218664,2.2
4b7b-FY4JPI,203.198,flv,320,240,239336,29.0,104,5974,0,6078,853613,5225468,0,6079081,flv,3000000,29.97,1920,1080,221160,6.724
3HVJ-p8L33A,163.897,flv,320,240,267032,29.0,87,4826,0,4913,824159,4646573,0,5470732,mpeg4,5000000,24.0,1280,720,219656,9.337
1LXH-OibJYQ,42.2,h264,480,360,288705,25.0,23,1033,0,1056,216154,1306770,0,1522924,vp8,56000,12.0,640,480,216820,3.816
2ApZ-KZ-pEk,157.891,h264,480,360,406908,29.0,87,4646,0,4733,1776729,6254165,0,8030894,h264,820000,15.0,320,240,219464,4.636
1RGh-RmYxHY,217.518,h264,480,360,83054,29.0,112,6408,0,6520,406683,1851539,0,2258222,mpeg4,3000000,29.97,176,144,216820,2.376
2NuI-Bp5brA,80.536,h264,480,360,690041,29.0,43,2374,0,2417,618732,6327913,0,6946645,flv,5000000,15.0,320,240,219480,1.696
3-Wy-Ftbd40,69.93833,mpeg4,176,144,56717,12.0,14,825,0,839,47521,448322,0,495843,mpeg4,56000,12.0,1280,720,221152,3.244
4keb-__zqyQ,452.689,vp8,320,240,66680,5.7057524,42,2537,0,2579,207037,3566163,0,3773200,h264,242000,29.97,1920,1080,639588,58.4
2HTJjLLaFL0,379.32,h264,480,360,181960,25.0,195,9289,0,9484,3392479,5235193,0,8627672,mpeg4,5000000,25.0,176,144,219464,2.396
0XTW-dqdT4w,216.55,h264,320,240,291150,29.0,112,6379,0,6491,1789334,6091735,0,7881069,flv,820000,25.0,1280,720,207996,2.776
1lkF-VNDcss,458.625,h264,640,480,517364,29.0,245,13501,0,13746,5308581,24350943,0,29659524,mpeg4,820000,15.0,320,240,216820,1.856
0a6_--ZJXTE,290.01666,mpeg4,176,144,52783,12.0,61,3417,0,3478,119325,1794184,0,1913509,flv,56000,24.0,480,360,135684,0.504
2NO0-ve7CKM,1140.349,vp8,1280,720,2394626,30.007017,328,33880,0,34208,20478926,320859863,0,341338789,flv,242000,24.0,176,144,219480,3.752
1LXH-OibJYQ,42.2,h264,480,360,288705,25.0,23,1033,0,1056,216154,1306770,0,1522924,vp8,56000,15.0,320,240,216820,2.036
2TXm-QHXCzU,270.655,vp8,640,480,652967,30.062963,89,8028,0,8117,1912240,20178890,0,22091130,mpeg4,56000,12.0,320,240,219480,2.22
0Axi-TRoqVA,59.883,vp8,1280,720,994960,30.38983,13,1780,0,1793,481774,6965881,0,7447655,vp8,109000,25.0,1920,1080,155028,30.734
3U8m-ETsTS4,282.56,h264,640,480,559834,25.0,145,6920,0,7065,4966509,14806840,0,19773349,vp8,109000,24.0,1280,720,221152,14.357
3DRy-Stwt9c,385.052,vp8,1280,720,441862,23.979221,77,9155,0,9232,16244376,5023129,0,21267505,mpeg4,539000,15.0,176,144,219480,1.692
3dI-kJGuWbY,292.092,h264,480,360,480125,29.0,156,8599,0,8755,2375028,15155062,0,17530090,vp8,109000,25.0,1280,720,219480,18.857
3xGu-rfcH3s,368.32,vp8,640,480,29096,25.02174,74,9134,0,9208,869558,470067,0,1339625,flv,539000,15.0,480,360,221152,0.984
0Au5-4UDHco,52.68,h264,480,360,372001,25.0,53,1265,0,1318,870136,1579497,0,2449633,vp8,56000,25.0,1920,1080,140080,34.834
1Y-Y-RHCxRQ,189.956,flv,320,240,231296,29.0,97,5597,0,5694,580292,4911734,0,5492026,mpeg4,3000000,25.0,176,144,218664,1.556
4BJV-yiTcus,254.922,vp8,480,360,260667,30.062992,51,7585,0,7636,918325,7387906,0,8306231,mpeg4,242000,25.0,176,144,221160,2.8
1ZzJ-T2FJAw,250.017,h264,320,240,153059,29.0,128,7366,0,7494,856855,3926589,0,4783444,mpeg4,242000,15.0,1280,720,218664,4.108
3Wdg-dsGihA,340.424,flv,320,240,244491,11.0,69,4012,0,4081,1168939,9234909,0,10403848,vp8,5000000,15.0,1280,720,221152,13.565
4BJV-yiTcus,254.922,vp8,480,360,260667,30.062992,51,7585,0,7636,918325,7387906,0,8306231,h264,242000,15.0,1280,720,320808,21.057
25TI-jx-cag,176.901,vp8,480,360,26968,25.113636,38,4382,0,4420,393395,202954,0,596349,vp8,109000,15.0,176,144,218932,1.164
28BV-NZV3C8,326.58832,h264,1920,1080,5999648,23.0,174,7656,0,7830,16603953,228322925,0,244926878,vp8,539000,15.0,176,144,218932,8.661
46oD-rS6PC8,95.462,h264,640,480,809256,29.0,51,2811,0,2862,886496,8770159,0,9656655,mpeg4,242000,25.0,320,240,221160,2.468
3ODf-KYiOZw,63.667,h264,640,480,972572,15.0,33,923,0,956,1259657,6480438,0,7740095,mpeg4,820000,15.0,1280,720,219656,5.644
3fpg-LlHcks,273.816,vp8,1920,1080,1571003,25.065933,77,6766,0,6843,6190779,47579961,0,53770740,h264,3000000,29.97,320,240,219656,16.713
42hr-6A1jYc,311.1,mpeg4,176,144,56416,12.0,113,3620,0,3733,127552,2066350,0,2193902,mpeg4,109000,24.0,1920,1080,221160,11.821
15fr-zSdCqg,39.055,h264,1920,1080,5992818,30.0,26,1144,0,1170,839251,28416939,0,29256190,vp8,5000000,25.0,480,360,216020,19.445
4b7b-FY4JPI,203.198,flv,320,240,239336,29.0,104,5974,0,6078,853613,5225468,0,6079081,flv,109000,12.0,1920,1080,221160,3.616
0Axi-TRoqVA,59.883,vp8,1280,720,994960,30.38983,13,1780,0,1793,481774,6965881,0,7447655,flv,109000,29.97,1280,720,159620,4.364
22uE-OUUBH8,43.827,flv,320,240,272273,25.0,23,1081,0,1104,137210,1354404,0,1491614,mpeg4,242000,12.0,176,144,218932,1.276
2TXm-QHXCzU,270.655,vp8,640,480,652967,30.062963,89,8028,0,8117,1912240,20178890,0,22091130,h264,5000000,29.97,320,240,219480,16.309
3fpg-LlHcks,273.816,vp8,1920,1080,1571003,25.065933,77,6766,0,6843,6190779,47579961,0,53770740,flv,539000,15.0,640,480,219656,5.604
2zeL-QQa8Sk,77.233,h264,480,360,382461,30.0,53,2265,0,2318,182297,3510033,0,3692330,vp8,109000,24.0,640,480,219480,6.58
1a5f-GbYEaM,157.80167,h264,1280,720,2885589,25.0,72,3873,0,3945,5611970,51306874,0,56918844,mpeg4,56000,15.0,1920,1080,216020,9.861
0ICm-Cu4_aE,476.957,vp8,1280,720,1387100,30.05252,105,14200,0,14305,3487520,79210885,0,82698405,vp8,539000,12.0,640,480,165700,7.272
3_fF9rtYCQ0,256.20834,mpeg4,176,144,57565,12.0,56,3018,0,3074,302900,1540700,0,1843600,mpeg4,56000,29.97,480,360,219480,2.124
0Hwk-yGT-M4,714.371,vp8,1280,720,652356,29.981792,143,21264,0,21407,14532530,43720516,0,58253046,h264,242000,12.0,640,480,165564,11.497
1tos-YhVzA4,222.53334,h264,480,360,500449,30.0,219,6457,0,6676,2821722,11099102,0,13920824,mpeg4,242000,12.0,1280,720,217336,3.532
1Vq6-f1kYeM,127.221664,h264,1920,1080,3080852,23.0,70,2980,0,3050,3818903,45174992,0,48993895,vp8,109000,29.97,480,360,217348,12.037
0ICm-Cu4_aE,476.957,vp8,1280,720,1387100,30.05252,105,14200,0,14305,3487520,79210885,0,82698405,vp8,242000,24.0,176,144,165700,3.704
1D3O-16kzhQ,274.541,vp8,480,360,139791,30.029198,58,8170,0,8228,802625,3994697,0,4797322,flv,539000,15.0,176,144,216820,0.82
3Wdg-dsGihA,340.424,flv,320,240,244491,11.0,69,4012,0,4081,1168939,9234909,0,10403848,vp8,5000000,25.0,1920,1080,221152,29.194
3-Wy-Ftbd40,69.93833,mpeg4,176,144,56717,12.0,14,825,0,839,47521,448322,0,495843,vp8,5000000,25.0,640,480,221152,4.416
1G6F-Huj2hY,110.966995,h264,480,360,397112,30.0,59,3271,0,3330,529627,4978664,0,5508291,vp8,109000,15.0,480,360,216820,3.868
2TXm-QHXCzU,270.655,vp8,640,480,652967,30.062963,89,8028,0,8117,1912240,20178890,0,22091130,h264,539000,12.0,480,360,219480,10.745
3DRy-Stwt9c,385.052,vp8,1280,720,441862,23.979221,77,9155,0,9232,16244376,5023129,0,21267505,vp8,242000,24.0,640,480,219480,6.544
3_fF9rtYCQ0,256.20834,mpeg4,176,144,57565,12.0,56,3018,0,3074,302900,1540700,0,1843600,h264,539000,25.0,176,144,219480,1.876
1oz8-nezz50,225.08,h264,480,360,538452,25.0,113,5515,0,5628,1873408,13275961,0,15149369,vp8,5000000,29.97,1280,720,216820,19.781
1Vq6-f1kYeM,127.221664,h264,1920,1080,3080852,23.0,70,2980,0,3050,3818903,45174992,0,48993895,flv,242000,15.0,320,240,217544,7.592
236x-T7D-8g,581.233,h264,480,360,295979,30.0,310,17128,0,17438,10151572,11352574,0,21504146,vp8,3000000,24.0,1920,1080,218932,43.639
3BVV-0I-JlM,33.09,h264,320,240,279173,13.0,22,434,0,456,101794,1052937,0,1154731,vp8,539000,24.0,320,240,219480,3.148
0ICm-Cu4_aE,476.957,vp8,1280,720,1387100,30.05252,105,14200,0,14305,3487520,79210885,0,82698405,mpeg4,820000,29.97,320,240,165696,4.1
3Xyf-6FdtDA,49.178333,mpeg4,176,144,54338,7.0,10,334,0,344,33046,300986,0,334032,flv,820000,12.0,320,240,221160,0.316
2pet-NcSXvY,37.011665,h264,1280,720,2759449,29.0,21,1088,0,1109,1899633,10866846,0,12766479,vp8,539000,25.0,176,144,219480,6.732
1LXH-OibJYQ,42.2,h264,480,360,288705,25.0,23,1033,0,1056,216154,1306770,0,1522924,mpeg4,539000,15.0,1920,1080,216820,8.093
46oD-rS6PC8,95.462,h264,640,480,809256,29.0,51,2811,0,2862,886496,8770159,0,9656655,mpeg4,820000,15.0,1920,1080,221160,8.365
15fr-zSdCqg,39.055,h264,1920,1080,5992818,30.0,26,1144,0,1170,839251,28416939,0,29256190,flv,242000,15.0,320,240,216020,9.485
1L6x-TgAldY,286.995,h264,480,360,508160,23.0,156,6726,0,6882,2285153,15944803,0,18229956,mpeg4,539000,24.0,176,144,216820,2.652
3fmy-4uvR9U,143.03334,mpeg4,176,144,51082,12.0,31,1685,0,1716,56405,856907,0,913312,h264,820000,25.0,480,360,219656,9.717
3AYz-PCa1aI,391.08,h264,640,480,230847,25.0,209,9569,0,9778,9023743,2261252,0,11284995,mpeg4,3000000,25.0,480,360,219480,3.536
1WrA-SRsgEk,384.451,h264,640,480,646432,29.0,205,11318,0,11523,2839955,28225248,0,31065203,vp8,3000000,25.0,320,240,217568,4.316
ogCf-gyqnhs,425.66666,mpeg4,176,144,52767,12.0,94,5014,0,5108,160293,2647381,0,2807674,mpeg4,5000000,29.97,480,360,62952,3.388
3xUU-YRicZA,131.76,vp8,640,480,104723,25.145039,37,3257,0,3294,945865,778937,0,1724802,vp8,539000,12.0,640,480,221152,3.088
3Xyf-6FdtDA,49.178333,mpeg4,176,144,54338,7.0,10,334,0,344,33046,300986,0,334032,h264,820000,15.0,640,480,221160,7.532
2zeL-QQa8Sk,77.233,h264,480,360,382461,30.0,53,2265,0,2318,182297,3510033,0,3692330,flv,5000000,12.0,1280,720,219480,2.768
0Au5-4UDHco,52.68,h264,480,360,372001,25.0,53,1265,0,1318,870136,1579497,0,2449633,mpeg4,109000,15.0,1920,1080,139940,8.757
1D3O-16kzhQ,274.541,vp8,480,360,139791,30.029198,58,8170,0,8228,802625,3994697,0,4797322,vp8,109000,15.0,320,240,216064,2.34
1RGh-RmYxHY,217.518,h264,480,360,83054,29.0,112,6408,0,6520,406683,1851539,0,2258222,mpeg4,3000000,15.0,1280,720,216820,4.008
2NO0-ve7CKM,1140.349,vp8,1280,720,2394626,30.007017,328,33880,0,34208,20478926,320859863,0,341338789,flv,820000,15.0,640,480,219480,4.104
1KXW-XA6QkQ,255.28,flv,320,240,250276,25.0,110,6272,0,6382,611474,7374864,0,7986338,mpeg4,109000,24.0,480,360,216820,2.868
3xUU-YRicZA,131.76,vp8,640,480,104723,25.145039,37,3257,0,3294,945865,778937,0,1724802,flv,539000,25.0,1280,720,221152,2.472
0OUmDeBapbQ,316.95166,mpeg4,176,144,55396,12.0,64,3739,0,3803,111850,2082902,0,2194752,h264,109000,25.0,1280,720,317064,20.209
3ODf-KYiOZw,63.667,h264,640,480,972572,15.0,33,923,0,956,1259657,6480438,0,7740095,vp8,5000000,25.0,1280,720,219656,34.438
0a6_--ZJXTE,290.01666,mpeg4,176,144,52783,12.0,61,3417,0,3478,119325,1794184,0,1913509,vp8,820000,24.0,320,240,133428,2.704
3xUU-YRicZA,131.76,vp8,640,480,104723,25.145039,37,3257,0,3294,945865,778937,0,1724802,h264,5000000,24.0,480,360,221152,6.628
1tos-YhVzA4,222.53334,h264,480,360,500449,30.0,219,6457,0,6676,2821722,11099102,0,13920824,flv,5000000,12.0,176,144,217348,0.896
3_fF9rtYCQ0,256.20834,mpeg4,176,144,57565,12.0,56,3018,0,3074,302900,1540700,0,1843600,mpeg4,820000,25.0,320,240,219480,1.312
0I0e-5-iR3A,906.5983,mpeg4,176,144,56108,12.0,187,10692,0,10879,597549,5760936,0,6358485,flv,820000,15.0,1280,720,165668,1.42
3AYz-PCa1aI,391.08,h264,640,480,230847,25.0,209,9569,0,9778,9023743,2261252,0,11284995,mpeg4,109000,25.0,480,360,219480,3.024
1D3O-16kzhQ,274.541,vp8,480,360,139791,30.029198,58,8170,0,8228,802625,3994697,0,4797322,flv,109000,12.0,640,480,216820,1.136
0OUmDeBapbQ,316.95166,mpeg4,176,144,55396,12.0,64,3739,0,3803,111850,2082902,0,2194752,h264,820000,12.0,1920,1080,645452,52.287
4BJV-yiTcus,254.922,vp8,480,360,260667,30.062992,51,7585,0,7636,918325,7387906,0,8306231,h264,109000,15.0,480,360,221160,5.928
2SkA-cUEaJ0,490.6,h264,480,360,300437,25.0,256,12010,0,12266,1448177,16976151,0,18424328,h264,56000,24.0,1280,720,329180,19.813
0Hwk-yGT-M4,714.371,vp8,1280,720,652356,29.981792,143,21264,0,21407,14532530,43720516,0,58253046,flv,5000000,12.0,320,240,165564,3.124
1L6x-TgAldY,286.995,h264,480,360,508160,23.0,156,6726,0,6882,2285153,15944803,0,18229956,mpeg4,56000,12.0,1280,720,216820,4.0
2NO0-ve7CKM,1140.349,vp8,1280,720,2394626,30.007017,328,33880,0,34208,20478926,320859863,0,341338789,h264,56000,25.0,320,240,219480,7.408
15fr-zSdCqg,39.055,h264,1920,1080,5992818,30.0,26,1144,0,1170,839251,28416939,0,29256190,flv,56000,12.0,480,360,216020,9.597
28BV-NZV3C8,326.58832,h264,1920,1080,5999648,23.0,174,7656,0,7830,16603953,228322925,0,244926878,mpeg4,109000,25.0,1280,720,218932,12.193
4sQh-_X9Z0c,154.8,h264,480,360,188221,25.0,83,3788,0,3871,3384984,257110,0,3642094,vp8,539000,25.0,480,360,28144,6.4
1RMD-MxzJn8,64.933,flv,320,240,236793,15.0,39,936,0,975,318954,1603007,0,1921961,vp8,56000,29.97,480,360,217080,3.244
0I0e-5-iR3A,906.5983,mpeg4,176,144,56108,12.0,187,10692,0,10879,597549,5760936,0,6358485,flv,5000000,12.0,1280,720,165668,1.808
4keb-__zqyQ,452.689,vp8,320,240,66680,5.7057524,42,2537,0,2579,207037,3566163,0,3773200,flv,539000,15.0,320,240,248108,0.64
09oUj9EDIDo,239.14166,h264,480,360,500198,25.0,110,5868,0,5978,1406751,13545526,0,14952277,vp8,539000,29.97,1920,1080,101860,42.783
3Xyf-6FdtDA,49.178333,mpeg4,176,144,54338,7.0,10,334,0,344,33046,300986,0,334032,vp8,539000,25.0,320,240,221160,0.916
0ICm-Cu4_aE,476.957,vp8,1280,720,1387100,30.05252,105,14200,0,14305,3487520,79210885,0,82698405,mpeg4,242000,15.0,320,240,165668,3.392
4NcD-WQyXCQ,860.056,vp8,1280,720,2688309,29.968605,277,25496,0,25773,12989828,276022270,0,289012098,vp8,820000,29.97,480,360,262592,17.753
3ODf-KYiOZw,63.667,h264,640,480,972572,15.0,33,923,0,956,1259657,6480438,0,7740095,vp8,56000,15.0,176,144,219656,2.576
1Nc0-MKuExg,107.443,vp8,480,360,320011,30.093458,30,3190,0,3220,671936,3625932,0,4297868,h264,820000,12.0,1920,1080,659408,49.335
4keb-__zqyQ,452.689,vp8,320,240,66680,5.7057524,42,2537,0,2579,207037,3566163,0,3773200,h264,242000,12.0,1280,720,314224,20.637
28BV-NZV3C8,326.58832,h264,1920,1080,5999648,23.0,174,7656,0,7830,16603953,228322925,0,244926878,vp8,3000000,24.0,176,144,218932,9.053
0Hwk-yGT-M4,714.371,vp8,1280,720,652356,29.981792,143,21264,0,21407,14532530,43720516,0,58253046,vp8,3000000,24.0,1920,1080,164988,48.915
1D3O-16kzhQ,274.541,vp8,480,360,139791,30.029198,58,8170,0,8228,802625,3994697,0,4797322,mpeg4,539000,15.0,320,240,216064,2.432
3dI-kJGuWbY,292.092,h264,480,360,480125,29.0,156,8599,0,8755,2375028,15155062,0,17530090,vp8,109000,15.0,320,240,219480,3.616
08EV-X022WI,204.938,h264,480,360,297373,16.0,111,3169,0,3280,1451634,6166260,0,7617894,vp8,242000,15.0,1920,1080,98728,19.905
1hEL-mcI-tM,304.927,vp8,320,240,134334,25.075659,82,7541,0,7623,833754,4286526,0,5120280,flv,242000,25.0,640,480,216820,1.172
4Fob-eSnrb8,1768.9417,mpeg4,176,144,56152,12.0,354,20873,0,21227,1382103,11034284,0,12416387,vp8,820000,29.97,480,360,223312,4.836
2pet-NcSXvY,37.011665,h264,1280,720,2759449,29.0,21,1088,0,1109,1899633,10866846,0,12766479,h264,56000,25.0,480,360,219480,12.057
1YDt-FkeZ4E,98.683334,mpeg4,176,144,55552,12.0,20,1164,0,1184,48267,636993,0,685260,h264,539000,29.97,1280,720,311496,22.281
1LXH-OibJYQ,42.2,h264,480,360,288705,25.0,23,1033,0,1056,216154,1306770,0,1522924,vp8,5000000,29.97,640,480,216820,6.708
3DRy-Stwt9c,385.052,vp8,1280,720,441862,23.979221,77,9155,0,9232,16244376,5023129,0,21267505,h264,3000000,15.0,1920,1080,646988,40.959
0I0e-5-iR3A,906.5983,mpeg4,176,144,56108,12.0,187,10692,0,10879,597549,5760936,0,6358485,flv,820000,29.97,320,240,165668,0.44
3o_2-igmsyo,440.967,h264,320,240,281642,30.0,236,12994,0,13230,2444863,13079542,0,15524405,h264,5000000,24.0,1280,720,332576,48.691
3BVV-0I-JlM,33.09,h264,320,240,279173,13.0,22,434,0,456,101794,1052937,0,1154731,h264,820000,29.97,176,144,219480,3.784
1RGh-RmYxHY,217.518,h264,480,360,83054,29.0,112,6408,0,6520,406683,1851539,0,2258222,vp8,3000000,24.0,640,480,217080,5.132
3ojsQWU7XWE,86.486,h264,640,480,356037,29.0,46,2547,0,2593,819680,3029350,0,3849030,flv,820000,12.0,1280,720,219656,2.384
1tos-YhVzA4,222.53334,h264,480,360,500449,30.0,219,6457,0,6676,2821722,11099102,0,13920824,mpeg4,820000,24.0,176,144,217336,1.644
1D3O-16kzhQ,274.541,vp8,480,360,139791,30.029198,58,8170,0,8228,802625,3994697,0,4797322,h264,820000,29.97,176,144,216820,3.596
3DRy-Stwt9c,385.052,vp8,1280,720,441862,23.979221,77,9155,0,9232,16244376,5023129,0,21267505,vp8,3000000,15.0,480,360,219480,3.22
2u-5-Io725E,426.945,h264,1280,720,1064703,29.0,228,12567,0,12795,11297544,45523691,0,56821235,vp8,5000000,29.97,320,240,219480,6.424
08EV-X022WI,204.938,h264,480,360,297373,16.0,111,3169,0,3280,1451634,6166260,0,7617894,flv,109000,25.0,320,240,86168,0.74
0XTW-dqdT4w,216.55,h264,320,240,291150,29.0,112,6379,0,6491,1789334,6091735,0,7881069,flv,242000,12.0,176,144,204788,0.652
15fr-zSdCqg,39.055,h264,1920,1080,5992818,30.0,26,1144,0,1170,839251,28416939,0,29256190,h264,3000000,25.0,320,240,216020,25.766
2zeL-QQa8Sk,77.233,h264,480,360,382461,30.0,53,2265,0,2318,182297,3510033,0,3692330,mpeg4,820000,25.0,176,144,219480,3.032
09oUj9EDIDo,239.14166,h264,480,360,500198,25.0,110,5868,0,5978,1406751,13545526,0,14952277,flv,5000000,15.0,320,240,115552,1.104
4Fob-eSnrb8,1768.9417,mpeg4,176,144,56152,12.0,354,20873,0,21227,1382103,11034284,0,12416387,vp8,820000,12.0,1280,720,222152,14.429
1WrA-SRsgEk,384.451,h264,640,480,646432,29.0,205,11318,0,11523,2839955,28225248,0,31065203,vp8,820000,25.0,640,480,217568,9.885
3xUU-YRicZA,131.76,vp8,640,480,104723,25.145039,37,3257,0,3294,945865,778937,0,1724802,vp8,820000,29.97,640,480,221152,4.892
4BJV-yiTcus,254.922,vp8,480,360,260667,30.062992,51,7585,0,7636,918325,7387906,0,8306231,flv,3000000,29.97,1280,720,221160,4.012
f14V-u0XHCU,125.85167,h264,1280,720,1341289,25.0,59,3087,0,3146,2475196,18625249,0,21100445,mpeg4,242000,12.0,1280,720,84356,5.528
4b7b-FY4JPI,203.198,flv,320,240,239336,29.0,104,5974,0,6078,853613,5225468,0,6079081,h264,242000,29.97,320,240,221160,4.46
236x-T7D-8g,581.233,h264,480,360,295979,30.0,310,17128,0,17438,10151572,11352574,0,21504146,mpeg4,539000,12.0,1280,720,218932,3.988
0I0e-5-iR3A,906.5983,mpeg4,176,144,56108,12.0,187,10692,0,10879,597549,5760936,0,6358485,mpeg4,5000000,24.0,320,240,165668,1.444
2Y-k-006Zbs,67.583336,mpeg4,176,144,51225,12.0,15,777,0,792,47585,385164,0,432749,h264,820000,25.0,1280,720,309472,32.406
HrVQ-q4gqBc,65.067,flv,320,240,272974,30.0,35,1918,0,1953,220527,1999673,0,2220200,mpeg4,820000,25.0,480,360,46752,3.484
236x-T7D-8g,581.233,h264,480,360,295979,30.0,310,17128,0,17438,10151572,11352574,0,21504146,mpeg4,242000,24.0,1920,1080,218932,12.213
42hr-6A1jYc,311.1,mpeg4,176,144,56416,12.0,113,3620,0,3733,127552,2066350,0,2193902,vp8,820000,12.0,1280,720,221160,7.284
1YDt-FkeZ4E,98.683334,mpeg4,176,144,55552,12.0,20,1164,0,1184,48267,636993,0,685260,vp8,820000,24.0,640,480,217880,3.084
1RMD-MxzJn8,64.933,flv,320,240,236793,15.0,39,936,0,975,318954,1603007,0,1921961,mpeg4,5000000,15.0,1920,1080,217080,10.337
3SQY-ZB8hmI,473.0,h264,320,240,164017,25.0,198,10924,704,11826,1419320,8047423,0,9697521,h264,820000,25.0,1280,720,318716,51.323
0ckO-lUydcc,177.33333,mpeg4,176,144,53707,12.0,37,2091,0,2128,100969,1089548,0,1190517,vp8,539000,12.0,640,480,163024,4.836
0Au5-4UDHco,52.68,h264,480,360,372001,25.0,53,1265,0,1318,870136,1579497,0,2449633,vp8,820000,24.0,1920,1080,140080,42.179
3fmy-4uvR9U,143.03334,mpeg4,176,144,51082,12.0,31,1685,0,1716,56405,856907,0,913312,flv,56000,24.0,640,480,219480,0.688
4b7b-FY4JPI,203.198,flv,320,240,239336,29.0,104,5974,0,6078,853613,5225468,0,6079081,mpeg4,3000000,25.0,320,240,221160,1.972
3_fF9rtYCQ0,256.20834,mpeg4,176,144,57565,12.0,56,3018,0,3074,302900,1540700,0,1843600,flv,539000,29.97,480,360,219480,0.532
1G6F-Huj2hY,110.966995,h264,480,360,397112,30.0,59,3271,0,3330,529627,4978664,0,5508291,vp8,3000000,12.0,640,480,216820,7.516
2u-5-Io725E,426.945,h264,1280,720,1064703,29.0,228,12567,0,12795,11297544,45523691,0,56821235,vp8,56000,25.0,176,144,219480,4.472
4keb-__zqyQ,452.689,vp8,320,240,66680,5.7057524,42,2537,0,2579,207037,3566163,0,3773200,h264,242000,15.0,640,480,252724,11.841
236x-T7D-8g,581.233,h264,480,360,295979,30.0,310,17128,0,17438,10151572,11352574,0,21504146,vp8,5000000,24.0,1280,720,218932,21.357
28BV-NZV3C8,326.58832,h264,1920,1080,5999648,23.0,174,7656,0,7830,16603953,228322925,0,244926878,flv,5000000,15.0,176,144,218932,8.513
1D3O-16kzhQ,274.541,vp8,480,360,139791,30.029198,58,8170,0,8228,802625,3994697,0,4797322,vp8,5000000,29.97,640,480,216820,8.961
28BV-NZV3C8,326.58832,h264,1920,1080,5999648,23.0,174,7656,0,7830,16603953,228322925,0,244926878,vp8,242000,12.0,480,360,218932,11.557
2HTJjLLaFL0,379.32,h264,480,360,181960,25.0,195,9289,0,9484,3392479,5235193,0,8627672,mpeg4,3000000,24.0,320,240,219464,2.536
2TXm-QHXCzU,270.655,vp8,640,480,652967,30.062963,89,8028,0,8117,1912240,20178890,0,22091130,mpeg4,242000,12.0,176,144,219480,2.04
2NuI-Bp5brA,80.536,h264,480,360,690041,29.0,43,2374,0,2417,618732,6327913,0,6946645,h264,3000000,15.0,640,480,219480,29.742
3SQY-ZB8hmI,473.0,h264,320,240,164017,25.0,198,10924,704,11826,1419320,8047423,0,9697521,vp8,5000000,29.97,1920,1080,220900,50.135
08EV-X022WI,204.938,h264,480,360,297373,16.0,111,3169,0,3280,1451634,6166260,0,7617894,mpeg4,820000,15.0,1920,1080,113996,7.888
3N6c-uPdNas,69.933,flv,320,240,272898,15.0,37,1013,0,1050,349781,2035796,0,2385577,flv,539000,24.0,176,144,219656,0.424
1lkF-VNDcss,458.625,h264,640,480,517364,29.0,245,13501,0,13746,5308581,24350943,0,29659524,mpeg4,5000000,12.0,480,360,216820,2.236
3YNh-PI2q64,395.44,vp8,1280,720,1611942,25.027847,80,9806,0,9886,5073258,74605061,0,79678319,mpeg4,242000,15.0,1280,720,221160,5.544
3_fF9rtYCQ0,256.20834,mpeg4,176,144,57565,12.0,56,3018,0,3074,302900,1540700,0,1843600,h264,5000000,12.0,640,480,219480,12.757
3fmy-4uvR9U,143.03334,mpeg4,176,144,51082,12.0,31,1685,0,1716,56405,856907,0,913312,h264,5000000,24.0,320,240,219656,7.08
2u-5-Io725E,426.945,h264,1280,720,1064703,29.0,228,12567,0,12795,11297544,45523691,0,56821235,vp8,56000,15.0,176,144,219480,4.08
0I0e-5-iR3A,906.5983,mpeg4,176,144,56108,12.0,187,10692,0,10879,597549,5760936,0,6358485,vp8,5000000,12.0,176,144,165668,1.012
2tzy-vqeeLY,106.765,h264,1280,720,849586,25.0,66,2603,0,2669,4427240,6911026,0,11338266,vp8,56000,25.0,320,240,219480,4.516
3fmy-4uvR9U,143.03334,mpeg4,176,144,51082,12.0,31,1685,0,1716,56405,856907,0,913312,vp8,242000,24.0,640,480,219480,5.084
1Vq6-f1kYeM,127.221664,h264,1920,1080,3080852,23.0,70,2980,0,3050,3818903,45174992,0,48993895,mpeg4,242000,15.0,320,240,217348,7.848
0QZJN4yTbbU,34.168,vp8,480,360,186895,30.029411,16,1005,0,1021,238485,559745,0,798230,mpeg4,3000000,15.0,176,144,165700,1.46
15fr-zSdCqg,39.055,h264,1920,1080,5992818,30.0,26,1144,0,1170,839251,28416939,0,29256190,h264,3000000,25.0,480,360,216020,39.122
2SkA-cUEaJ0,490.6,h264,480,360,300437,25.0,256,12010,0,12266,1448177,16976151,0,18424328,vp8,820000,29.97,640,480,219480,10.341
236x-T7D-8g,581.233,h264,480,360,295979,30.0,310,17128,0,17438,10151572,11352574,0,21504146,vp8,820000,24.0,176,144,218932,2.12
1RGh-RmYxHY,217.518,h264,480,360,83054,29.0,112,6408,0,6520,406683,1851539,0,2258222,vp8,109000,15.0,320,240,217080,1.872
0XTW-dqdT4w,216.55,h264,320,240,291150,29.0,112,6379,0,6491,1789334,6091735,0,7881069,vp8,242000,15.0,1280,720,193048,10.769
3ODf-KYiOZw,63.667,h264,640,480,972572,15.0,33,923,0,956,1259657,6480438,0,7740095,mpeg4,5000000,29.97,176,144,219656,2.6
04t6-jw9czg,130.35667,mpeg4,176,144,54590,12.0,27,1537,0,1564,64483,825054,0,889537,flv,242000,25.0,640,480,53472,0.656
0Yxo-eU6AjI,326.583,vp8,640,480,1055982,25.039877,102,8061,0,8163,1868804,41239444,0,43108248,vp8,539000,24.0,640,480,212772,9.161
3Xyf-6FdtDA,49.178333,mpeg4,176,144,54338,7.0,10,334,0,344,33046,300986,0,334032,mpeg4,5000000,12.0,320,240,221160,0.82
2NuI-Bp5brA,80.536,h264,480,360,690041,29.0,43,2374,0,2417,618732,6327913,0,6946645,h264,242000,29.97,640,480,219480,19.105
2pet-NcSXvY,37.011665,h264,1280,720,2759449,29.0,21,1088,0,1109,1899633,10866846,0,12766479,vp8,5000000,25.0,480,360,219480,15.477
0QZJN4yTbbU,34.168,vp8,480,360,186895,30.029411,16,1005,0,1021,238485,559745,0,798230,flv,3000000,15.0,320,240,165700,0.852
_2al-ZI1Wss,74.535,mpeg4,176,144,55305,12.0,15,879,0,894,23996,491276,0,515272,h264,820000,29.97,320,240,219464,4.608
46oD-rS6PC8,95.462,h264,640,480,809256,29.0,51,2811,0,2862,886496,8770159,0,9656655,h264,56000,15.0,1280,720,337992,15.405
2NuI-Bp5brA,80.536,h264,480,360,690041,29.0,43,2374,0,2417,618732,6327913,0,6946645,h264,3000000,12.0,176,144,219480,4.524
1Vq6-f1kYeM,127.221664,h264,1920,1080,3080852,23.0,70,2980,0,3050,3818903,45174992,0,48993895,flv,242000,29.97,1920,1080,217544,9.533
1hEL-mcI-tM,304.927,vp8,320,240,134334,25.075659,82,7541,0,7623,833754,4286526,0,5120280,mpeg4,3000000,24.0,320,240,216820,2.32
4Fob-eSnrb8,1768.9417,mpeg4,176,144,56152,12.0,354,20873,0,21227,1382103,11034284,0,12416387,mpeg4,3000000,29.97,1280,720,221160,8.525
1KXW-XA6QkQ,255.28,flv,320,240,250276,25.0,110,6272,0,6382,611474,7374864,0,7986338,mpeg4,242000,24.0,320,240,216820,1.868
3SQY-ZB8hmI,473.0,h264,320,240,164017,25.0,198,10924,704,11826,1419320,8047423,0,9697521,vp8,539000,24.0,176,144,220900,2.084
1Vq6-f1kYeM,127.221664,h264,1920,1080,3080852,23.0,70,2980,0,3050,3818903,45174992,0,48993895,flv,5000000,25.0,320,240,217544,7.484
0a6_--ZJXTE,290.01666,mpeg4,176,144,52783,12.0,61,3417,0,3478,119325,1794184,0,1913509,mpeg4,56000,25.0,640,480,124216,2.76
42hr-6A1jYc,311.1,mpeg4,176,144,56416,12.0,113,3620,0,3733,127552,2066350,0,2193902,mpeg4,109000,15.0,1280,720,221160,3.596
2NO0-ve7CKM,1140.349,vp8,1280,720,2394626,30.007017,328,33880,0,34208,20478926,320859863,0,341338789,h264,820000,15.0,640,480,219480,19.501
2u-5-Io725E,426.945,h264,1280,720,1064703,29.0,228,12567,0,12795,11297544,45523691,0,56821235,flv,5000000,25.0,320,240,219480,3.704
15fr-zSdCqg,39.055,h264,1920,1080,5992818,30.0,26,1144,0,1170,839251,28416939,0,29256190,vp8,56000,24.0,1280,720,215848,25.182
3dI-kJGuWbY,292.092,h264,480,360,480125,29.0,156,8599,0,8755,2375028,15155062,0,17530090,vp8,539000,29.97,1280,720,219480,26.91
3fpg-LlHcks,273.816,vp8,1920,1080,1571003,25.065933,77,6766,0,6843,6190779,47579961,0,53770740,mpeg4,539000,29.97,640,480,219656,7.072
3Wdg-dsGihA,340.424,flv,320,240,244491,11.0,69,4012,0,4081,1168939,9234909,0,10403848,mpeg4,242000,15.0,640,480,221152,2.52
15fr-zSdCqg,39.055,h264,1920,1080,5992818,30.0,26,1144,0,1170,839251,28416939,0,29256190,mpeg4,56000,24.0,1920,1080,215712,18.801
3ODf-KYiOZw,63.667,h264,640,480,972572,15.0,33,923,0,956,1259657,6480438,0,7740095,mpeg4,5000000,15.0,176,144,219656,1.904
2NuI-Bp5brA,80.536,h264,480,360,690041,29.0,43,2374,0,2417,618732,6327913,0,6946645,mpeg4,5000000,29.97,640,480,219480,9.105
2NuI-Bp5brA,80.536,h264,480,360,690041,29.0,43,2374,0,2417,618732,6327913,0,6946645,flv,820000,15.0,1920,1080,219480,5.924
2pet-NcSXvY,37.011665,h264,1280,720,2759449,29.0,21,1088,0,1109,1899633,10866846,0,12766479,h264,5000000,24.0,1280,720,335792,89.61
1L6x-TgAldY,286.995,h264,480,360,508160,23.0,156,6726,0,6882,2285153,15944803,0,18229956,h264,539000,29.97,640,480,216820,20.429
0Hwk-yGT-M4,714.371,vp8,1280,720,652356,29.981792,143,21264,0,21407,14532530,43720516,0,58253046,mpeg4,242000,24.0,176,144,164736,3.48
0_VA-rJgmMI,750.433,vp8,1280,720,794075,13.482667,81,10031,0,10112,3852576,70635013,0,74487589,flv,242000,12.0,176,144,165700,1.628
1RGh-RmYxHY,217.518,h264,480,360,83054,29.0,112,6408,0,6520,406683,1851539,0,2258222,flv,56000,12.0,1920,1080,217080,3.336
1LXH-OibJYQ,42.2,h264,480,360,288705,25.0,23,1033,0,1056,216154,1306770,0,1522924,h264,242000,29.97,1280,720,327136,22.785
0Hwk-yGT-M4,714.371,vp8,1280,720,652356,29.981792,143,21264,0,21407,14532530,43720516,0,58253046,mpeg4,109000,24.0,1920,1080,164736,13.437
0Hwk-yGT-M4,714.371,vp8,1280,720,652356,29.981792,143,21264,0,21407,14532530,43720516,0,58253046,mpeg4,242000,15.0,176,144,164736,3.416
22uE-OUUBH8,43.827,flv,320,240,272273,25.0,23,1081,0,1104,137210,1354404,0,1491614,h264,820000,24.0,640,480,218932,21.281
3fmy-4uvR9U,143.03334,mpeg4,176,144,51082,12.0,31,1685,0,1716,56405,856907,0,913312,h264,539000,24.0,640,480,219656,12.933
3YNh-PI2q64,395.44,vp8,1280,720,1611942,25.027847,80,9806,0,9886,5073258,74605061,0,79678319,vp8,56000,12.0,320,240,221160,2.372
1tos-YhVzA4,222.53334,h264,480,360,500449,30.0,219,6457,0,6676,2821722,11099102,0,13920824,flv,3000000,15.0,480,360,217348,1.056
0QZJN4yTbbU,34.168,vp8,480,360,186895,30.029411,16,1005,0,1021,238485,559745,0,798230,h264,242000,15.0,176,144,165700,1.752
2NuI-Bp5brA,80.536,h264,480,360,690041,29.0,43,2374,0,2417,618732,6327913,0,6946645,vp8,56000,29.97,640,480,219480,12.373
1RGh-RmYxHY,217.518,h264,480,360,83054,29.0,112,6408,0,6520,406683,1851539,0,2258222,mpeg4,820000,25.0,480,360,216820,3.052
1WrA-SRsgEk,384.451,h264,640,480,646432,29.0,205,11318,0,11523,2839955,28225248,0,31065203,h264,539000,24.0,176,144,217836,4.044
0Yxo-eU6AjI,326.583,vp8,640,480,1055982,25.039877,102,8061,0,8163,1868804,41239444,0,43108248,mpeg4,109000,12.0,320,240,212580,1.892
42hr-6A1jYc,311.1,mpeg4,176,144,56416,12.0,113,3620,0,3733,127552,2066350,0,2193902,vp8,539000,25.0,176,144,221160,0.664
0Au5-4UDHco,52.68,h264,480,360,372001,25.0,53,1265,0,1318,870136,1579497,0,2449633,flv,56000,15.0,320,240,140080,1.128
2NuI-Bp5brA,80.536,h264,480,360,690041,29.0,43,2374,0,2417,618732,6327913,0,6946645,h264,539000,15.0,320,240,219480,7.288
0a6_--ZJXTE,290.01666,mpeg4,176,144,52783,12.0,61,3417,0,3478,119325,1794184,0,1913509,h264,56000,25.0,640,480,137284,6.748
1oz8-nezz50,225.08,h264,480,360,538452,25.0,113,5515,0,5628,1873408,13275961,0,15149369,vp8,109000,24.0,640,480,216820,6.228
28BV-NZV3C8,326.58832,h264,1920,1080,5999648,23.0,174,7656,0,7830,16603953,228322925,0,244926878,vp8,3000000,24.0,1280,720,218932,44.719
uSvh-H3tLdA,36.083332,mpeg4,176,144,50971,12.0,8,425,0,433,17609,212295,0,229904,vp8,242000,12.0,320,240,77468,2.492
2pet-NcSXvY,37.011665,h264,1280,720,2759449,29.0,21,1088,0,1109,1899633,10866846,0,12766479,mpeg4,3000000,29.97,1280,720,219480,10.041
3dI-kJGuWbY,292.092,h264,480,360,480125,29.0,156,8599,0,8755,2375028,15155062,0,17530090,h264,109000,25.0,480,360,219480,8.833
1a5f-GbYEaM,157.80167,h264,1280,720,2885589,25.0,72,3873,0,3945,5611970,51306874,0,56918844,h264,242000,24.0,480,360,216064,11.029
1oz8-nezz50,225.08,h264,480,360,538452,25.0,113,5515,0,5628,1873408,13275961,0,15149369,h264,3000000,25.0,1280,720,321988,65.36
3o_2-igmsyo,440.967,h264,320,240,281642,30.0,236,12994,0,13230,2444863,13079542,0,15524405,vp8,539000,29.97,176,144,219656,1.536
3mWp-QQn-1M,167.39166,h264,1280,720,2207484,24.0,86,3931,0,4017,4369420,41819887,0,46189307,vp8,820000,12.0,480,360,219656,7.816
4keb-__zqyQ,452.689,vp8,320,240,66680,5.7057524,42,2537,0,2579,207037,3566163,0,3773200,mpeg4,109000,24.0,176,144,247088,1.812
0XTW-dqdT4w,216.55,h264,320,240,291150,29.0,112,6379,0,6491,1789334,6091735,0,7881069,flv,56000,25.0,1280,720,202216,2.744
3ojsQWU7XWE,86.486,h264,640,480,356037,29.0,46,2547,0,2593,819680,3029350,0,3849030,vp8,242000,15.0,640,480,219656,4.664
1YDt-FkeZ4E,98.683334,mpeg4,176,144,55552,12.0,20,1164,0,1184,48267,636993,0,685260,h264,539000,24.0,480,360,218192,4.648
0ckO-lUydcc,177.33333,mpeg4,176,144,53707,12.0,37,2091,0,2128,100969,1089548,0,1190517,flv,109000,12.0,320,240,163632,0.4
0a6_--ZJXTE,290.01666,mpeg4,176,144,52783,12.0,61,3417,0,3478,119325,1794184,0,1913509,vp8,3000000,29.97,1920,1080,134876,28.546
2HTJjLLaFL0,379.32,h264,480,360,181960,25.0,195,9289,0,9484,3392479,5235193,0,8627672,flv,539000,12.0,1920,1080,219480,3.248
2NO0-ve7CKM,1140.349,vp8,1280,720,2394626,30.007017,328,33880,0,34208,20478926,320859863,0,341338789,mpeg4,539000,25.0,640,480,219480,5.656
15fr-zSdCqg,39.055,h264,1920,1080,5992818,30.0,26,1144,0,1170,839251,28416939,0,29256190,h264,820000,15.0,1920,1080,677268,81.453
1D3O-16kzhQ,274.541,vp8,480,360,139791,30.029198,58,8170,0,8228,802625,3994697,0,4797322,vp8,820000,24.0,320,240,216820,2.996
4BJV-yiTcus,254.922,vp8,480,360,260667,30.062992,51,7585,0,7636,918325,7387906,0,8306231,mpeg4,242000,29.97,1280,720,221160,10.537
1G6F-Huj2hY,110.966995,h264,480,360,397112,30.0,59,3271,0,3330,529627,4978664,0,5508291,flv,242000,15.0,320,240,216820,1.128
2NuI-Bp5brA,80.536,h264,480,360,690041,29.0,43,2374,0,2417,618732,6327913,0,6946645,mpeg4,242000,24.0,640,480,219480,5.968
1lkF-VNDcss,458.625,h264,640,480,517364,29.0,245,13501,0,13746,5308581,24350943,0,29659524,h264,5000000,12.0,640,480,216820,8.953
3fpg-LlHcks,273.816,vp8,1920,1080,1571003,25.065933,77,6766,0,6843,6190779,47579961,0,53770740,mpeg4,109000,25.0,1280,720,219656,9.569
0ICm-Cu4_aE,476.957,vp8,1280,720,1387100,30.05252,105,14200,0,14305,3487520,79210885,0,82698405,mpeg4,242000,25.0,176,144,165668,3.56
22uE-OUUBH8,43.827,flv,320,240,272273,25.0,23,1081,0,1104,137210,1354404,0,1491614,vp8,56000,12.0,1920,1080,218932,18.873
1YDt-FkeZ4E,98.683334,mpeg4,176,144,55552,12.0,20,1164,0,1184,48267,636993,0,685260,flv,242000,25.0,320,240,217880,0.356
2TXm-QHXCzU,270.655,vp8,640,480,652967,30.062963,89,8028,0,8117,1912240,20178890,0,22091130,mpeg4,539000,29.97,1920,1080,219480,16.813
08EV-X022WI,204.938,h264,480,360,297373,16.0,111,3169,0,3280,1451634,6166260,0,7617894,vp8,820000,15.0,1280,720,83488,12.549
1hEL-mcI-tM,304.927,vp8,320,240,134334,25.075659,82,7541,0,7623,833754,4286526,0,5120280,h264,5000000,25.0,480,360,216820,17.461
4NcD-WQyXCQ,860.056,vp8,1280,720,2688309,29.968605,277,25496,0,25773,12989828,276022270,0,289012098,mpeg4,820000,25.0,1920,1080,259744,17.053
2NuI-Bp5brA,80.536,h264,480,360,690041,29.0,43,2374,0,2417,618732,6327913,0,6946645,flv,5000000,29.97,1920,1080,219480,8.685
2HTJjLLaFL0,379.32,h264,480,360,181960,25.0,195,9289,0,9484,3392479,5235193,0,8627672,vp8,539000,12.0,320,240,219480,1.788
CnI7b0eJ10E,226.326,h264,320,240,364113,29.0,146,6638,0,6784,648919,9652129,0,10301048,vp8,242000,15.0,1920,1080,94704,24.39
0a6_--ZJXTE,290.01666,mpeg4,176,144,52783,12.0,61,3417,0,3478,119325,1794184,0,1913509,flv,539000,25.0,480,360,136092,0.588
3HVJ-p8L33A,163.897,flv,320,240,267032,29.0,87,4826,0,4913,824159,4646573,0,5470732,mpeg4,56000,12.0,320,240,219656,1.476
3HVJ-p8L33A,163.897,flv,320,240,267032,29.0,87,4826,0,4913,824159,4646573,0,5470732,mpeg4,820000,15.0,320,240,219656,1.56
3DRy-Stwt9c,385.052,vp8,1280,720,441862,23.979221,77,9155,0,9232,16244376,5023129,0,21267505,vp8,5000000,24.0,176,144,219480,1.992
2kFF-0kB_4w,339.667,h264,640,480,257699,30.0,181,10010,0,10191,10121223,820261,0,10941484,h264,820000,25.0,320,240,219480,3.16
1G6F-Huj2hY,110.966995,h264,480,360,397112,30.0,59,3271,0,3330,529627,4978664,0,5508291,flv,109000,29.97,1280,720,216820,3.564
2NuI-Bp5brA,80.536,h264,480,360,690041,29.0,43,2374,0,2417,618732,6327913,0,6946645,vp8,3000000,25.0,1280,720,219480,38.27
2NO0-ve7CKM,1140.349,vp8,1280,720,2394626,30.007017,328,33880,0,34208,20478926,320859863,0,341338789,vp8,5000000,12.0,1280,720,219480,29.91
1G6F-Huj2hY,110.966995,h264,480,360,397112,30.0,59,3271,0,3330,529627,4978664,0,5508291,mpeg4,3000000,29.97,480,360,216820,5.032
1Vq6-f1kYeM,127.221664,h264,1920,1080,3080852,23.0,70,2980,0,3050,3818903,45174992,0,48993895,h264,56000,12.0,1280,720,392544,21.721
46oD-rS6PC8,95.462,h264,640,480,809256,29.0,51,2811,0,2862,886496,8770159,0,9656655,flv,5000000,12.0,320,240,221160,1.62
2Y-k-006Zbs,67.583336,mpeg4,176,144,51225,12.0,15,777,0,792,47585,385164,0,432749,flv,242000,25.0,176,144,219480,0.308
3BVV-0I-JlM,33.09,h264,320,240,279173,13.0,22,434,0,456,101794,1052937,0,1154731,vp8,5000000,29.97,640,480,219480,8.157
22uE-OUUBH8,43.827,flv,320,240,272273,25.0,23,1081,0,1104,137210,1354404,0,1491614,flv,539000,24.0,1280,720,218932,2.888
3dI-kJGuWbY,292.092,h264,480,360,480125,29.0,156,8599,0,8755,2375028,15155062,0,17530090,vp8,109000,24.0,1920,1080,219480,34.854
3xGu-rfcH3s,368.32,vp8,640,480,29096,25.02174,74,9134,0,9208,869558,470067,0,1339625,flv,109000,24.0,1920,1080,221152,4.504
2tzy-vqeeLY,106.765,h264,1280,720,849586,25.0,66,2603,0,2669,4427240,6911026,0,11338266,mpeg4,5000000,29.97,176,144,219480,3.248
2TXm-QHXCzU,270.655,vp8,640,480,652967,30.062963,89,8028,0,8117,1912240,20178890,0,22091130,vp8,5000000,29.97,640,480,219480,17.641
3DRy-Stwt9c,385.052,vp8,1280,720,441862,23.979221,77,9155,0,9232,16244376,5023129,0,21267505,h264,820000,25.0,1920,1080,644352,51.799
08EV-X022WI,204.938,h264,480,360,297373,16.0,111,3169,0,3280,1451634,6166260,0,7617894,flv,109000,12.0,176,144,86124,0.656
0ICm-Cu4_aE,476.957,vp8,1280,720,1387100,30.05252,105,14200,0,14305,3487520,79210885,0,82698405,vp8,109000,25.0,1920,1080,165700,31.786
0ckO-lUydcc,177.33333,mpeg4,176,144,53707,12.0,37,2091,0,2128,100969,1089548,0,1190517,flv,56000,15.0,176,144,163088,0.316
3Xyf-6FdtDA,49.178333,mpeg4,176,144,54338,7.0,10,334,0,344,33046,300986,0,334032,flv,5000000,24.0,640,480,221160,0.484
1YDt-FkeZ4E,98.683334,mpeg4,176,144,55552,12.0,20,1164,0,1184,48267,636993,0,685260,flv,539000,15.0,1920,1080,217880,2.28
1ZzJ-T2FJAw,250.017,h264,320,240,153059,29.0,128,7366,0,7494,856855,3926589,0,4783444,flv,5000000,25.0,1280,720,218900,3.384
1Vq6-f1kYeM,127.221664,h264,1920,1080,3080852,23.0,70,2980,0,3050,3818903,45174992,0,48993895,flv,56000,15.0,320,240,217436,7.556
0Hwk-yGT-M4,714.371,vp8,1280,720,652356,29.981792,143,21264,0,21407,14532530,43720516,0,58253046,h264,56000,24.0,1920,1080,677160,39.498
236x-T7D-8g,581.233,h264,480,360,295979,30.0,310,17128,0,17438,10151572,11352574,0,21504146,mpeg4,3000000,12.0,1920,1080,218932,7.788
1a5f-GbYEaM,157.80167,h264,1280,720,2885589,25.0,72,3873,0,3945,5611970,51306874,0,56918844,mpeg4,56000,15.0,320,240,216020,3.976
2NuI-Bp5brA,80.536,h264,480,360,690041,29.0,43,2374,0,2417,618732,6327913,0,6946645,h264,56000,24.0,320,240,219480,5.256
3Wdg-dsGihA,340.424,flv,320,240,244491,11.0,69,4012,0,4081,1168939,9234909,0,10403848,h264,109000,29.97,1280,720,296924,19.633
08EV-X022WI,204.938,h264,480,360,297373,16.0,111,3169,0,3280,1451634,6166260,0,7617894,flv,56000,24.0,1280,720,85432,1.916
1G6F-Huj2hY,110.966995,h264,480,360,397112,30.0,59,3271,0,3330,529627,4978664,0,5508291,flv,539000,29.97,320,240,216820,1.196
04t6-jw9czg,130.35667,mpeg4,176,144,54590,12.0,27,1537,0,1564,64483,825054,0,889537,flv,109000,15.0,320,240,50420,0.404
1L6x-TgAldY,286.995,h264,480,360,508160,23.0,156,6726,0,6882,2285153,15944803,0,18229956,h264,56000,29.97,320,240,216820,4.54
22uE-OUUBH8,43.827,flv,320,240,272273,25.0,23,1081,0,1104,137210,1354404,0,1491614,mpeg4,820000,25.0,480,360,218932,3.892
2tzy-vqeeLY,106.765,h264,1280,720,849586,25.0,66,2603,0,2669,4427240,6911026,0,11338266,vp8,3000000,29.97,640,480,219480,8.145
1WrA-SRsgEk,384.451,h264,640,480,646432,29.0,205,11318,0,11523,2839955,28225248,0,31065203,mpeg4,539000,15.0,176,144,217544,2.324
1Y-Y-RHCxRQ,189.956,flv,320,240,231296,29.0,97,5597,0,5694,580292,4911734,0,5492026,flv,109000,12.0,320,240,218664,0.384
3HVJ-p8L33A,163.897,flv,320,240,267032,29.0,87,4826,0,4913,824159,4646573,0,5470732,vp8,56000,25.0,320,240,219656,2.868
42hr-6A1jYc,311.1,mpeg4,176,144,56416,12.0,113,3620,0,3733,127552,2066350,0,2193902,vp8,109000,15.0,640,480,221160,2.884
1L6x-TgAldY,286.995,h264,480,360,508160,23.0,156,6726,0,6882,2285153,15944803,0,18229956,vp8,242000,25.0,1920,1080,216820,38.214
3U8m-ETsTS4,282.56,h264,640,480,559834,25.0,145,6920,0,7065,4966509,14806840,0,19773349,vp8,820000,29.97,480,360,221152,5.1
1KXW-XA6QkQ,255.28,flv,320,240,250276,25.0,110,6272,0,6382,611474,7374864,0,7986338,mpeg4,820000,29.97,1280,720,216820,11.025
4NcD-WQyXCQ,860.056,vp8,1280,720,2688309,29.968605,277,25496,0,25773,12989828,276022270,0,289012098,mpeg4,5000000,15.0,320,240,260656,4.62
0Au5-4UDHco,52.68,h264,480,360,372001,25.0,53,1265,0,1318,870136,1579497,0,2449633,flv,3000000,12.0,1920,1080,155028,4.56
0_VA-rJgmMI,750.433,vp8,1280,720,794075,13.482667,81,10031,0,10112,3852576,70635013,0,74487589,vp8,56000,15.0,640,480,165700,4.924
1KXW-XA6QkQ,255.28,flv,320,240,250276,25.0,110,6272,0,6382,611474,7374864,0,7986338,mpeg4,820000,29.97,640,480,216820,5.14
1ZzJ-T2FJAw,250.017,h264,320,240,153059,29.0,128,7366,0,7494,856855,3926589,0,4783444,h264,242000,25.0,640,480,218900,10.817
1s9d-jTKyUw,448.575,vp8,1280,720,2052426,30.002232,92,13349,0,13441,9132637,105950761,0,115083398,mpeg4,56000,15.0,640,480,217080,5.04
0Yxo-eU6AjI,326.583,vp8,640,480,1055982,25.039877,102,8061,0,8163,1868804,41239444,0,43108248,mpeg4,242000,25.0,320,240,212596,2.804
3Xyf-6FdtDA,49.178333,mpeg4,176,144,54338,7.0,10,334,0,344,33046,300986,0,334032,h264,539000,24.0,320,240,221160,3.248
3xUU-YRicZA,131.76,vp8,640,480,104723,25.145039,37,3257,0,3294,945865,778937,0,1724802,vp8,5000000,15.0,176,144,221152,1.408
2tzy-vqeeLY,106.765,h264,1280,720,849586,25.0,66,2603,0,2669,4427240,6911026,0,11338266,vp8,5000000,24.0,480,360,219480,6.204
0I0e-5-iR3A,906.5983,mpeg4,176,144,56108,12.0,187,10692,0,10879,597549,5760936,0,6358485,vp8,56000,15.0,176,144,165668,1.068
2pet-NcSXvY,37.011665,h264,1280,720,2759449,29.0,21,1088,0,1109,1899633,10866846,0,12766479,vp8,820000,24.0,320,240,219480,9.617
1YDt-FkeZ4E,98.683334,mpeg4,176,144,55552,12.0,20,1164,0,1184,48267,636993,0,685260,h264,820000,25.0,1280,720,311824,20.721
08EV-X022WI,204.938,h264,480,360,297373,16.0,111,3169,0,3280,1451634,6166260,0,7617894,mpeg4,56000,29.97,480,360,77592,3.212
3BVV-0I-JlM,33.09,h264,320,240,279173,13.0,22,434,0,456,101794,1052937,0,1154731,flv,3000000,24.0,320,240,219480,0.664
1a5f-GbYEaM,157.80167,h264,1280,720,2885589,25.0,72,3873,0,3945,5611970,51306874,0,56918844,vp8,3000000,25.0,320,240,216056,6.3
3YNh-PI2q64,395.44,vp8,1280,720,1611942,25.027847,80,9806,0,9886,5073258,74605061,0,79678319,flv,539000,24.0,1920,1080,221160,5.464
3DRy-Stwt9c,385.052,vp8,1280,720,441862,23.979221,77,9155,0,9232,16244376,5023129,0,21267505,vp8,820000,15.0,640,480,219480,4.232
3Wdg-dsGihA,340.424,flv,320,240,244491,11.0,69,4012,0,4081,1168939,9234909,0,10403848,flv,109000,15.0,176,144,221152,0.316
1tos-YhVzA4,222.53334,h264,480,360,500449,30.0,219,6457,0,6676,2821722,11099102,0,13920824,flv,539000,29.97,176,144,217348,0.904
22uE-OUUBH8,43.827,flv,320,240,272273,25.0,23,1081,0,1104,137210,1354404,0,1491614,flv,3000000,15.0,176,144,218932,0.564
3DRy-Stwt9c,385.052,vp8,1280,720,441862,23.979221,77,9155,0,9232,16244376,5023129,0,21267505,h264,539000,12.0,176,144,219480,1.692
0ckO-lUydcc,177.33333,mpeg4,176,144,53707,12.0,37,2091,0,2128,100969,1089548,0,1190517,vp8,539000,25.0,480,360,163024,3.264
3mWp-QQn-1M,167.39166,h264,1280,720,2207484,24.0,86,3931,0,4017,4369420,41819887,0,46189307,vp8,109000,24.0,1920,1080,219656,34.758
3fpg-LlHcks,273.816,vp8,1920,1080,1571003,25.065933,77,6766,0,6843,6190779,47579961,0,53770740,mpeg4,56000,15.0,640,480,219656,6.16
0I0e-5-iR3A,906.5983,mpeg4,176,144,56108,12.0,187,10692,0,10879,597549,5760936,0,6358485,h264,3000000,24.0,480,360,165668,10.825
3xGu-rfcH3s,368.32,vp8,640,480,29096,25.02174,74,9134,0,9208,869558,470067,0,1339625,flv,242000,29.97,176,144,221152,0.788
2AfTeWTxhIg,645.84,vp8,320,240,95903,25.032558,138,16008,0,16146,1081321,6660941,0,7742262,mpeg4,109000,25.0,480,360,218932,3.124
3dI-kJGuWbY,292.092,h264,480,360,480125,29.0,156,8599,0,8755,2375028,15155062,0,17530090,mpeg4,3000000,24.0,320,240,219480,3.388
0OUmDeBapbQ,316.95166,mpeg4,176,144,55396,12.0,64,3739,0,3803,111850,2082902,0,2194752,mpeg4,109000,24.0,640,480,165700,2.756
1hEL-mcI-tM,304.927,vp8,320,240,134334,25.075659,82,7541,0,7623,833754,4286526,0,5120280,flv,242000,15.0,1920,1080,216820,3.72
1WrA-SRsgEk,384.451,h264,640,480,646432,29.0,205,11318,0,11523,2839955,28225248,0,31065203,h264,109000,12.0,320,240,217828,3.796
4BJV-yiTcus,254.922,vp8,480,360,260667,30.062992,51,7585,0,7636,918325,7387906,0,8306231,h264,539000,12.0,320,240,221160,5.372
0ckO-lUydcc,177.33333,mpeg4,176,144,53707,12.0,37,2091,0,2128,100969,1089548,0,1190517,mpeg4,820000,25.0,1280,720,163024,5.98
1oz8-nezz50,225.08,h264,480,360,538452,25.0,113,5515,0,5628,1873408,13275961,0,15149369,vp8,820000,15.0,640,480,216820,6.208
46oD-rS6PC8,95.462,h264,640,480,809256,29.0,51,2811,0,2862,886496,8770159,0,9656655,mpeg4,539000,24.0,1280,720,221160,7.648
0Yxo-eU6AjI,326.583,vp8,640,480,1055982,25.039877,102,8061,0,8163,1868804,41239444,0,43108248,h264,3000000,12.0,480,360,215712,15.625
2NO0-ve7CKM,1140.349,vp8,1280,720,2394626,30.007017,328,33880,0,34208,20478926,320859863,0,341338789,vp8,56000,25.0,176,144,219480,5.58
22uE-OUUBH8,43.827,flv,320,240,272273,25.0,23,1081,0,1104,137210,1354404,0,1491614,flv,820000,12.0,1280,720,218932,2.004
1tos-YhVzA4,222.53334,h264,480,360,500449,30.0,219,6457,0,6676,2821722,11099102,0,13920824,vp8,109000,25.0,480,360,217336,4.792
3YNh-PI2q64,395.44,vp8,1280,720,1611942,25.027847,80,9806,0,9886,5073258,74605061,0,79678319,vp8,820000,15.0,1920,1080,221160,21.373
08EV-X022WI,204.938,h264,480,360,297373,16.0,111,3169,0,3280,1451634,6166260,0,7617894,flv,242000,15.0,1280,720,86424,1.84
2SkA-cUEaJ0,490.6,h264,480,360,300437,25.0,256,12010,0,12266,1448177,16976151,0,18424328,vp8,539000,15.0,480,360,219480,4.82
3U8m-ETsTS4,282.56,h264,640,480,559834,25.0,145,6920,0,7065,4966509,14806840,0,19773349,vp8,3000000,25.0,176,144,221152,1.992
1lkF-VNDcss,458.625,h264,640,480,517364,29.0,245,13501,0,13746,5308581,24350943,0,29659524,flv,539000,15.0,480,360,216820,1.492
3o_2-igmsyo,440.967,h264,320,240,281642,30.0,236,12994,0,13230,2444863,13079542,0,15524405,h264,56000,29.97,640,480,219656,7.724
3xUU-YRicZA,131.76,vp8,640,480,104723,25.145039,37,3257,0,3294,945865,778937,0,1724802,h264,242000,24.0,480,360,221152,4.956
1a5f-GbYEaM,157.80167,h264,1280,720,2885589,25.0,72,3873,0,3945,5611970,51306874,0,56918844,mpeg4,3000000,15.0,1280,720,216020,6.136
4keb-__zqyQ,452.689,vp8,320,240,66680,5.7057524,42,2537,0,2579,207037,3566163,0,3773200,h264,820000,25.0,480,360,254028,14.357
0_VA-rJgmMI,750.433,vp8,1280,720,794075,13.482667,81,10031,0,10112,3852576,70635013,0,74487589,flv,242000,24.0,640,480,165700,2.204
3Xyf-6FdtDA,49.178333,mpeg4,176,144,54338,7.0,10,334,0,344,33046,300986,0,334032,vp8,242000,15.0,176,144,221160,0.58
2HTJjLLaFL0,379.32,h264,480,360,181960,25.0,195,9289,0,9484,3392479,5235193,0,8627672,vp8,109000,15.0,1280,720,219464,9.733
0Yxo-eU6AjI,326.583,vp8,640,480,1055982,25.039877,102,8061,0,8163,1868804,41239444,0,43108248,flv,5000000,29.97,640,480,215136,1.732
4NcD-WQyXCQ,860.056,vp8,1280,720,2688309,29.968605,277,25496,0,25773,12989828,276022270,0,289012098,vp8,242000,12.0,640,480,262060,12.041
0_VA-rJgmMI,750.433,vp8,1280,720,794075,13.482667,81,10031,0,10112,3852576,70635013,0,74487589,vp8,820000,15.0,320,240,165700,2.816
1tos-YhVzA4,222.53334,h264,480,360,500449,30.0,219,6457,0,6676,2821722,11099102,0,13920824,flv,820000,24.0,640,480,217348,1.54
3N6c-uPdNas,69.933,flv,320,240,272898,15.0,37,1013,0,1050,349781,2035796,0,2385577,flv,3000000,29.97,1280,720,219656,2.392
1RMD-MxzJn8,64.933,flv,320,240,236793,15.0,39,936,0,975,318954,1603007,0,1921961,vp8,109000,12.0,320,240,217080,2.06
09oUj9EDIDo,239.14166,h264,480,360,500198,25.0,110,5868,0,5978,1406751,13545526,0,14952277,vp8,56000,15.0,1920,1080,99220,20.841
3xGu-rfcH3s,368.32,vp8,640,480,29096,25.02174,74,9134,0,9208,869558,470067,0,1339625,h264,820000,15.0,176,144,221152,0.996
1s9d-jTKyUw,448.575,vp8,1280,720,2052426,30.002232,92,13349,0,13441,9132637,105950761,0,115083398,mpeg4,5000000,29.97,640,480,217080,7.24
2zeL-QQa8Sk,77.233,h264,480,360,382461,30.0,53,2265,0,2318,182297,3510033,0,3692330,vp8,820000,12.0,1920,1080,219480,20.953
1G6F-Huj2hY,110.966995,h264,480,360,397112,30.0,59,3271,0,3330,529627,4978664,0,5508291,h264,242000,15.0,480,360,216820,8.601
4BJV-yiTcus,254.922,vp8,480,360,260667,30.062992,51,7585,0,7636,918325,7387906,0,8306231,flv,820000,29.97,1280,720,221160,3.256
2u-5-Io725E,426.945,h264,1280,720,1064703,29.0,228,12567,0,12795,11297544,45523691,0,56821235,h264,109000,29.97,480,360,219480,10.029
1Nc0-MKuExg,107.443,vp8,480,360,320011,30.093458,30,3190,0,3220,671936,3625932,0,4297868,flv,109000,29.97,1280,720,216820,3.38
2AfTeWTxhIg,645.84,vp8,320,240,95903,25.032558,138,16008,0,16146,1081321,6660941,0,7742262,flv,56000,15.0,1280,720,219200,2.04
2pet-NcSXvY,37.011665,h264,1280,720,2759449,29.0,21,1088,0,1109,1899633,10866846,0,12766479,flv,56000,12.0,320,240,219480,5.1
3ODf-KYiOZw,63.667,h264,640,480,972572,15.0,33,923,0,956,1259657,6480438,0,7740095,mpeg4,5000000,29.97,640,480,219656,5.624
3BVV-0I-JlM,33.09,h264,320,240,279173,13.0,22,434,0,456,101794,1052937,0,1154731,h264,539000,12.0,320,240,219480,4.78
2tzy-vqeeLY,106.765,h264,1280,720,849586,25.0,66,2603,0,2669,4427240,6911026,0,11338266,flv,539000,29.97,480,360,219480,2.92
2u-5-Io725E,426.945,h264,1280,720,1064703,29.0,228,12567,0,12795,11297544,45523691,0,56821235,h264,5000000,12.0,640,480,219480,22.641
3AYz-PCa1aI,391.08,h264,640,480,230847,25.0,209,9569,0,9778,9023743,2261252,0,11284995,flv,3000000,12.0,1280,720,219480,2.0
2TXm-QHXCzU,270.655,vp8,640,480,652967,30.062963,89,8028,0,8117,1912240,20178890,0,22091130,flv,242000,24.0,320,240,219480,1.724
3ojsQWU7XWE,86.486,h264,640,480,356037,29.0,46,2547,0,2593,819680,3029350,0,3849030,h264,820000,24.0,480,360,219656,8.333
1tos-YhVzA4,222.53334,h264,480,360,500449,30.0,219,6457,0,6676,2821722,11099102,0,13920824,vp8,242000,29.97,1920,1080,217336,40.515
4keb-__zqyQ,452.689,vp8,320,240,66680,5.7057524,42,2537,0,2579,207037,3566163,0,3773200,flv,820000,25.0,480,360,249664,0.904
0QZJN4yTbbU,34.168,vp8,480,360,186895,30.029411,16,1005,0,1021,238485,559745,0,798230,h264,109000,24.0,176,144,165700,1.772
0ICm-Cu4_aE,476.957,vp8,1280,720,1387100,30.05252,105,14200,0,14305,3487520,79210885,0,82698405,vp8,242000,15.0,176,144,165700,3.496
1Vq6-f1kYeM,127.221664,h264,1920,1080,3080852,23.0,70,2980,0,3050,3818903,45174992,0,48993895,flv,242000,25.0,320,240,217544,7.64
1s9d-jTKyUw,448.575,vp8,1280,720,2052426,30.002232,92,13349,0,13441,9132637,105950761,0,115083398,h264,539000,24.0,480,360,217080,16.413
2kFF-0kB_4w,339.667,h264,640,480,257699,30.0,181,10010,0,10191,10121223,820261,0,10941484,flv,56000,15.0,1280,720,219480,2.492
2Y-k-006Zbs,67.583336,mpeg4,176,144,51225,12.0,15,777,0,792,47585,385164,0,432749,flv,539000,29.97,320,240,219480,0.396
2ApZ-KZ-pEk,157.891,h264,480,360,406908,29.0,87,4646,0,4733,1776729,6254165,0,8030894,mpeg4,109000,15.0,640,480,219464,3.56
22uE-OUUBH8,43.827,flv,320,240,272273,25.0,23,1081,0,1104,137210,1354404,0,1491614,mpeg4,820000,25.0,176,144,218932,2.044
1RMD-MxzJn8,64.933,flv,320,240,236793,15.0,39,936,0,975,318954,1603007,0,1921961,vp8,242000,25.0,320,240,217080,2.94
3BVV-0I-JlM,33.09,h264,320,240,279173,13.0,22,434,0,456,101794,1052937,0,1154731,mpeg4,56000,12.0,320,240,219480,1.58
3DRy-Stwt9c,385.052,vp8,1280,720,441862,23.979221,77,9155,0,9232,16244376,5023129,0,21267505,mpeg4,5000000,24.0,1280,720,219480,8.389
1D3O-16kzhQ,274.541,vp8,480,360,139791,30.029198,58,8170,0,8228,802625,3994697,0,4797322,mpeg4,242000,25.0,480,360,216064,3.216
2NO0-ve7CKM,1140.349,vp8,1280,720,2394626,30.007017,328,33880,0,34208,20478926,320859863,0,341338789,h264,3000000,24.0,176,144,219480,9.577
0a6_--ZJXTE,290.01666,mpeg4,176,144,52783,12.0,61,3417,0,3478,119325,1794184,0,1913509,flv,5000000,24.0,1920,1080,136256,3.696
0QZJN4yTbbU,34.168,vp8,480,360,186895,30.029411,16,1005,0,1021,238485,559745,0,798230,h264,109000,29.97,1280,720,310588,18.837
3_fF9rtYCQ0,256.20834,mpeg4,176,144,57565,12.0,56,3018,0,3074,302900,1540700,0,1843600,vp8,5000000,29.97,1280,720,219480,8.041
1s9d-jTKyUw,448.575,vp8,1280,720,2052426,30.002232,92,13349,0,13441,9132637,105950761,0,115083398,flv,242000,25.0,176,144,217080,3.924
2zeL-QQa8Sk,77.233,h264,480,360,382461,30.0,53,2265,0,2318,182297,3510033,0,3692330,h264,820000,24.0,1920,1080,644304,71.784
1KXW-XA6QkQ,255.28,flv,320,240,250276,25.0,110,6272,0,6382,611474,7374864,0,7986338,mpeg4,56000,24.0,1920,1080,216820,13.605
1LXH-OibJYQ,42.2,h264,480,360,288705,25.0,23,1033,0,1056,216154,1306770,0,1522924,mpeg4,242000,25.0,480,360,216820,3.112
1a5f-GbYEaM,157.80167,h264,1280,720,2885589,25.0,72,3873,0,3945,5611970,51306874,0,56918844,mpeg4,242000,29.97,320,240,216020,4.52
2pet-NcSXvY,37.011665,h264,1280,720,2759449,29.0,21,1088,0,1109,1899633,10866846,0,12766479,flv,242000,12.0,1280,720,219480,5.484
3fmy-4uvR9U,143.03334,mpeg4,176,144,51082,12.0,31,1685,0,1716,56405,856907,0,913312,h264,242000,24.0,1920,1080,618784,50.255
1hEL-mcI-tM,304.927,vp8,320,240,134334,25.075659,82,7541,0,7623,833754,4286526,0,5120280,h264,539000,25.0,640,480,216820,14.729
0ckO-lUydcc,177.33333,mpeg4,176,144,53707,12.0,37,2091,0,2128,100969,1089548,0,1190517,flv,109000,29.97,640,480,163632,0.632
1KXW-XA6QkQ,255.28,flv,320,240,250276,25.0,110,6272,0,6382,611474,7374864,0,7986338,h264,109000,12.0,320,240,216820,2.924
2Y-k-006Zbs,67.583336,mpeg4,176,144,51225,12.0,15,777,0,792,47585,385164,0,432749,flv,56000,24.0,1280,720,219480,1.2
0Axi-TRoqVA,59.883,vp8,1280,720,994960,30.38983,13,1780,0,1793,481774,6965881,0,7447655,vp8,3000000,12.0,640,480,155028,7.316
1Y-Y-RHCxRQ,189.956,flv,320,240,231296,29.0,97,5597,0,5694,580292,4911734,0,5492026,mpeg4,3000000,24.0,1920,1080,218664,13.529
3ODf-KYiOZw,63.667,h264,640,480,972572,15.0,33,923,0,956,1259657,6480438,0,7740095,vp8,56000,15.0,480,360,219656,6.376
0Axi-TRoqVA,59.883,vp8,1280,720,994960,30.38983,13,1780,0,1793,481774,6965881,0,7447655,h264,109000,29.97,176,144,162588,5.304
1RMD-MxzJn8,64.933,flv,320,240,236793,15.0,39,936,0,975,318954,1603007,0,1921961,mpeg4,539000,12.0,1280,720,217080,3.952
3N6c-uPdNas,69.933,flv,320,240,272898,15.0,37,1013,0,1050,349781,2035796,0,2385577,vp8,3000000,12.0,320,240,219656,2.892
3U8m-ETsTS4,282.56,h264,640,480,559834,25.0,145,6920,0,7065,4966509,14806840,0,19773349,h264,5000000,15.0,320,240,221152,4.064
1oz8-nezz50,225.08,h264,480,360,538452,25.0,113,5515,0,5628,1873408,13275961,0,15149369,h264,56000,25.0,176,144,216820,2.076
4Fob-eSnrb8,1768.9417,mpeg4,176,144,56152,12.0,354,20873,0,21227,1382103,11034284,0,12416387,vp8,242000,25.0,1280,720,221160,10.465
42hr-6A1jYc,311.1,mpeg4,176,144,56416,12.0,113,3620,0,3733,127552,2066350,0,2193902,vp8,5000000,25.0,320,240,221160,1.232
42hr-6A1jYc,311.1,mpeg4,176,144,56416,12.0,113,3620,0,3733,127552,2066350,0,2193902,vp8,242000,12.0,1280,720,221160,7.044
1hEL-mcI-tM,304.927,vp8,320,240,134334,25.075659,82,7541,0,7623,833754,4286526,0,5120280,mpeg4,820000,24.0,320,240,216820,2.032
2kFF-0kB_4w,339.667,h264,640,480,257699,30.0,181,10010,0,10191,10121223,820261,0,10941484,vp8,56000,24.0,1920,1080,219480,30.894
3o_2-igmsyo,440.967,h264,320,240,281642,30.0,236,12994,0,13230,2444863,13079542,0,15524405,flv,539000,29.97,1280,720,46256,3.388
1Y-Y-RHCxRQ,189.956,flv,320,240,231296,29.0,97,5597,0,5694,580292,4911734,0,5492026,h264,820000,24.0,640,480,218664,16.261
04t6-jw9czg,130.35667,mpeg4,176,144,54590,12.0,27,1537,0,1564,64483,825054,0,889537,h264,56000,12.0,176,144,61376,1.3
3U8m-ETsTS4,282.56,h264,640,480,559834,25.0,145,6920,0,7065,4966509,14806840,0,19773349,vp8,242000,12.0,480,360,221152,3.688
0QZJN4yTbbU,34.168,vp8,480,360,186895,30.029411,16,1005,0,1021,238485,559745,0,798230,flv,3000000,15.0,480,360,165700,0.86
2SkA-cUEaJ0,490.6,h264,480,360,300437,25.0,256,12010,0,12266,1448177,16976151,0,18424328,flv,56000,25.0,320,240,219480,0.984
1Nc0-MKuExg,107.443,vp8,480,360,320011,30.093458,30,3190,0,3220,671936,3625932,0,4297868,mpeg4,5000000,29.97,640,480,216820,6.432
_2al-ZI1Wss,74.535,mpeg4,176,144,55305,12.0,15,879,0,894,23996,491276,0,515272,vp8,242000,24.0,1280,720,219200,8.401
2Y-k-006Zbs,67.583336,mpeg4,176,144,51225,12.0,15,777,0,792,47585,385164,0,432749,h264,242000,15.0,320,240,219480,2.888
28BV-NZV3C8,326.58832,h264,1920,1080,5999648,23.0,174,7656,0,7830,16603953,228322925,0,244926878,mpeg4,820000,25.0,176,144,218932,8.621
3U8m-ETsTS4,282.56,h264,640,480,559834,25.0,145,6920,0,7065,4966509,14806840,0,19773349,flv,539000,15.0,1920,1080,221152,3.976
1ZzJ-T2FJAw,250.017,h264,320,240,153059,29.0,128,7366,0,7494,856855,3926589,0,4783444,flv,56000,29.97,320,240,218900,0.696
1G6F-Huj2hY,110.966995,h264,480,360,397112,30.0,59,3271,0,3330,529627,4978664,0,5508291,flv,109000,24.0,1920,1080,216820,6.08
4BJV-yiTcus,254.922,vp8,480,360,260667,30.062992,51,7585,0,7636,918325,7387906,0,8306231,flv,539000,24.0,480,360,221160,1.132
0I0e-5-iR3A,906.5983,mpeg4,176,144,56108,12.0,187,10692,0,10879,597549,5760936,0,6358485,h264,5000000,15.0,480,360,165668,10.465
1YDt-FkeZ4E,98.683334,mpeg4,176,144,55552,12.0,20,1164,0,1184,48267,636993,0,685260,flv,5000000,25.0,1280,720,218136,1.264
0a6_--ZJXTE,290.01666,mpeg4,176,144,52783,12.0,61,3417,0,3478,119325,1794184,0,1913509,vp8,56000,25.0,480,360,130796,2.684
1G6F-Huj2hY,110.966995,h264,480,360,397112,30.0,59,3271,0,3330,529627,4978664,0,5508291,h264,3000000,24.0,176,144,216820,6.332
0a6_--ZJXTE,290.01666,mpeg4,176,144,52783,12.0,61,3417,0,3478,119325,1794184,0,1913509,vp8,109000,15.0,1920,1080,131548,18.813
1LXH-OibJYQ,42.2,h264,480,360,288705,25.0,23,1033,0,1056,216154,1306770,0,1522924,flv,5000000,12.0,480,360,216820,0.78
08EV-X022WI,204.938,h264,480,360,297373,16.0,111,3169,0,3280,1451634,6166260,0,7617894,mpeg4,109000,29.97,1280,720,79400,8.629
2SkA-cUEaJ0,490.6,h264,480,360,300437,25.0,256,12010,0,12266,1448177,16976151,0,18424328,h264,820000,15.0,1920,1080,656352,51.167
2NO0-ve7CKM,1140.349,vp8,1280,720,2394626,30.007017,328,33880,0,34208,20478926,320859863,0,341338789,vp8,56000,24.0,320,240,219480,7.612
0a6_--ZJXTE,290.01666,mpeg4,176,144,52783,12.0,61,3417,0,3478,119325,1794184,0,1913509,flv,5000000,24.0,1280,720,136256,2.028
0Yxo-eU6AjI,326.583,vp8,640,480,1055982,25.039877,102,8061,0,8163,1868804,41239444,0,43108248,flv,5000000,12.0,480,360,215124,1.428
3mWp-QQn-1M,167.39166,h264,1280,720,2207484,24.0,86,3931,0,4017,4369420,41819887,0,46189307,flv,3000000,15.0,1280,720,219656,4.792
0Au5-4UDHco,52.68,h264,480,360,372001,25.0,53,1265,0,1318,870136,1579497,0,2449633,h264,539000,15.0,480,360,155028,10.441
3xUU-YRicZA,131.76,vp8,640,480,104723,25.145039,37,3257,0,3294,945865,778937,0,1724802,mpeg4,242000,15.0,176,144,221152,1.788
2AfTeWTxhIg,645.84,vp8,320,240,95903,25.032558,138,16008,0,16146,1081321,6660941,0,7742262,h264,539000,24.0,480,360,219200,12.425
3xUU-YRicZA,131.76,vp8,640,480,104723,25.145039,37,3257,0,3294,945865,778937,0,1724802,flv,3000000,29.97,480,360,221152,1.136
0Hwk-yGT-M4,714.371,vp8,1280,720,652356,29.981792,143,21264,0,21407,14532530,43720516,0,58253046,flv,820000,15.0,1280,720,165564,3.496
0XTW-dqdT4w,216.55,h264,320,240,291150,29.0,112,6379,0,6491,1789334,6091735,0,7881069,flv,109000,24.0,1920,1080,203844,5.208
2zeL-QQa8Sk,77.233,h264,480,360,382461,30.0,53,2265,0,2318,182297,3510033,0,3692330,mpeg4,242000,25.0,176,144,219480,2.932
1G6F-Huj2hY,110.966995,h264,480,360,397112,30.0,59,3271,0,3330,529627,4978664,0,5508291,vp8,820000,25.0,320,240,216820,4.364
2HTJjLLaFL0,379.32,h264,480,360,181960,25.0,195,9289,0,9484,3392479,5235193,0,8627672,h264,109000,12.0,1920,1080,654292,18.373
2NO0-ve7CKM,1140.349,vp8,1280,720,2394626,30.007017,328,33880,0,34208,20478926,320859863,0,341338789,h264,109000,24.0,640,480,219480,15.221
2kFF-0kB_4w,339.667,h264,640,480,257699,30.0,181,10010,0,10191,10121223,820261,0,10941484,mpeg4,5000000,15.0,640,480,219480,2.3
0OUmDeBapbQ,316.95166,mpeg4,176,144,55396,12.0,64,3739,0,3803,111850,2082902,0,2194752,flv,109000,29.97,320,240,165700,0.364
2kFF-0kB_4w,339.667,h264,640,480,257699,30.0,181,10010,0,10191,10121223,820261,0,10941484,flv,3000000,25.0,176,144,219480,1.16
3N6c-uPdNas,69.933,flv,320,240,272898,15.0,37,1013,0,1050,349781,2035796,0,2385577,h264,3000000,12.0,1280,720,300140,56.856
1hEL-mcI-tM,304.927,vp8,320,240,134334,25.075659,82,7541,0,7623,833754,4286526,0,5120280,mpeg4,539000,12.0,176,144,216820,1.596
0Au5-4UDHco,52.68,h264,480,360,372001,25.0,53,1265,0,1318,870136,1579497,0,2449633,vp8,820000,15.0,1280,720,140080,17.413
1oz8-nezz50,225.08,h264,480,360,538452,25.0,113,5515,0,5628,1873408,13275961,0,15149369,flv,820000,15.0,640,480,216820,1.412
3xUU-YRicZA,131.76,vp8,640,480,104723,25.145039,37,3257,0,3294,945865,778937,0,1724802,flv,539000,12.0,1920,1080,221152,3.124
2ApZ-KZ-pEk,157.891,h264,480,360,406908,29.0,87,4646,0,4733,1776729,6254165,0,8030894,mpeg4,5000000,25.0,1920,1080,219464,14.077
1G6F-Huj2hY,110.966995,h264,480,360,397112,30.0,59,3271,0,3330,529627,4978664,0,5508291,h264,3000000,24.0,480,360,216820,21.593
0ICm-Cu4_aE,476.957,vp8,1280,720,1387100,30.05252,105,14200,0,14305,3487520,79210885,0,82698405,mpeg4,56000,15.0,640,480,165668,3.828
1KXW-XA6QkQ,255.28,flv,320,240,250276,25.0,110,6272,0,6382,611474,7374864,0,7986338,h264,109000,25.0,1920,1080,638820,41.835
3ODf-KYiOZw,63.667,h264,640,480,972572,15.0,33,923,0,956,1259657,6480438,0,7740095,vp8,109000,25.0,1280,720,219656,17.893
3BVV-0I-JlM,33.09,h264,320,240,279173,13.0,22,434,0,456,101794,1052937,0,1154731,flv,242000,12.0,1920,1080,219480,3.452
2u-5-Io725E,426.945,h264,1280,720,1064703,29.0,228,12567,0,12795,11297544,45523691,0,56821235,flv,5000000,25.0,480,360,219480,4.112
22uE-OUUBH8,43.827,flv,320,240,272273,25.0,23,1081,0,1104,137210,1354404,0,1491614,flv,539000,29.97,640,480,218932,1.288
2Y-k-006Zbs,67.583336,mpeg4,176,144,51225,12.0,15,777,0,792,47585,385164,0,432749,vp8,242000,29.97,1280,720,219480,8.397
1tos-YhVzA4,222.53334,h264,480,360,500449,30.0,219,6457,0,6676,2821722,11099102,0,13920824,vp8,5000000,15.0,480,360,217348,4.296
0Axi-TRoqVA,59.883,vp8,1280,720,994960,30.38983,13,1780,0,1793,481774,6965881,0,7447655,mpeg4,5000000,12.0,1280,720,155028,5.34
2tzy-vqeeLY,106.765,h264,1280,720,849586,25.0,66,2603,0,2669,4427240,6911026,0,11338266,h264,109000,12.0,640,480,219480,7.076
3YNh-PI2q64,395.44,vp8,1280,720,1611942,25.027847,80,9806,0,9886,5073258,74605061,0,79678319,flv,539000,29.97,480,360,221160,1.936
1L6x-TgAldY,286.995,h264,480,360,508160,23.0,156,6726,0,6882,2285153,15944803,0,18229956,mpeg4,109000,25.0,480,360,216820,3.588
0XTW-dqdT4w,216.55,h264,320,240,291150,29.0,112,6379,0,6491,1789334,6091735,0,7881069,mpeg4,820000,12.0,1920,1080,183204,6.236
3xGu-rfcH3s,368.32,vp8,640,480,29096,25.02174,74,9134,0,9208,869558,470067,0,1339625,h264,820000,12.0,480,360,221152,1.836
1tos-YhVzA4,222.53334,h264,480,360,500449,30.0,219,6457,0,6676,2821722,11099102,0,13920824,mpeg4,5000000,12.0,1920,1080,217336,7.916
1lkF-VNDcss,458.625,h264,640,480,517364,29.0,245,13501,0,13746,5308581,24350943,0,29659524,vp8,242000,12.0,640,480,216820,4.6
0ckO-lUydcc,177.33333,mpeg4,176,144,53707,12.0,37,2091,0,2128,100969,1089548,0,1190517,mpeg4,820000,24.0,176,144,163024,0.78
3SQY-ZB8hmI,473.0,h264,320,240,164017,25.0,198,10924,704,11826,1419320,8047423,0,9697521,flv,5000000,15.0,320,240,220900,0.772
1tos-YhVzA4,222.53334,h264,480,360,500449,30.0,219,6457,0,6676,2821722,11099102,0,13920824,h264,242000,24.0,1280,720,321392,22.729
3AYz-PCa1aI,391.08,h264,640,480,230847,25.0,209,9569,0,9778,9023743,2261252,0,11284995,flv,820000,15.0,1280,720,219480,2.188
3BVV-0I-JlM,33.09,h264,320,240,279173,13.0,22,434,0,456,101794,1052937,0,1154731,h264,56000,15.0,1280,720,313252,15.721
25TI-jx-cag,176.901,vp8,480,360,26968,25.113636,38,4382,0,4420,393395,202954,0,596349,vp8,5000000,12.0,176,144,218932,1.096
3DRy-Stwt9c,385.052,vp8,1280,720,441862,23.979221,77,9155,0,9232,16244376,5023129,0,21267505,flv,820000,15.0,640,480,219480,1.736
3o_2-igmsyo,440.967,h264,320,240,281642,30.0,236,12994,0,13230,2444863,13079542,0,15524405,vp8,539000,29.97,480,360,219656,4.384
236x-T7D-8g,581.233,h264,480,360,295979,30.0,310,17128,0,17438,10151572,11352574,0,21504146,h264,5000000,29.97,1280,720,325552,72.113
3ojsQWU7XWE,86.486,h264,640,480,356037,29.0,46,2547,0,2593,819680,3029350,0,3849030,flv,539000,25.0,176,144,219656,1.272
0Hwk-yGT-M4,714.371,vp8,1280,720,652356,29.981792,143,21264,0,21407,14532530,43720516,0,58253046,h264,56000,29.97,480,360,165564,9.085
42hr-6A1jYc,311.1,mpeg4,176,144,56416,12.0,113,3620,0,3733,127552,2066350,0,2193902,flv,56000,12.0,480,360,221160,0.448
1a5f-GbYEaM,157.80167,h264,1280,720,2885589,25.0,72,3873,0,3945,5611970,51306874,0,56918844,flv,820000,29.97,1920,1080,216064,8.301
4NcD-WQyXCQ,860.056,vp8,1280,720,2688309,29.968605,277,25496,0,25773,12989828,276022270,0,289012098,mpeg4,109000,25.0,176,144,257864,4.276
0XTW-dqdT4w,216.55,h264,320,240,291150,29.0,112,6379,0,6491,1789334,6091735,0,7881069,mpeg4,539000,12.0,640,480,181352,2.86
3ODf-KYiOZw,63.667,h264,640,480,972572,15.0,33,923,0,956,1259657,6480438,0,7740095,h264,5000000,12.0,320,240,219656,10.793
4b7b-FY4JPI,203.198,flv,320,240,239336,29.0,104,5974,0,6078,853613,5225468,0,6079081,h264,109000,24.0,176,144,221160,1.864
1Vq6-f1kYeM,127.221664,h264,1920,1080,3080852,23.0,70,2980,0,3050,3818903,45174992,0,48993895,vp8,242000,15.0,480,360,217348,10.741
2TXm-QHXCzU,270.655,vp8,640,480,652967,30.062963,89,8028,0,8117,1912240,20178890,0,22091130,mpeg4,242000,12.0,320,240,219480,2.208
4BJV-yiTcus,254.922,vp8,480,360,260667,30.062992,51,7585,0,7636,918325,7387906,0,8306231,mpeg4,109000,12.0,1280,720,221160,3.56
1D3O-16kzhQ,274.541,vp8,480,360,139791,30.029198,58,8170,0,8228,802625,3994697,0,4797322,vp8,539000,29.97,480,360,216820,5.796
2ApZ-KZ-pEk,157.891,h264,480,360,406908,29.0,87,4646,0,4733,1776729,6254165,0,8030894,vp8,109000,24.0,1920,1080,219464,29.626
3ojsQWU7XWE,86.486,h264,640,480,356037,29.0,46,2547,0,2593,819680,3029350,0,3849030,vp8,3000000,29.97,320,240,219656,3.144
1Y-Y-RHCxRQ,189.956,flv,320,240,231296,29.0,97,5597,0,5694,580292,4911734,0,5492026,flv,5000000,24.0,176,144,218664,0.444
2ApZ-KZ-pEk,157.891,h264,480,360,406908,29.0,87,4646,0,4733,1776729,6254165,0,8030894,h264,109000,15.0,320,240,219464,2.9
3mWp-QQn-1M,167.39166,h264,1280,720,2207484,24.0,86,3931,0,4017,4369420,41819887,0,46189307,mpeg4,539000,15.0,640,480,219656,4.768
4b7b-FY4JPI,203.198,flv,320,240,239336,29.0,104,5974,0,6078,853613,5225468,0,6079081,vp8,56000,25.0,1280,720,221160,16.905
2zeL-QQa8Sk,77.233,h264,480,360,382461,30.0,53,2265,0,2318,182297,3510033,0,3692330,flv,3000000,12.0,640,480,219480,1.5
3fpg-LlHcks,273.816,vp8,1920,1080,1571003,25.065933,77,6766,0,6843,6190779,47579961,0,53770740,h264,3000000,24.0,1280,720,357840,71.144
2zeL-QQa8Sk,77.233,h264,480,360,382461,30.0,53,2265,0,2318,182297,3510033,0,3692330,h264,242000,25.0,640,480,219480,14.281
1tos-YhVzA4,222.53334,h264,480,360,500449,30.0,219,6457,0,6676,2821722,11099102,0,13920824,vp8,3000000,29.97,1280,720,217348,24.218
04t6-jw9czg,130.35667,mpeg4,176,144,54590,12.0,27,1537,0,1564,64483,825054,0,889537,flv,109000,29.97,176,144,51636,0.308
3BVV-0I-JlM,33.09,h264,320,240,279173,13.0,22,434,0,456,101794,1052937,0,1154731,mpeg4,56000,25.0,640,480,41956,4.536
3ODf-KYiOZw,63.667,h264,640,480,972572,15.0,33,923,0,956,1259657,6480438,0,7740095,h264,3000000,15.0,176,144,219656,5.2
09oUj9EDIDo,239.14166,h264,480,360,500198,25.0,110,5868,0,5978,1406751,13545526,0,14952277,h264,820000,15.0,1920,1080,675484,67.208
28BV-NZV3C8,326.58832,h264,1920,1080,5999648,23.0,174,7656,0,7830,16603953,228322925,0,244926878,h264,109000,29.97,320,240,218932,13.329
3dI-kJGuWbY,292.092,h264,480,360,480125,29.0,156,8599,0,8755,2375028,15155062,0,17530090,vp8,539000,24.0,320,240,219480,5.224
1Nc0-MKuExg,107.443,vp8,480,360,320011,30.093458,30,3190,0,3220,671936,3625932,0,4297868,mpeg4,820000,24.0,640,480,216820,4.808
04t6-jw9czg,130.35667,mpeg4,176,144,54590,12.0,27,1537,0,1564,64483,825054,0,889537,h264,820000,12.0,480,360,94920,8.753
2zeL-QQa8Sk,77.233,h264,480,360,382461,30.0,53,2265,0,2318,182297,3510033,0,3692330,mpeg4,56000,15.0,1920,1080,219480,8.457
3xGu-rfcH3s,368.32,vp8,640,480,29096,25.02174,74,9134,0,9208,869558,470067,0,1339625,h264,56000,25.0,1280,720,297352,9.805
3ODf-KYiOZw,63.667,h264,640,480,972572,15.0,33,923,0,956,1259657,6480438,0,7740095,vp8,5000000,24.0,320,240,219656,5.576
236x-T7D-8g,581.233,h264,480,360,295979,30.0,310,17128,0,17438,10151572,11352574,0,21504146,flv,539000,24.0,176,144,218932,0.988
3Xyf-6FdtDA,49.178333,mpeg4,176,144,54338,7.0,10,334,0,344,33046,300986,0,334032,vp8,5000000,24.0,1920,1080,221160,9.841
2zeL-QQa8Sk,77.233,h264,480,360,382461,30.0,53,2265,0,2318,182297,3510033,0,3692330,vp8,539000,25.0,320,240,219480,3.96
1hEL-mcI-tM,304.927,vp8,320,240,134334,25.075659,82,7541,0,7623,833754,4286526,0,5120280,flv,56000,24.0,176,144,216820,0.592
1tos-YhVzA4,222.53334,h264,480,360,500449,30.0,219,6457,0,6676,2821722,11099102,0,13920824,vp8,820000,12.0,640,480,217336,5.776
4keb-__zqyQ,452.689,vp8,320,240,66680,5.7057524,42,2537,0,2579,207037,3566163,0,3773200,flv,242000,29.97,176,144,248108,0.56
3-Wy-Ftbd40,69.93833,mpeg4,176,144,56717,12.0,14,825,0,839,47521,448322,0,495843,mpeg4,3000000,25.0,320,240,221152,1.416
3fmy-4uvR9U,143.03334,mpeg4,176,144,51082,12.0,31,1685,0,1716,56405,856907,0,913312,h264,820000,29.97,176,144,219656,3.34
1RGh-RmYxHY,217.518,h264,480,360,83054,29.0,112,6408,0,6520,406683,1851539,0,2258222,mpeg4,109000,29.97,1920,1080,216820,15.149
1KXW-XA6QkQ,255.28,flv,320,240,250276,25.0,110,6272,0,6382,611474,7374864,0,7986338,flv,242000,29.97,640,480,216820,1.056
0ICm-Cu4_aE,476.957,vp8,1280,720,1387100,30.05252,105,14200,0,14305,3487520,79210885,0,82698405,vp8,242000,29.97,1280,720,165700,18.449
3YNh-PI2q64,395.44,vp8,1280,720,1611942,25.027847,80,9806,0,9886,5073258,74605061,0,79678319,mpeg4,3000000,24.0,1280,720,221160,7.936
3BVV-0I-JlM,33.09,h264,320,240,279173,13.0,22,434,0,456,101794,1052937,0,1154731,h264,242000,25.0,480,360,219480,8.345
2NO0-ve7CKM,1140.349,vp8,1280,720,2394626,30.007017,328,33880,0,34208,20478926,320859863,0,341338789,vp8,539000,29.97,480,360,219480,14.441
3U8m-ETsTS4,282.56,h264,640,480,559834,25.0,145,6920,0,7065,4966509,14806840,0,19773349,flv,56000,24.0,480,360,221152,1.332
3dI-kJGuWbY,292.092,h264,480,360,480125,29.0,156,8599,0,8755,2375028,15155062,0,17530090,vp8,5000000,24.0,1280,720,219480,33.974
0QZJN4yTbbU,34.168,vp8,480,360,186895,30.029411,16,1005,0,1021,238485,559745,0,798230,mpeg4,5000000,12.0,320,240,165700,1.504
1a5f-GbYEaM,157.80167,h264,1280,720,2885589,25.0,72,3873,0,3945,5611970,51306874,0,56918844,h264,539000,25.0,1920,1080,691444,60.576
1lkF-VNDcss,458.625,h264,640,480,517364,29.0,245,13501,0,13746,5308581,24350943,0,29659524,mpeg4,3000000,29.97,320,240,216820,3.22
0Hwk-yGT-M4,714.371,vp8,1280,720,652356,29.981792,143,21264,0,21407,14532530,43720516,0,58253046,flv,820000,24.0,640,480,165564,3.6
4NcD-WQyXCQ,860.056,vp8,1280,720,2688309,29.968605,277,25496,0,25773,12989828,276022270,0,289012098,vp8,242000,12.0,1920,1080,262060,34.858
4b7b-FY4JPI,203.198,flv,320,240,239336,29.0,104,5974,0,6078,853613,5225468,0,6079081,mpeg4,3000000,29.97,320,240,221160,2.052
0Axi-TRoqVA,59.883,vp8,1280,720,994960,30.38983,13,1780,0,1793,481774,6965881,0,7447655,flv,56000,12.0,1920,1080,158752,5.7
3mWp-QQn-1M,167.39166,h264,1280,720,2207484,24.0,86,3931,0,4017,4369420,41819887,0,46189307,h264,3000000,15.0,640,480,219656,29.15
2u-5-Io725E,426.945,h264,1280,720,1064703,29.0,228,12567,0,12795,11297544,45523691,0,56821235,h264,820000,24.0,480,360,219480,15.469
_2al-ZI1Wss,74.535,mpeg4,176,144,55305,12.0,15,879,0,894,23996,491276,0,515272,flv,242000,15.0,176,144,219464,0.32
2kFF-0kB_4w,339.667,h264,640,480,257699,30.0,181,10010,0,10191,10121223,820261,0,10941484,flv,5000000,15.0,640,480,219480,1.216
2AfTeWTxhIg,645.84,vp8,320,240,95903,25.032558,138,16008,0,16146,1081321,6660941,0,7742262,flv,539000,29.97,480,360,219200,1.064
1D3O-16kzhQ,274.541,vp8,480,360,139791,30.029198,58,8170,0,8228,802625,3994697,0,4797322,h264,109000,29.97,640,480,216820,10.189
0_VA-rJgmMI,750.433,vp8,1280,720,794075,13.482667,81,10031,0,10112,3852576,70635013,0,74487589,mpeg4,3000000,15.0,640,480,165700,3.28
2kFF-0kB_4w,339.667,h264,640,480,257699,30.0,181,10010,0,10191,10121223,820261,0,10941484,mpeg4,3000000,25.0,480,360,219480,3.424
1D3O-16kzhQ,274.541,vp8,480,360,139791,30.029198,58,8170,0,8228,802625,3994697,0,4797322,flv,539000,25.0,1920,1080,216820,5.5
1RGh-RmYxHY,217.518,h264,480,360,83054,29.0,112,6408,0,6520,406683,1851539,0,2258222,h264,242000,15.0,1920,1080,650288,29.25
3Wdg-dsGihA,340.424,flv,320,240,244491,11.0,69,4012,0,4081,1168939,9234909,0,10403848,flv,539000,24.0,640,480,221152,0.68
08EV-X022WI,204.938,h264,480,360,297373,16.0,111,3169,0,3280,1451634,6166260,0,7617894,vp8,5000000,25.0,1920,1080,98768,26.51
1L6x-TgAldY,286.995,h264,480,360,508160,23.0,156,6726,0,6882,2285153,15944803,0,18229956,h264,539000,25.0,320,240,216820,7.864
0ICm-Cu4_aE,476.957,vp8,1280,720,1387100,30.05252,105,14200,0,14305,3487520,79210885,0,82698405,mpeg4,242000,25.0,480,360,165668,4.432
3BVV-0I-JlM,33.09,h264,320,240,279173,13.0,22,434,0,456,101794,1052937,0,1154731,h264,539000,24.0,1280,720,312768,32.886
1LXH-OibJYQ,42.2,h264,480,360,288705,25.0,23,1033,0,1056,216154,1306770,0,1522924,vp8,242000,25.0,320,240,216820,2.8
3N6c-uPdNas,69.933,flv,320,240,272898,15.0,37,1013,0,1050,349781,2035796,0,2385577,vp8,242000,24.0,320,240,219656,2.908
25TI-jx-cag,176.901,vp8,480,360,26968,25.113636,38,4382,0,4420,393395,202954,0,596349,mpeg4,3000000,12.0,640,480,218932,2.104
3-Wy-Ftbd40,69.93833,mpeg4,176,144,56717,12.0,14,825,0,839,47521,448322,0,495843,mpeg4,5000000,25.0,1920,1080,221152,12.069
2Y-k-006Zbs,67.583336,mpeg4,176,144,51225,12.0,15,777,0,792,47585,385164,0,432749,h264,3000000,15.0,320,240,219480,4.58
0Axi-TRoqVA,59.883,vp8,1280,720,994960,30.38983,13,1780,0,1793,481774,6965881,0,7447655,vp8,539000,15.0,1280,720,155028,12.561
3fmy-4uvR9U,143.03334,mpeg4,176,144,51082,12.0,31,1685,0,1716,56405,856907,0,913312,h264,5000000,25.0,640,480,219656,23.241
25TI-jx-cag,176.901,vp8,480,360,26968,25.113636,38,4382,0,4420,393395,202954,0,596349,h264,3000000,15.0,320,240,218932,1.156
0Axi-TRoqVA,59.883,vp8,1280,720,994960,30.38983,13,1780,0,1793,481774,6965881,0,7447655,vp8,3000000,15.0,480,360,155296,6.232
1KXW-XA6QkQ,255.28,flv,320,240,250276,25.0,110,6272,0,6382,611474,7374864,0,7986338,vp8,109000,25.0,1920,1080,216820,32.698
3AYz-PCa1aI,391.08,h264,640,480,230847,25.0,209,9569,0,9778,9023743,2261252,0,11284995,h264,3000000,29.97,480,360,219480,6.768
1G6F-Huj2hY,110.966995,h264,480,360,397112,30.0,59,3271,0,3330,529627,4978664,0,5508291,flv,242000,25.0,176,144,216820,1.116
3N6c-uPdNas,69.933,flv,320,240,272898,15.0,37,1013,0,1050,349781,2035796,0,2385577,flv,820000,25.0,640,480,219656,0.912
2u-5-Io725E,426.945,h264,1280,720,1064703,29.0,228,12567,0,12795,11297544,45523691,0,56821235,vp8,539000,12.0,480,360,219480,6.628
3mWp-QQn-1M,167.39166,h264,1280,720,2207484,24.0,86,3931,0,4017,4369420,41819887,0,46189307,h264,3000000,24.0,480,360,219656,27.018
4Fob-eSnrb8,1768.9417,mpeg4,176,144,56152,12.0,354,20873,0,21227,1382103,11034284,0,12416387,vp8,820000,24.0,1280,720,223004,14.509
3mWp-QQn-1M,167.39166,h264,1280,720,2207484,24.0,86,3931,0,4017,4369420,41819887,0,46189307,h264,5000000,15.0,480,360,219656,24.554
3_fF9rtYCQ0,256.20834,mpeg4,176,144,57565,12.0,56,3018,0,3074,302900,1540700,0,1843600,vp8,56000,12.0,1920,1080,219480,14.273
4BJV-yiTcus,254.922,vp8,480,360,260667,30.062992,51,7585,0,7636,918325,7387906,0,8306231,flv,820000,29.97,480,360,221160,1.268
08EV-X022WI,204.938,h264,480,360,297373,16.0,111,3169,0,3280,1451634,6166260,0,7617894,h264,56000,25.0,640,480,143560,6.492
2TXm-QHXCzU,270.655,vp8,640,480,652967,30.062963,89,8028,0,8117,1912240,20178890,0,22091130,h264,56000,29.97,176,144,219480,3.436
1KXW-XA6QkQ,255.28,flv,320,240,250276,25.0,110,6272,0,6382,611474,7374864,0,7986338,h264,5000000,24.0,480,360,216820,23.777
0I0e-5-iR3A,906.5983,mpeg4,176,144,56108,12.0,187,10692,0,10879,597549,5760936,0,6358485,vp8,56000,25.0,176,144,165668,1.052
04t6-jw9czg,130.35667,mpeg4,176,144,54590,12.0,27,1537,0,1564,64483,825054,0,889537,vp8,539000,24.0,480,360,41996,5.076
3DRy-Stwt9c,385.052,vp8,1280,720,441862,23.979221,77,9155,0,9232,16244376,5023129,0,21267505,mpeg4,5000000,29.97,480,360,219480,4.04
42hr-6A1jYc,311.1,mpeg4,176,144,56416,12.0,113,3620,0,3733,127552,2066350,0,2193902,mpeg4,242000,12.0,320,240,221160,0.952
1LXH-OibJYQ,42.2,h264,480,360,288705,25.0,23,1033,0,1056,216154,1306770,0,1522924,h264,539000,29.97,320,240,216820,4.984
WoGb-PzcMJs,34.32,vp8,1280,720,2970157,30.147058,11,1014,0,1025,598715,12143258,0,12741973,h264,56000,25.0,480,360,110500,11.613
3xGu-rfcH3s,368.32,vp8,640,480,29096,25.02174,74,9134,0,9208,869558,470067,0,1339625,vp8,242000,24.0,176,144,221152,1.396
2AfTeWTxhIg,645.84,vp8,320,240,95903,25.032558,138,16008,0,16146,1081321,6660941,0,7742262,mpeg4,5000000,12.0,320,240,218932,1.812
3xGu-rfcH3s,368.32,vp8,640,480,29096,25.02174,74,9134,0,9208,869558,470067,0,1339625,h264,5000000,24.0,640,480,221152,4.232
0Yxo-eU6AjI,326.583,vp8,640,480,1055982,25.039877,102,8061,0,8163,1868804,41239444,0,43108248,vp8,820000,25.0,480,360,212880,7.916
1D3O-16kzhQ,274.541,vp8,480,360,139791,30.029198,58,8170,0,8228,802625,3994697,0,4797322,vp8,820000,29.97,176,144,216820,1.94
1LXH-OibJYQ,42.2,h264,480,360,288705,25.0,23,1033,0,1056,216154,1306770,0,1522924,mpeg4,109000,12.0,640,480,216820,2.192
2pet-NcSXvY,37.011665,h264,1280,720,2759449,29.0,21,1088,0,1109,1899633,10866846,0,12766479,vp8,820000,12.0,1280,720,219480,23.357
0I0e-5-iR3A,906.5983,mpeg4,176,144,56108,12.0,187,10692,0,10879,597549,5760936,0,6358485,flv,5000000,25.0,480,360,165668,0.62
15fr-zSdCqg,39.055,h264,1920,1080,5992818,30.0,26,1144,0,1170,839251,28416939,0,29256190,mpeg4,242000,25.0,176,144,215848,9.837
15fr-zSdCqg,39.055,h264,1920,1080,5992818,30.0,26,1144,0,1170,839251,28416939,0,29256190,vp8,3000000,25.0,176,144,215940,10.117
0a6_--ZJXTE,290.01666,mpeg4,176,144,52783,12.0,61,3417,0,3478,119325,1794184,0,1913509,vp8,3000000,24.0,320,240,134476,2.72
0a6_--ZJXTE,290.01666,mpeg4,176,144,52783,12.0,61,3417,0,3478,119325,1794184,0,1913509,flv,242000,29.97,1280,720,136036,1.46
1Vq6-f1kYeM,127.221664,h264,1920,1080,3080852,23.0,70,2980,0,3050,3818903,45174992,0,48993895,mpeg4,109000,25.0,1920,1080,217348,15.873
0ICm-Cu4_aE,476.957,vp8,1280,720,1387100,30.05252,105,14200,0,14305,3487520,79210885,0,82698405,flv,5000000,15.0,1920,1080,165700,6.94
3YNh-PI2q64,395.44,vp8,1280,720,1611942,25.027847,80,9806,0,9886,5073258,74605061,0,79678319,mpeg4,56000,12.0,480,360,221160,2.284
1RMD-MxzJn8,64.933,flv,320,240,236793,15.0,39,936,0,975,318954,1603007,0,1921961,vp8,820000,12.0,1920,1080,217080,23.229
3fmy-4uvR9U,143.03334,mpeg4,176,144,51082,12.0,31,1685,0,1716,56405,856907,0,913312,mpeg4,820000,25.0,1280,720,219480,6.412
_2al-ZI1Wss,74.535,mpeg4,176,144,55305,12.0,15,879,0,894,23996,491276,0,515272,vp8,539000,15.0,176,144,219200,0.96
236x-T7D-8g,581.233,h264,480,360,295979,30.0,310,17128,0,17438,10151572,11352574,0,21504146,vp8,3000000,12.0,176,144,218932,1.768
15fr-zSdCqg,39.055,h264,1920,1080,5992818,30.0,26,1144,0,1170,839251,28416939,0,29256190,vp8,109000,25.0,1280,720,215848,26.514
2NO0-ve7CKM,1140.349,vp8,1280,720,2394626,30.007017,328,33880,0,34208,20478926,320859863,0,341338789,vp8,242000,24.0,1920,1080,219480,46.487
3dI-kJGuWbY,292.092,h264,480,360,480125,29.0,156,8599,0,8755,2375028,15155062,0,17530090,flv,242000,25.0,480,360,219480,1.416
3xGu-rfcH3s,368.32,vp8,640,480,29096,25.02174,74,9134,0,9208,869558,470067,0,1339625,mpeg4,5000000,24.0,640,480,221152,3.448
3DRy-Stwt9c,385.052,vp8,1280,720,441862,23.979221,77,9155,0,9232,16244376,5023129,0,21267505,mpeg4,242000,25.0,1280,720,219480,8.121
2tzy-vqeeLY,106.765,h264,1280,720,849586,25.0,66,2603,0,2669,4427240,6911026,0,11338266,flv,109000,12.0,1280,720,219480,2.808
1YDt-FkeZ4E,98.683334,mpeg4,176,144,55552,12.0,20,1164,0,1184,48267,636993,0,685260,vp8,820000,29.97,176,144,217880,0.716
15fr-zSdCqg,39.055,h264,1920,1080,5992818,30.0,26,1144,0,1170,839251,28416939,0,29256190,flv,5000000,24.0,1280,720,216020,11.249
1LXH-OibJYQ,42.2,h264,480,360,288705,25.0,23,1033,0,1056,216154,1306770,0,1522924,mpeg4,242000,25.0,640,480,216820,4.48
2AfTeWTxhIg,645.84,vp8,320,240,95903,25.032558,138,16008,0,16146,1081321,6660941,0,7742262,flv,5000000,24.0,320,240,219200,0.748
3BVV-0I-JlM,33.09,h264,320,240,279173,13.0,22,434,0,456,101794,1052937,0,1154731,mpeg4,5000000,12.0,480,360,219480,2.78
1G6F-Huj2hY,110.966995,h264,480,360,397112,30.0,59,3271,0,3330,529627,4978664,0,5508291,h264,5000000,29.97,1920,1080,644544,182.563
2NO0-ve7CKM,1140.349,vp8,1280,720,2394626,30.007017,328,33880,0,34208,20478926,320859863,0,341338789,flv,5000000,25.0,480,360,219480,4.712
0_VA-rJgmMI,750.433,vp8,1280,720,794075,13.482667,81,10031,0,10112,3852576,70635013,0,74487589,h264,5000000,24.0,480,360,175336,10.837
4b7b-FY4JPI,203.198,flv,320,240,239336,29.0,104,5974,0,6078,853613,5225468,0,6079081,vp8,3000000,29.97,640,480,221160,14.389
2ApZ-KZ-pEk,157.891,h264,480,360,406908,29.0,87,4646,0,4733,1776729,6254165,0,8030894,vp8,56000,15.0,480,360,219464,3.94
2NO0-ve7CKM,1140.349,vp8,1280,720,2394626,30.007017,328,33880,0,34208,20478926,320859863,0,341338789,flv,3000000,29.97,1280,720,219480,5.828
0XTW-dqdT4w,216.55,h264,320,240,291150,29.0,112,6379,0,6491,1789334,6091735,0,7881069,vp8,3000000,24.0,1280,720,199280,19.369
2tzy-vqeeLY,106.765,h264,1280,720,849586,25.0,66,2603,0,2669,4427240,6911026,0,11338266,h264,242000,24.0,1280,720,346556,21.845
1LXH-OibJYQ,42.2,h264,480,360,288705,25.0,23,1033,0,1056,216154,1306770,0,1522924,h264,3000000,25.0,1920,1080,665260,74.801
3_fF9rtYCQ0,256.20834,mpeg4,176,144,57565,12.0,56,3018,0,3074,302900,1540700,0,1843600,h264,242000,29.97,320,240,219480,4.096
1LXH-OibJYQ,42.2,h264,480,360,288705,25.0,23,1033,0,1056,216154,1306770,0,1522924,h264,109000,29.97,480,360,216820,5.784
0Yxo-eU6AjI,326.583,vp8,640,480,1055982,25.039877,102,8061,0,8163,1868804,41239444,0,43108248,mpeg4,5000000,12.0,176,144,212772,1.844
3ojsQWU7XWE,86.486,h264,640,480,356037,29.0,46,2547,0,2593,819680,3029350,0,3849030,mpeg4,5000000,15.0,1280,720,219656,5.412
09oUj9EDIDo,239.14166,h264,480,360,500198,25.0,110,5868,0,5978,1406751,13545526,0,14952277,mpeg4,820000,24.0,176,144,97176,1.728
3o_2-igmsyo,440.967,h264,320,240,281642,30.0,236,12994,0,13230,2444863,13079542,0,15524405,mpeg4,3000000,29.97,640,480,219656,5.176
3-Wy-Ftbd40,69.93833,mpeg4,176,144,56717,12.0,14,825,0,839,47521,448322,0,495843,mpeg4,820000,29.97,480,360,221152,2.564
08EV-X022WI,204.938,h264,480,360,297373,16.0,111,3169,0,3280,1451634,6166260,0,7617894,h264,56000,15.0,1280,720,320848,9.801
6MfG-75lVGw,2789.277,vp8,1280,720,2209320,30.002869,942,82736,0,83678,52581797,717719011,0,770300808,vp8,56000,29.97,640,480,39460,16.217
0_VA-rJgmMI,750.433,vp8,1280,720,794075,13.482667,81,10031,0,10112,3852576,70635013,0,74487589,h264,109000,12.0,480,360,166736,4.86
0XTW-dqdT4w,216.55,h264,320,240,291150,29.0,112,6379,0,6491,1789334,6091735,0,7881069,flv,820000,29.97,176,144,207996,0.728
09oUj9EDIDo,239.14166,h264,480,360,500198,25.0,110,5868,0,5978,1406751,13545526,0,14952277,flv,242000,29.97,1920,1080,112416,6.06
08EV-X022WI,204.938,h264,480,360,297373,16.0,111,3169,0,3280,1451634,6166260,0,7617894,h264,56000,15.0,320,240,90560,2.116
3dI-kJGuWbY,292.092,h264,480,360,480125,29.0,156,8599,0,8755,2375028,15155062,0,17530090,h264,5000000,29.97,176,144,219480,7.464
0XTW-dqdT4w,216.55,h264,320,240,291150,29.0,112,6379,0,6491,1789334,6091735,0,7881069,h264,5000000,29.97,480,360,212576,14.193
1KXW-XA6QkQ,255.28,flv,320,240,250276,25.0,110,6272,0,6382,611474,7374864,0,7986338,h264,539000,29.97,1920,1080,638372,72.461
15fr-zSdCqg,39.055,h264,1920,1080,5992818,30.0,26,1144,0,1170,839251,28416939,0,29256190,h264,109000,15.0,320,240,216020,13.993
3fmy-4uvR9U,143.03334,mpeg4,176,144,51082,12.0,31,1685,0,1716,56405,856907,0,913312,mpeg4,820000,25.0,1920,1080,219480,12.261
_2al-ZI1Wss,74.535,mpeg4,176,144,55305,12.0,15,879,0,894,23996,491276,0,515272,flv,242000,15.0,1920,1080,219464,2.632
1Nc0-MKuExg,107.443,vp8,480,360,320011,30.093458,30,3190,0,3220,671936,3625932,0,4297868,flv,242000,29.97,1280,720,216820,3.444
42hr-6A1jYc,311.1,mpeg4,176,144,56416,12.0,113,3620,0,3733,127552,2066350,0,2193902,h264,56000,24.0,640,480,221160,5.38
4BJV-yiTcus,254.922,vp8,480,360,260667,30.062992,51,7585,0,7636,918325,7387906,0,8306231,h264,109000,15.0,176,144,221160,2.212
3Wdg-dsGihA,340.424,flv,320,240,244491,11.0,69,4012,0,4081,1168939,9234909,0,10403848,flv,3000000,15.0,176,144,221152,0.332
_2al-ZI1Wss,74.535,mpeg4,176,144,55305,12.0,15,879,0,894,23996,491276,0,515272,flv,242000,25.0,1280,720,219464,1.268
28BV-NZV3C8,326.58832,h264,1920,1080,5999648,23.0,174,7656,0,7830,16603953,228322925,0,244926878,h264,242000,29.97,640,480,218932,23.645
2HTJjLLaFL0,379.32,h264,480,360,181960,25.0,195,9289,0,9484,3392479,5235193,0,8627672,vp8,3000000,15.0,480,360,219480,2.66
2ApZ-KZ-pEk,157.891,h264,480,360,406908,29.0,87,4646,0,4733,1776729,6254165,0,8030894,h264,242000,24.0,1280,720,328536,22.425
04t6-jw9czg,130.35667,mpeg4,176,144,54590,12.0,27,1537,0,1564,64483,825054,0,889537,mpeg4,3000000,15.0,1920,1080,102080,9.013
1s9d-jTKyUw,448.575,vp8,1280,720,2052426,30.002232,92,13349,0,13441,9132637,105950761,0,115083398,flv,109000,12.0,320,240,217080,3.752
1a5f-GbYEaM,157.80167,h264,1280,720,2885589,25.0,72,3873,0,3945,5611970,51306874,0,56918844,vp8,5000000,29.97,480,360,216056,9.877
25TI-jx-cag,176.901,vp8,480,360,26968,25.113636,38,4382,0,4420,393395,202954,0,596349,flv,5000000,25.0,480,360,218932,0.688
2pet-NcSXvY,37.011665,h264,1280,720,2759449,29.0,21,1088,0,1109,1899633,10866846,0,12766479,flv,109000,25.0,1280,720,219480,6.204
f5OZ-LjgAVw,257.52,h264,480,360,341332,25.0,138,6301,0,6439,3947700,7039798,0,10987498,vp8,242000,25.0,320,240,41016,2.84
2ApZ-KZ-pEk,157.891,h264,480,360,406908,29.0,87,4646,0,4733,1776729,6254165,0,8030894,h264,5000000,12.0,480,360,219464,7.904
3HVJ-p8L33A,163.897,flv,320,240,267032,29.0,87,4826,0,4913,824159,4646573,0,5470732,flv,3000000,12.0,640,480,219656,1.056
46oD-rS6PC8,95.462,h264,640,480,809256,29.0,51,2811,0,2862,886496,8770159,0,9656655,flv,56000,24.0,176,144,221160,1.596
3xUU-YRicZA,131.76,vp8,640,480,104723,25.145039,37,3257,0,3294,945865,778937,0,1724802,flv,56000,29.97,176,144,221152,0.816
4keb-__zqyQ,452.689,vp8,320,240,66680,5.7057524,42,2537,0,2579,207037,3566163,0,3773200,vp8,820000,24.0,1280,720,248092,17.341
1G6F-Huj2hY,110.966995,h264,480,360,397112,30.0,59,3271,0,3330,529627,4978664,0,5508291,h264,820000,29.97,640,480,216820,28.05
3SQY-ZB8hmI,473.0,h264,320,240,164017,25.0,198,10924,704,11826,1419320,8047423,0,9697521,mpeg4,539000,24.0,1920,1080,219656,12.721
1RGh-RmYxHY,217.518,h264,480,360,83054,29.0,112,6408,0,6520,406683,1851539,0,2258222,mpeg4,56000,12.0,640,480,216820,2.468
2SkA-cUEaJ0,490.6,h264,480,360,300437,25.0,256,12010,0,12266,1448177,16976151,0,18424328,vp8,539000,24.0,176,144,219480,2.56
3BVV-0I-JlM,33.09,h264,320,240,279173,13.0,22,434,0,456,101794,1052937,0,1154731,flv,5000000,29.97,1920,1080,219480,4.276
08EV-X022WI,204.938,h264,480,360,297373,16.0,111,3169,0,3280,1451634,6166260,0,7617894,mpeg4,242000,15.0,176,144,79412,1.528
0XTW-dqdT4w,216.55,h264,320,240,291150,29.0,112,6379,0,6491,1789334,6091735,0,7881069,mpeg4,242000,15.0,176,144,180080,1.604
28BV-NZV3C8,326.58832,h264,1920,1080,5999648,23.0,174,7656,0,7830,16603953,228322925,0,244926878,mpeg4,3000000,24.0,176,144,218932,8.621
1WrA-SRsgEk,384.451,h264,640,480,646432,29.0,205,11318,0,11523,2839955,28225248,0,31065203,flv,820000,29.97,640,480,217828,1.968
3YNh-PI2q64,395.44,vp8,1280,720,1611942,25.027847,80,9806,0,9886,5073258,74605061,0,79678319,mpeg4,820000,15.0,1280,720,221160,5.096
0ckO-lUydcc,177.33333,mpeg4,176,144,53707,12.0,37,2091,0,2128,100969,1089548,0,1190517,flv,820000,25.0,640,480,163632,0.728
22uE-OUUBH8,43.827,flv,320,240,272273,25.0,23,1081,0,1104,137210,1354404,0,1491614,flv,539000,29.97,1920,1080,218932,6.404
1oz8-nezz50,225.08,h264,480,360,538452,25.0,113,5515,0,5628,1873408,13275961,0,15149369,flv,3000000,25.0,176,144,216820,0.96
1s9d-jTKyUw,448.575,vp8,1280,720,2052426,30.002232,92,13349,0,13441,9132637,105950761,0,115083398,h264,5000000,12.0,640,480,217080,30.214
15fr-zSdCqg,39.055,h264,1920,1080,5992818,30.0,26,1144,0,1170,839251,28416939,0,29256190,flv,242000,25.0,176,144,216020,9.821
2u-5-Io725E,426.945,h264,1280,720,1064703,29.0,228,12567,0,12795,11297544,45523691,0,56821235,h264,56000,29.97,480,360,219480,8.849
1WrA-SRsgEk,384.451,h264,640,480,646432,29.0,205,11318,0,11523,2839955,28225248,0,31065203,flv,820000,25.0,1280,720,217828,3.596
0QZJN4yTbbU,34.168,vp8,480,360,186895,30.029411,16,1005,0,1021,238485,559745,0,798230,flv,56000,15.0,1280,720,165700,2.208
1oz8-nezz50,225.08,h264,480,360,538452,25.0,113,5515,0,5628,1873408,13275961,0,15149369,h264,242000,15.0,1920,1080,648668,32.33
3DRy-Stwt9c,385.052,vp8,1280,720,441862,23.979221,77,9155,0,9232,16244376,5023129,0,21267505,mpeg4,5000000,25.0,320,240,219480,3.08
3HVJ-p8L33A,163.897,flv,320,240,267032,29.0,87,4826,0,4913,824159,4646573,0,5470732,mpeg4,3000000,12.0,1920,1080,219656,7.328
1G6F-Huj2hY,110.966995,h264,480,360,397112,30.0,59,3271,0,3330,529627,4978664,0,5508291,flv,820000,25.0,640,480,216820,1.776
0Hwk-yGT-M4,714.371,vp8,1280,720,652356,29.981792,143,21264,0,21407,14532530,43720516,0,58253046,flv,242000,15.0,1280,720,165556,3.556
1YDt-FkeZ4E,98.683334,mpeg4,176,144,55552,12.0,20,1164,0,1184,48267,636993,0,685260,mpeg4,5000000,24.0,176,144,217868,0.812
1L6x-TgAldY,286.995,h264,480,360,508160,23.0,156,6726,0,6882,2285153,15944803,0,18229956,vp8,539000,15.0,1920,1080,216820,28.19
22uE-OUUBH8,43.827,flv,320,240,272273,25.0,23,1081,0,1104,137210,1354404,0,1491614,h264,109000,24.0,480,360,218932,7.208
2AfTeWTxhIg,645.84,vp8,320,240,95903,25.032558,138,16008,0,16146,1081321,6660941,0,7742262,flv,109000,25.0,480,360,219200,0.952
1a5f-GbYEaM,157.80167,h264,1280,720,2885589,25.0,72,3873,0,3945,5611970,51306874,0,56918844,h264,109000,15.0,320,240,216064,5.916
2NO0-ve7CKM,1140.349,vp8,1280,720,2394626,30.007017,328,33880,0,34208,20478926,320859863,0,341338789,vp8,539000,12.0,1280,720,219480,19.085
1a5f-GbYEaM,157.80167,h264,1280,720,2885589,25.0,72,3873,0,3945,5611970,51306874,0,56918844,mpeg4,5000000,12.0,640,480,216020,4.784
_2al-ZI1Wss,74.535,mpeg4,176,144,55305,12.0,15,879,0,894,23996,491276,0,515272,flv,109000,12.0,1280,720,219464,1.296
08EV-X022WI,204.938,h264,480,360,297373,16.0,111,3169,0,3280,1451634,6166260,0,7617894,mpeg4,242000,24.0,480,360,79720,2.844
1s9d-jTKyUw,448.575,vp8,1280,720,2052426,30.002232,92,13349,0,13441,9132637,105950761,0,115083398,vp8,539000,24.0,1280,720,217080,33.794
1oz8-nezz50,225.08,h264,480,360,538452,25.0,113,5515,0,5628,1873408,13275961,0,15149369,flv,5000000,15.0,1280,720,216820,2.616
1D3O-16kzhQ,274.541,vp8,480,360,139791,30.029198,58,8170,0,8228,802625,3994697,0,4797322,flv,3000000,29.97,320,240,216820,1.0
3SQY-ZB8hmI,473.0,h264,320,240,164017,25.0,198,10924,704,11826,1419320,8047423,0,9697521,flv,5000000,12.0,1920,1080,220900,4.628
3BVV-0I-JlM,33.09,h264,320,240,279173,13.0,22,434,0,456,101794,1052937,0,1154731,vp8,109000,29.97,176,144,219480,1.884
3SQY-ZB8hmI,473.0,h264,320,240,164017,25.0,198,10924,704,11826,1419320,8047423,0,9697521,flv,5000000,15.0,1920,1080,220900,5.2
46oD-rS6PC8,95.462,h264,640,480,809256,29.0,51,2811,0,2862,886496,8770159,0,9656655,mpeg4,109000,29.97,320,240,221160,4.052
3Wdg-dsGihA,340.424,flv,320,240,244491,11.0,69,4012,0,4081,1168939,9234909,0,10403848,vp8,3000000,25.0,1920,1080,221152,26.954
3BVV-0I-JlM,33.09,h264,320,240,279173,13.0,22,434,0,456,101794,1052937,0,1154731,mpeg4,109000,29.97,1920,1080,219480,15.585
3YNh-PI2q64,395.44,vp8,1280,720,1611942,25.027847,80,9806,0,9886,5073258,74605061,0,79678319,h264,242000,15.0,320,240,221160,3.548
25TI-jx-cag,176.901,vp8,480,360,26968,25.113636,38,4382,0,4420,393395,202954,0,596349,vp8,56000,15.0,480,360,218932,1.988
0I0e-5-iR3A,906.5983,mpeg4,176,144,56108,12.0,187,10692,0,10879,597549,5760936,0,6358485,h264,109000,15.0,1280,720,317260,14.097
3xUU-YRicZA,131.76,vp8,640,480,104723,25.145039,37,3257,0,3294,945865,778937,0,1724802,mpeg4,56000,15.0,320,240,221152,1.884
4Fob-eSnrb8,1768.9417,mpeg4,176,144,56152,12.0,354,20873,0,21227,1382103,11034284,0,12416387,h264,820000,12.0,640,480,244136,15.233
2kFF-0kB_4w,339.667,h264,640,480,257699,30.0,181,10010,0,10191,10121223,820261,0,10941484,flv,109000,12.0,1280,720,219480,2.24
2SkA-cUEaJ0,490.6,h264,480,360,300437,25.0,256,12010,0,12266,1448177,16976151,0,18424328,flv,3000000,29.97,176,144,219480,0.968
3Wdg-dsGihA,340.424,flv,320,240,244491,11.0,69,4012,0,4081,1168939,9234909,0,10403848,vp8,5000000,15.0,480,360,221152,3.156
4Fob-eSnrb8,1768.9417,mpeg4,176,144,56152,12.0,354,20873,0,21227,1382103,11034284,0,12416387,vp8,3000000,15.0,1280,720,224204,20.173
1Nc0-MKuExg,107.443,vp8,480,360,320011,30.093458,30,3190,0,3220,671936,3625932,0,4297868,vp8,539000,24.0,1920,1080,216820,38.294
04t6-jw9czg,130.35667,mpeg4,176,144,54590,12.0,27,1537,0,1564,64483,825054,0,889537,mpeg4,5000000,24.0,1920,1080,102124,12.029
22uE-OUUBH8,43.827,flv,320,240,272273,25.0,23,1081,0,1104,137210,1354404,0,1491614,vp8,109000,15.0,176,144,218932,1.968
0Hwk-yGT-M4,714.371,vp8,1280,720,652356,29.981792,143,21264,0,21407,14532530,43720516,0,58253046,flv,539000,12.0,480,360,165564,3.16
3DRy-Stwt9c,385.052,vp8,1280,720,441862,23.979221,77,9155,0,9232,16244376,5023129,0,21267505,flv,109000,12.0,640,480,219480,1.564
3Xyf-6FdtDA,49.178333,mpeg4,176,144,54338,7.0,10,334,0,344,33046,300986,0,334032,vp8,242000,24.0,1920,1080,221160,10.493
3Xyf-6FdtDA,49.178333,mpeg4,176,144,54338,7.0,10,334,0,344,33046,300986,0,334032,h264,539000,25.0,176,144,221160,1.532
2HTJjLLaFL0,379.32,h264,480,360,181960,25.0,195,9289,0,9484,3392479,5235193,0,8627672,mpeg4,56000,29.97,640,480,219464,5.024
3mWp-QQn-1M,167.39166,h264,1280,720,2207484,24.0,86,3931,0,4017,4369420,41819887,0,46189307,flv,242000,12.0,640,480,219656,3.78
2kFF-0kB_4w,339.667,h264,640,480,257699,30.0,181,10010,0,10191,10121223,820261,0,10941484,h264,56000,29.97,1920,1080,642068,30.206
2zeL-QQa8Sk,77.233,h264,480,360,382461,30.0,53,2265,0,2318,182297,3510033,0,3692330,vp8,242000,15.0,176,144,219480,2.124
2pet-NcSXvY,37.011665,h264,1280,720,2759449,29.0,21,1088,0,1109,1899633,10866846,0,12766479,h264,3000000,25.0,480,360,219480,27.35
3YNh-PI2q64,395.44,vp8,1280,720,1611942,25.027847,80,9806,0,9886,5073258,74605061,0,79678319,h264,3000000,15.0,1280,720,319112,17.817
0Yxo-eU6AjI,326.583,vp8,640,480,1055982,25.039877,102,8061,0,8163,1868804,41239444,0,43108248,h264,109000,12.0,640,480,215712,8.325
0a6_--ZJXTE,290.01666,mpeg4,176,144,52783,12.0,61,3417,0,3478,119325,1794184,0,1913509,mpeg4,109000,29.97,176,144,125348,0.872
0Yxo-eU6AjI,326.583,vp8,640,480,1055982,25.039877,102,8061,0,8163,1868804,41239444,0,43108248,vp8,242000,24.0,176,144,212772,2.356
3ojsQWU7XWE,86.486,h264,640,480,356037,29.0,46,2547,0,2593,819680,3029350,0,3849030,vp8,5000000,25.0,640,480,219656,5.792
42hr-6A1jYc,311.1,mpeg4,176,144,56416,12.0,113,3620,0,3733,127552,2066350,0,2193902,mpeg4,539000,24.0,1280,720,221160,5.164
3AYz-PCa1aI,391.08,h264,640,480,230847,25.0,209,9569,0,9778,9023743,2261252,0,11284995,vp8,5000000,24.0,320,240,219480,2.036
0a6_--ZJXTE,290.01666,mpeg4,176,144,52783,12.0,61,3417,0,3478,119325,1794184,0,1913509,vp8,109000,25.0,480,360,132172,2.972
4BJV-yiTcus,254.922,vp8,480,360,260667,30.062992,51,7585,0,7636,918325,7387906,0,8306231,h264,242000,15.0,320,240,221160,5.02
1KXW-XA6QkQ,255.28,flv,320,240,250276,25.0,110,6272,0,6382,611474,7374864,0,7986338,mpeg4,820000,24.0,640,480,216820,4.56
236x-T7D-8g,581.233,h264,480,360,295979,30.0,310,17128,0,17438,10151572,11352574,0,21504146,h264,56000,12.0,480,360,218932,4.12
3N6c-uPdNas,69.933,flv,320,240,272898,15.0,37,1013,0,1050,349781,2035796,0,2385577,h264,109000,25.0,1280,720,298492,19.149
08EV-X022WI,204.938,h264,480,360,297373,16.0,111,3169,0,3280,1451634,6166260,0,7617894,h264,539000,15.0,1280,720,321380,19.385
46oD-rS6PC8,95.462,h264,640,480,809256,29.0,51,2811,0,2862,886496,8770159,0,9656655,vp8,56000,24.0,480,360,221160,6.424
0Hwk-yGT-M4,714.371,vp8,1280,720,652356,29.981792,143,21264,0,21407,14532530,43720516,0,58253046,mpeg4,109000,25.0,176,144,164736,3.648
0a6_--ZJXTE,290.01666,mpeg4,176,144,52783,12.0,61,3417,0,3478,119325,1794184,0,1913509,vp8,242000,24.0,1920,1080,132488,18.757
1Y-Y-RHCxRQ,189.956,flv,320,240,231296,29.0,97,5597,0,5694,580292,4911734,0,5492026,flv,3000000,24.0,1280,720,218664,2.896
0_VA-rJgmMI,750.433,vp8,1280,720,794075,13.482667,81,10031,0,10112,3852576,70635013,0,74487589,vp8,539000,29.97,640,480,165700,8.033
25TI-jx-cag,176.901,vp8,480,360,26968,25.113636,38,4382,0,4420,393395,202954,0,596349,mpeg4,109000,12.0,1280,720,218932,3.12
3_fF9rtYCQ0,256.20834,mpeg4,176,144,57565,12.0,56,3018,0,3074,302900,1540700,0,1843600,vp8,56000,12.0,480,360,219480,1.964
2AfTeWTxhIg,645.84,vp8,320,240,95903,25.032558,138,16008,0,16146,1081321,6660941,0,7742262,mpeg4,242000,12.0,176,144,218932,1.528
Bc9W-aF4Svs,104.88333,h264,1280,720,1304107,30.0,63,3083,0,3146,1192574,15904814,0,17097388,h264,539000,29.97,320,240,96828,12.765
22uE-OUUBH8,43.827,flv,320,240,272273,25.0,23,1081,0,1104,137210,1354404,0,1491614,h264,539000,25.0,1280,720,297128,41.187
3xGu-rfcH3s,368.32,vp8,640,480,29096,25.02174,74,9134,0,9208,869558,470067,0,1339625,mpeg4,242000,29.97,480,360,221152,3.536
1D3O-16kzhQ,274.541,vp8,480,360,139791,30.029198,58,8170,0,8228,802625,3994697,0,4797322,vp8,56000,15.0,1280,720,216064,9.649
3ODf-KYiOZw,63.667,h264,640,480,972572,15.0,33,923,0,956,1259657,6480438,0,7740095,mpeg4,539000,29.97,640,480,219656,3.924
0Hwk-yGT-M4,714.371,vp8,1280,720,652356,29.981792,143,21264,0,21407,14532530,43720516,0,58253046,flv,5000000,25.0,640,480,165564,3.98
1lkF-VNDcss,458.625,h264,640,480,517364,29.0,245,13501,0,13746,5308581,24350943,0,29659524,h264,3000000,24.0,320,240,216820,4.924
2zeL-QQa8Sk,77.233,h264,480,360,382461,30.0,53,2265,0,2318,182297,3510033,0,3692330,vp8,109000,24.0,1280,720,219480,14.425
4b7b-FY4JPI,203.198,flv,320,240,239336,29.0,104,5974,0,6078,853613,5225468,0,6079081,vp8,539000,12.0,640,480,221160,6.868
_2al-ZI1Wss,74.535,mpeg4,176,144,55305,12.0,15,879,0,894,23996,491276,0,515272,h264,109000,25.0,1280,720,309716,16.161
4b7b-FY4JPI,203.198,flv,320,240,239336,29.0,104,5974,0,6078,853613,5225468,0,6079081,flv,5000000,25.0,1920,1080,221160,6.54
1LXH-OibJYQ,42.2,h264,480,360,288705,25.0,23,1033,0,1056,216154,1306770,0,1522924,flv,56000,29.97,480,360,216820,0.856
4NcD-WQyXCQ,860.056,vp8,1280,720,2688309,29.968605,277,25496,0,25773,12989828,276022270,0,289012098,mpeg4,3000000,25.0,176,144,260100,4.42
2kFF-0kB_4w,339.667,h264,640,480,257699,30.0,181,10010,0,10191,10121223,820261,0,10941484,vp8,109000,12.0,640,480,219480,3.544
0_VA-rJgmMI,750.433,vp8,1280,720,794075,13.482667,81,10031,0,10112,3852576,70635013,0,74487589,mpeg4,539000,25.0,1920,1080,165700,12.353
4keb-__zqyQ,452.689,vp8,320,240,66680,5.7057524,42,2537,0,2579,207037,3566163,0,3773200,flv,539000,24.0,1280,720,248108,2.008
1oz8-nezz50,225.08,h264,480,360,538452,25.0,113,5515,0,5628,1873408,13275961,0,15149369,flv,242000,29.97,176,144,216820,0.936
2zeL-QQa8Sk,77.233,h264,480,360,382461,30.0,53,2265,0,2318,182297,3510033,0,3692330,flv,56000,25.0,640,480,219480,1.564
1a5f-GbYEaM,157.80167,h264,1280,720,2885589,25.0,72,3873,0,3945,5611970,51306874,0,56918844,mpeg4,56000,15.0,176,144,216020,3.784
1D3O-16kzhQ,274.541,vp8,480,360,139791,30.029198,58,8170,0,8228,802625,3994697,0,4797322,mpeg4,820000,12.0,320,240,216064,1.832
09oUj9EDIDo,239.14166,h264,480,360,500198,25.0,110,5868,0,5978,1406751,13545526,0,14952277,h264,109000,15.0,640,480,149260,9.165
3SQY-ZB8hmI,473.0,h264,320,240,164017,25.0,198,10924,704,11826,1419320,8047423,0,9697521,flv,539000,12.0,176,144,220900,0.7
4keb-__zqyQ,452.689,vp8,320,240,66680,5.7057524,42,2537,0,2579,207037,3566163,0,3773200,flv,3000000,25.0,640,480,250532,1.244
IY3I-f_zAmY,118.471,h264,320,240,232359,48.0,50,2616,184,2850,177241,3138457,0,3440984,h264,539000,12.0,480,360,100504,10.741
3SQY-ZB8hmI,473.0,h264,320,240,164017,25.0,198,10924,704,11826,1419320,8047423,0,9697521,vp8,242000,15.0,1280,720,220808,11.617
2kFF-0kB_4w,339.667,h264,640,480,257699,30.0,181,10010,0,10191,10121223,820261,0,10941484,vp8,539000,12.0,176,144,219480,1.612
3U8m-ETsTS4,282.56,h264,640,480,559834,25.0,145,6920,0,7065,4966509,14806840,0,19773349,flv,5000000,29.97,320,240,221152,1.184
25TI-jx-cag,176.901,vp8,480,360,26968,25.113636,38,4382,0,4420,393395,202954,0,596349,vp8,109000,25.0,640,480,218932,4.616
3YNh-PI2q64,395.44,vp8,1280,720,1611942,25.027847,80,9806,0,9886,5073258,74605061,0,79678319,mpeg4,820000,29.97,480,360,221160,4.26
3_fF9rtYCQ0,256.20834,mpeg4,176,144,57565,12.0,56,3018,0,3074,302900,1540700,0,1843600,mpeg4,820000,25.0,480,360,219480,2.144
2zeL-QQa8Sk,77.233,h264,480,360,382461,30.0,53,2265,0,2318,182297,3510033,0,3692330,flv,539000,15.0,1920,1080,219480,4.516
3YNh-PI2q64,395.44,vp8,1280,720,1611942,25.027847,80,9806,0,9886,5073258,74605061,0,79678319,vp8,3000000,29.97,1280,720,221160,11.005
0Au5-4UDHco,52.68,h264,480,360,372001,25.0,53,1265,0,1318,870136,1579497,0,2449633,mpeg4,56000,25.0,1280,720,139940,10.597
42hr-6A1jYc,311.1,mpeg4,176,144,56416,12.0,113,3620,0,3733,127552,2066350,0,2193902,mpeg4,5000000,29.97,320,240,221160,1.352
2u-5-Io725E,426.945,h264,1280,720,1064703,29.0,228,12567,0,12795,11297544,45523691,0,56821235,vp8,109000,15.0,480,360,219480,6.356
2u-5-Io725E,426.945,h264,1280,720,1064703,29.0,228,12567,0,12795,11297544,45523691,0,56821235,flv,539000,25.0,320,240,219480,3.7
2HTJjLLaFL0,379.32,h264,480,360,181960,25.0,195,9289,0,9484,3392479,5235193,0,8627672,mpeg4,3000000,12.0,320,240,219464,1.984
3N6c-uPdNas,69.933,flv,320,240,272898,15.0,37,1013,0,1050,349781,2035796,0,2385577,vp8,5000000,25.0,480,360,219656,6.48
3U8m-ETsTS4,282.56,h264,640,480,559834,25.0,145,6920,0,7065,4966509,14806840,0,19773349,flv,820000,24.0,1280,720,221152,2.856
_2al-ZI1Wss,74.535,mpeg4,176,144,55305,12.0,15,879,0,894,23996,491276,0,515272,flv,5000000,12.0,176,144,219464,0.32
0a6_--ZJXTE,290.01666,mpeg4,176,144,52783,12.0,61,3417,0,3478,119325,1794184,0,1913509,mpeg4,820000,12.0,1280,720,128624,3.624
3Xyf-6FdtDA,49.178333,mpeg4,176,144,54338,7.0,10,334,0,344,33046,300986,0,334032,mpeg4,3000000,15.0,640,480,221160,1.848
3Xyf-6FdtDA,49.178333,mpeg4,176,144,54338,7.0,10,334,0,344,33046,300986,0,334032,h264,56000,15.0,176,144,221160,0.928
1L6x-TgAldY,286.995,h264,480,360,508160,23.0,156,6726,0,6882,2285153,15944803,0,18229956,h264,242000,15.0,480,360,216820,7.412
2TXm-QHXCzU,270.655,vp8,640,480,652967,30.062963,89,8028,0,8117,1912240,20178890,0,22091130,h264,820000,24.0,480,360,219480,16.333
3DRy-Stwt9c,385.052,vp8,1280,720,441862,23.979221,77,9155,0,9232,16244376,5023129,0,21267505,vp8,539000,24.0,176,144,219480,1.988
1s9d-jTKyUw,448.575,vp8,1280,720,2052426,30.002232,92,13349,0,13441,9132637,105950761,0,115083398,h264,3000000,24.0,480,360,217080,26.25
4Fob-eSnrb8,1768.9417,mpeg4,176,144,56152,12.0,354,20873,0,21227,1382103,11034284,0,12416387,h264,820000,15.0,1920,1080,632664,57.468
3AYz-PCa1aI,391.08,h264,640,480,230847,25.0,209,9569,0,9778,9023743,2261252,0,11284995,mpeg4,242000,29.97,640,480,219480,3.952
1Vq6-f1kYeM,127.221664,h264,1920,1080,3080852,23.0,70,2980,0,3050,3818903,45174992,0,48993895,h264,109000,29.97,320,240,217544,12.645
28BV-NZV3C8,326.58832,h264,1920,1080,5999648,23.0,174,7656,0,7830,16603953,228322925,0,244926878,h264,3000000,15.0,176,144,218932,12.393
3ODf-KYiOZw,63.667,h264,640,480,972572,15.0,33,923,0,956,1259657,6480438,0,7740095,mpeg4,539000,25.0,480,360,219656,3.864
0a6_--ZJXTE,290.01666,mpeg4,176,144,52783,12.0,61,3417,0,3478,119325,1794184,0,1913509,h264,539000,12.0,480,360,139932,8.197
1hEL-mcI-tM,304.927,vp8,320,240,134334,25.075659,82,7541,0,7623,833754,4286526,0,5120280,flv,242000,24.0,480,360,216820,0.916
_2al-ZI1Wss,74.535,mpeg4,176,144,55305,12.0,15,879,0,894,23996,491276,0,515272,h264,3000000,25.0,480,360,219464,9.793
0ckO-lUydcc,177.33333,mpeg4,176,144,53707,12.0,37,2091,0,2128,100969,1089548,0,1190517,h264,5000000,29.97,320,240,164736,6.18
1oz8-nezz50,225.08,h264,480,360,538452,25.0,113,5515,0,5628,1873408,13275961,0,15149369,h264,820000,15.0,320,240,216820,5.992
3BVV-0I-JlM,33.09,h264,320,240,279173,13.0,22,434,0,456,101794,1052937,0,1154731,flv,3000000,25.0,1280,720,219480,2.336
28BV-NZV3C8,326.58832,h264,1920,1080,5999648,23.0,174,7656,0,7830,16603953,228322925,0,244926878,mpeg4,820000,24.0,1280,720,218932,12.037
3xGu-rfcH3s,368.32,vp8,640,480,29096,25.02174,74,9134,0,9208,869558,470067,0,1339625,mpeg4,242000,25.0,1280,720,221152,6.28
1tos-YhVzA4,222.53334,h264,480,360,500449,30.0,219,6457,0,6676,2821722,11099102,0,13920824,flv,539000,29.97,1280,720,217348,3.176
1ZzJ-T2FJAw,250.017,h264,320,240,153059,29.0,128,7366,0,7494,856855,3926589,0,4783444,vp8,242000,25.0,1280,720,218664,15.101
2NO0-ve7CKM,1140.349,vp8,1280,720,2394626,30.007017,328,33880,0,34208,20478926,320859863,0,341338789,vp8,3000000,25.0,320,240,219480,10.581
3Wdg-dsGihA,340.424,flv,320,240,244491,11.0,69,4012,0,4081,1168939,9234909,0,10403848,mpeg4,3000000,29.97,480,360,221152,3.184
2Y-k-006Zbs,67.583336,mpeg4,176,144,51225,12.0,15,777,0,792,47585,385164,0,432749,h264,3000000,15.0,1920,1080,636248,69.956
3YNh-PI2q64,395.44,vp8,1280,720,1611942,25.027847,80,9806,0,9886,5073258,74605061,0,79678319,h264,539000,29.97,640,480,221160,13.201
2NO0-ve7CKM,1140.349,vp8,1280,720,2394626,30.007017,328,33880,0,34208,20478926,320859863,0,341338789,flv,820000,25.0,1920,1080,219480,9.757
3BVV-0I-JlM,33.09,h264,320,240,279173,13.0,22,434,0,456,101794,1052937,0,1154731,h264,5000000,15.0,640,480,219480,24.05
22uE-OUUBH8,43.827,flv,320,240,272273,25.0,23,1081,0,1104,137210,1354404,0,1491614,h264,56000,29.97,320,240,218932,3.584
28BV-NZV3C8,326.58832,h264,1920,1080,5999648,23.0,174,7656,0,7830,16603953,228322925,0,244926878,flv,109000,25.0,1920,1080,218932,10.521
0I0e-5-iR3A,906.5983,mpeg4,176,144,56108,12.0,187,10692,0,10879,597549,5760936,0,6358485,h264,109000,12.0,640,480,165668,6.452
0Yxo-eU6AjI,326.583,vp8,640,480,1055982,25.039877,102,8061,0,8163,1868804,41239444,0,43108248,h264,820000,24.0,176,144,215712,4.756
3ODf-KYiOZw,63.667,h264,640,480,972572,15.0,33,923,0,956,1259657,6480438,0,7740095,flv,5000000,25.0,1280,720,219656,3.4
2NuI-Bp5brA,80.536,h264,480,360,690041,29.0,43,2374,0,2417,618732,6327913,0,6946645,h264,5000000,12.0,320,240,219480,10.265
1Vq6-f1kYeM,127.221664,h264,1920,1080,3080852,23.0,70,2980,0,3050,3818903,45174992,0,48993895,mpeg4,3000000,29.97,320,240,217348,8.189
2kFF-0kB_4w,339.667,h264,640,480,257699,30.0,181,10010,0,10191,10121223,820261,0,10941484,flv,5000000,12.0,320,240,219480,1.136
1WrA-SRsgEk,384.451,h264,640,480,646432,29.0,205,11318,0,11523,2839955,28225248,0,31065203,mpeg4,242000,24.0,176,144,217544,2.828
3xGu-rfcH3s,368.32,vp8,640,480,29096,25.02174,74,9134,0,9208,869558,470067,0,1339625,flv,109000,24.0,320,240,221152,0.832
1KXW-XA6QkQ,255.28,flv,320,240,250276,25.0,110,6272,0,6382,611474,7374864,0,7986338,vp8,242000,25.0,480,360,216820,5.568
2kFF-0kB_4w,339.667,h264,640,480,257699,30.0,181,10010,0,10191,10121223,820261,0,10941484,mpeg4,242000,29.97,1920,1080,219480,14.357
1lkF-VNDcss,458.625,h264,640,480,517364,29.0,245,13501,0,13746,5308581,24350943,0,29659524,vp8,539000,15.0,176,144,216820,1.788
1s9d-jTKyUw,448.575,vp8,1280,720,2052426,30.002232,92,13349,0,13441,9132637,105950761,0,115083398,mpeg4,820000,29.97,1280,720,217080,8.473
2NuI-Bp5brA,80.536,h264,480,360,690041,29.0,43,2374,0,2417,618732,6327913,0,6946645,h264,3000000,24.0,176,144,219480,7.24
4BJV-yiTcus,254.922,vp8,480,360,260667,30.062992,51,7585,0,7636,918325,7387906,0,8306231,flv,539000,12.0,480,360,221160,1.008
4keb-__zqyQ,452.689,vp8,320,240,66680,5.7057524,42,2537,0,2579,207037,3566163,0,3773200,h264,5000000,12.0,1280,720,315472,60.844
1YDt-FkeZ4E,98.683334,mpeg4,176,144,55552,12.0,20,1164,0,1184,48267,636993,0,685260,flv,56000,15.0,640,480,217880,0.548
2zeL-QQa8Sk,77.233,h264,480,360,382461,30.0,53,2265,0,2318,182297,3510033,0,3692330,vp8,242000,15.0,1920,1080,219480,20.721
3xGu-rfcH3s,368.32,vp8,640,480,29096,25.02174,74,9134,0,9208,869558,470067,0,1339625,h264,3000000,29.97,1280,720,310340,14.241
1tos-YhVzA4,222.53334,h264,480,360,500449,30.0,219,6457,0,6676,2821722,11099102,0,13920824,flv,3000000,29.97,640,480,217348,1.82
1L6x-TgAldY,286.995,h264,480,360,508160,23.0,156,6726,0,6882,2285153,15944803,0,18229956,flv,5000000,12.0,320,240,216820,1.128
2AfTeWTxhIg,645.84,vp8,320,240,95903,25.032558,138,16008,0,16146,1081321,6660941,0,7742262,vp8,109000,12.0,640,480,218932,4.64
2Y-k-006Zbs,67.583336,mpeg4,176,144,51225,12.0,15,777,0,792,47585,385164,0,432749,mpeg4,109000,29.97,640,480,219480,2.924
15fr-zSdCqg,39.055,h264,1920,1080,5992818,30.0,26,1144,0,1170,839251,28416939,0,29256190,vp8,539000,15.0,640,480,215940,16.373
0Au5-4UDHco,52.68,h264,480,360,372001,25.0,53,1265,0,1318,870136,1579497,0,2449633,mpeg4,56000,12.0,640,480,139940,3.116
1RGh-RmYxHY,217.518,h264,480,360,83054,29.0,112,6408,0,6520,406683,1851539,0,2258222,vp8,5000000,29.97,480,360,217080,3.664
09oUj9EDIDo,239.14166,h264,480,360,500198,25.0,110,5868,0,5978,1406751,13545526,0,14952277,flv,56000,29.97,320,240,109308,1.056
3U8m-ETsTS4,282.56,h264,640,480,559834,25.0,145,6920,0,7065,4966509,14806840,0,19773349,h264,539000,12.0,1280,720,334844,14.669
1RMD-MxzJn8,64.933,flv,320,240,236793,15.0,39,936,0,975,318954,1603007,0,1921961,flv,539000,12.0,320,240,217080,0.4
0XTW-dqdT4w,216.55,h264,320,240,291150,29.0,112,6379,0,6491,1789334,6091735,0,7881069,flv,3000000,25.0,1280,720,209136,3.204
2pet-NcSXvY,37.011665,h264,1280,720,2759449,29.0,21,1088,0,1109,1899633,10866846,0,12766479,vp8,242000,24.0,1280,720,219480,29.506
28BV-NZV3C8,326.58832,h264,1920,1080,5999648,23.0,174,7656,0,7830,16603953,228322925,0,244926878,h264,5000000,12.0,480,360,218932,27.334
2NO0-ve7CKM,1140.349,vp8,1280,720,2394626,30.007017,328,33880,0,34208,20478926,320859863,0,341338789,mpeg4,242000,12.0,1280,720,219480,5.724
3DRy-Stwt9c,385.052,vp8,1280,720,441862,23.979221,77,9155,0,9232,16244376,5023129,0,21267505,h264,5000000,24.0,320,240,219480,3.328
1G6F-Huj2hY,110.966995,h264,480,360,397112,30.0,59,3271,0,3330,529627,4978664,0,5508291,mpeg4,3000000,25.0,1280,720,216820,11.221
1YDt-FkeZ4E,98.683334,mpeg4,176,144,55552,12.0,20,1164,0,1184,48267,636993,0,685260,mpeg4,242000,25.0,1920,1080,217852,13.233
1s9d-jTKyUw,448.575,vp8,1280,720,2052426,30.002232,92,13349,0,13441,9132637,105950761,0,115083398,flv,3000000,15.0,320,240,217080,3.824
1L6x-TgAldY,286.995,h264,480,360,508160,23.0,156,6726,0,6882,2285153,15944803,0,18229956,h264,56000,25.0,640,480,216820,9.125
3AYz-PCa1aI,391.08,h264,640,480,230847,25.0,209,9569,0,9778,9023743,2261252,0,11284995,flv,109000,29.97,480,360,219480,1.216
0Hwk-yGT-M4,714.371,vp8,1280,720,652356,29.981792,143,21264,0,21407,14532530,43720516,0,58253046,vp8,820000,25.0,1280,720,164988,24.15
3AYz-PCa1aI,391.08,h264,640,480,230847,25.0,209,9569,0,9778,9023743,2261252,0,11284995,h264,5000000,15.0,176,144,219480,1.484
1oz8-nezz50,225.08,h264,480,360,538452,25.0,113,5515,0,5628,1873408,13275961,0,15149369,mpeg4,3000000,29.97,480,360,216820,4.196
3fpg-LlHcks,273.816,vp8,1920,1080,1571003,25.065933,77,6766,0,6843,6190779,47579961,0,53770740,h264,820000,12.0,640,480,219656,18.201
0QZJN4yTbbU,34.168,vp8,480,360,186895,30.029411,16,1005,0,1021,238485,559745,0,798230,vp8,3000000,25.0,480,360,165700,4.436
1a5f-GbYEaM,157.80167,h264,1280,720,2885589,25.0,72,3873,0,3945,5611970,51306874,0,56918844,h264,539000,15.0,480,360,216064,10.441
3DRy-Stwt9c,385.052,vp8,1280,720,441862,23.979221,77,9155,0,9232,16244376,5023129,0,21267505,vp8,242000,29.97,1280,720,219480,16.689
2kFF-0kB_4w,339.667,h264,640,480,257699,30.0,181,10010,0,10191,10121223,820261,0,10941484,h264,3000000,25.0,640,480,219480,8.409
3xGu-rfcH3s,368.32,vp8,640,480,29096,25.02174,74,9134,0,9208,869558,470067,0,1339625,mpeg4,56000,12.0,320,240,221152,1.372
1Nc0-MKuExg,107.443,vp8,480,360,320011,30.093458,30,3190,0,3220,671936,3625932,0,4297868,mpeg4,820000,12.0,640,480,216820,2.928
3N6c-uPdNas,69.933,flv,320,240,272898,15.0,37,1013,0,1050,349781,2035796,0,2385577,vp8,242000,15.0,176,144,219656,1.656
2zeL-QQa8Sk,77.233,h264,480,360,382461,30.0,53,2265,0,2318,182297,3510033,0,3692330,flv,242000,25.0,640,480,219480,1.548
0Yxo-eU6AjI,326.583,vp8,640,480,1055982,25.039877,102,8061,0,8163,1868804,41239444,0,43108248,flv,109000,25.0,1920,1080,213260,6.088
4Fob-eSnrb8,1768.9417,mpeg4,176,144,56152,12.0,354,20873,0,21227,1382103,11034284,0,12416387,h264,56000,12.0,1280,720,310268,10.117
2AfTeWTxhIg,645.84,vp8,320,240,95903,25.032558,138,16008,0,16146,1081321,6660941,0,7742262,h264,539000,15.0,176,144,219200,2.74
15fr-zSdCqg,39.055,h264,1920,1080,5992818,30.0,26,1144,0,1170,839251,28416939,0,29256190,flv,5000000,25.0,640,480,216020,9.397
4BJV-yiTcus,254.922,vp8,480,360,260667,30.062992,51,7585,0,7636,918325,7387906,0,8306231,h264,5000000,25.0,320,240,221160,11.945
1D3O-16kzhQ,274.541,vp8,480,360,139791,30.029198,58,8170,0,8228,802625,3994697,0,4797322,mpeg4,539000,29.97,1280,720,216064,10.597
4BJV-yiTcus,254.922,vp8,480,360,260667,30.062992,51,7585,0,7636,918325,7387906,0,8306231,mpeg4,109000,29.97,480,360,221160,3.64
0I0e-5-iR3A,906.5983,mpeg4,176,144,56108,12.0,187,10692,0,10879,597549,5760936,0,6358485,vp8,5000000,15.0,320,240,165668,2.172
0ckO-lUydcc,177.33333,mpeg4,176,144,53707,12.0,37,2091,0,2128,100969,1089548,0,1190517,mpeg4,242000,24.0,640,480,163008,2.652
46oD-rS6PC8,95.462,h264,640,480,809256,29.0,51,2811,0,2862,886496,8770159,0,9656655,mpeg4,3000000,15.0,1280,720,221160,5.944
3SQY-ZB8hmI,473.0,h264,320,240,164017,25.0,198,10924,704,11826,1419320,8047423,0,9697521,mpeg4,820000,25.0,480,360,220808,3.912
25TI-jx-cag,176.901,vp8,480,360,26968,25.113636,38,4382,0,4420,393395,202954,0,596349,h264,820000,25.0,1920,1080,653732,23.801
1a5f-GbYEaM,157.80167,h264,1280,720,2885589,25.0,72,3873,0,3945,5611970,51306874,0,56918844,flv,5000000,12.0,480,360,216064,3.848
04t6-jw9czg,130.35667,mpeg4,176,144,54590,12.0,27,1537,0,1564,64483,825054,0,889537,flv,3000000,15.0,1920,1080,74496,3.188
0a6_--ZJXTE,290.01666,mpeg4,176,144,52783,12.0,61,3417,0,3478,119325,1794184,0,1913509,vp8,109000,12.0,480,360,131172,3.072
3Xyf-6FdtDA,49.178333,mpeg4,176,144,54338,7.0,10,334,0,344,33046,300986,0,334032,mpeg4,242000,24.0,176,144,221160,0.716
3mWp-QQn-1M,167.39166,h264,1280,720,2207484,24.0,86,3931,0,4017,4369420,41819887,0,46189307,vp8,5000000,24.0,1280,720,219656,31.946
3Wdg-dsGihA,340.424,flv,320,240,244491,11.0,69,4012,0,4081,1168939,9234909,0,10403848,h264,3000000,24.0,640,480,221152,19.177
2pet-NcSXvY,37.011665,h264,1280,720,2759449,29.0,21,1088,0,1109,1899633,10866846,0,12766479,flv,539000,15.0,320,240,219480,5.096
3HVJ-p8L33A,163.897,flv,320,240,267032,29.0,87,4826,0,4913,824159,4646573,0,5470732,mpeg4,242000,24.0,176,144,219656,1.804
2ApZ-KZ-pEk,157.891,h264,480,360,406908,29.0,87,4646,0,4733,1776729,6254165,0,8030894,flv,109000,15.0,1280,720,219464,2.404
0Yxo-eU6AjI,326.583,vp8,640,480,1055982,25.039877,102,8061,0,8163,1868804,41239444,0,43108248,flv,539000,24.0,480,360,213824,1.52
2kFF-0kB_4w,339.667,h264,640,480,257699,30.0,181,10010,0,10191,10121223,820261,0,10941484,mpeg4,820000,24.0,176,144,219480,1.912
_2al-ZI1Wss,74.535,mpeg4,176,144,55305,12.0,15,879,0,894,23996,491276,0,515272,vp8,5000000,24.0,480,360,219464,3.26
3AYz-PCa1aI,391.08,h264,640,480,230847,25.0,209,9569,0,9778,9023743,2261252,0,11284995,mpeg4,3000000,15.0,640,480,219480,2.672
3DRy-Stwt9c,385.052,vp8,1280,720,441862,23.979221,77,9155,0,9232,16244376,5023129,0,21267505,flv,242000,12.0,176,144,219480,1.252
2Y-k-006Zbs,67.583336,mpeg4,176,144,51225,12.0,15,777,0,792,47585,385164,0,432749,flv,5000000,29.97,320,240,219480,0.396
28BV-NZV3C8,326.58832,h264,1920,1080,5999648,23.0,174,7656,0,7830,16603953,228322925,0,244926878,vp8,56000,25.0,1920,1080,218932,53.787
1Nc0-MKuExg,107.443,vp8,480,360,320011,30.093458,30,3190,0,3220,671936,3625932,0,4297868,mpeg4,3000000,12.0,1280,720,216820,4.668
1LXH-OibJYQ,42.2,h264,480,360,288705,25.0,23,1033,0,1056,216154,1306770,0,1522924,vp8,109000,25.0,176,144,216820,1.632
3ojsQWU7XWE,86.486,h264,640,480,356037,29.0,46,2547,0,2593,819680,3029350,0,3849030,mpeg4,5000000,25.0,640,480,219656,4.336
3Xyf-6FdtDA,49.178333,mpeg4,176,144,54338,7.0,10,334,0,344,33046,300986,0,334032,h264,242000,29.97,176,144,221160,1.664
1WrA-SRsgEk,384.451,h264,640,480,646432,29.0,205,11318,0,11523,2839955,28225248,0,31065203,h264,539000,29.97,480,360,217840,13.017
2ApZ-KZ-pEk,157.891,h264,480,360,406908,29.0,87,4646,0,4733,1776729,6254165,0,8030894,flv,109000,29.97,480,360,219464,1.12
08EV-X022WI,204.938,h264,480,360,297373,16.0,111,3169,0,3280,1451634,6166260,0,7617894,mpeg4,5000000,15.0,1280,720,82492,5.292
1RGh-RmYxHY,217.518,h264,480,360,83054,29.0,112,6408,0,6520,406683,1851539,0,2258222,flv,539000,29.97,480,360,217080,0.932
2TXm-QHXCzU,270.655,vp8,640,480,652967,30.062963,89,8028,0,8117,1912240,20178890,0,22091130,vp8,5000000,15.0,320,240,219480,5.132
4b7b-FY4JPI,203.198,flv,320,240,239336,29.0,104,5974,0,6078,853613,5225468,0,6079081,vp8,5000000,12.0,640,480,221160,8.521
3Xyf-6FdtDA,49.178333,mpeg4,176,144,54338,7.0,10,334,0,344,33046,300986,0,334032,h264,5000000,25.0,480,360,221160,6.532
28BV-NZV3C8,326.58832,h264,1920,1080,5999648,23.0,174,7656,0,7830,16603953,228322925,0,244926878,vp8,820000,15.0,480,360,218932,13.445
1RMD-MxzJn8,64.933,flv,320,240,236793,15.0,39,936,0,975,318954,1603007,0,1921961,flv,242000,29.97,480,360,217080,0.576
0Axi-TRoqVA,59.883,vp8,1280,720,994960,30.38983,13,1780,0,1793,481774,6965881,0,7447655,vp8,5000000,29.97,320,240,158112,5.328
3_fF9rtYCQ0,256.20834,mpeg4,176,144,57565,12.0,56,3018,0,3074,302900,1540700,0,1843600,flv,820000,15.0,640,480,219480,0.7
0Hwk-yGT-M4,714.371,vp8,1280,720,652356,29.981792,143,21264,0,21407,14532530,43720516,0,58253046,flv,820000,12.0,1280,720,165564,3.428
0a6_--ZJXTE,290.01666,mpeg4,176,144,52783,12.0,61,3417,0,3478,119325,1794184,0,1913509,flv,109000,25.0,1280,720,136020,1.472
22uE-OUUBH8,43.827,flv,320,240,272273,25.0,23,1081,0,1104,137210,1354404,0,1491614,mpeg4,820000,12.0,1920,1080,218932,7.176
42hr-6A1jYc,311.1,mpeg4,176,144,56416,12.0,113,3620,0,3733,127552,2066350,0,2193902,vp8,820000,24.0,640,480,221160,3.06
1oz8-nezz50,225.08,h264,480,360,538452,25.0,113,5515,0,5628,1873408,13275961,0,15149369,mpeg4,820000,12.0,1280,720,216820,4.088
3AYz-PCa1aI,391.08,h264,640,480,230847,25.0,209,9569,0,9778,9023743,2261252,0,11284995,flv,3000000,29.97,480,360,219480,1.28
3BVV-0I-JlM,33.09,h264,320,240,279173,13.0,22,434,0,456,101794,1052937,0,1154731,mpeg4,820000,29.97,480,360,219480,4.092
3ODf-KYiOZw,63.667,h264,640,480,972572,15.0,33,923,0,956,1259657,6480438,0,7740095,flv,56000,29.97,640,480,219656,1.524
08EV-X022WI,204.938,h264,480,360,297373,16.0,111,3169,0,3280,1451634,6166260,0,7617894,flv,3000000,24.0,176,144,90560,0.692
3Xyf-6FdtDA,49.178333,mpeg4,176,144,54338,7.0,10,334,0,344,33046,300986,0,334032,flv,5000000,12.0,1920,1080,221160,1.768
9MCi-UkWi9o,250.04,h264,480,360,763026,25.0,134,6118,0,6252,1231586,22616807,0,23848393,mpeg4,3000000,15.0,176,144,34152,2.496
3ODf-KYiOZw,63.667,h264,640,480,972572,15.0,33,923,0,956,1259657,6480438,0,7740095,h264,3000000,15.0,1280,720,329848,54.667
3Xyf-6FdtDA,49.178333,mpeg4,176,144,54338,7.0,10,334,0,344,33046,300986,0,334032,vp8,109000,29.97,1280,720,221160,4.912
09oUj9EDIDo,239.14166,h264,480,360,500198,25.0,110,5868,0,5978,1406751,13545526,0,14952277,flv,5000000,15.0,1280,720,115576,3.156
3SQY-ZB8hmI,473.0,h264,320,240,164017,25.0,198,10924,704,11826,1419320,8047423,0,9697521,h264,820000,15.0,320,240,220900,5.936
25TI-jx-cag,176.901,vp8,480,360,26968,25.113636,38,4382,0,4420,393395,202954,0,596349,vp8,5000000,24.0,1280,720,218932,9.593
3ojsQWU7XWE,86.486,h264,640,480,356037,29.0,46,2547,0,2593,819680,3029350,0,3849030,vp8,820000,24.0,480,360,219656,4.484
1Y-Y-RHCxRQ,189.956,flv,320,240,231296,29.0,97,5597,0,5694,580292,4911734,0,5492026,flv,5000000,25.0,320,240,218664,0.472
3DRy-Stwt9c,385.052,vp8,1280,720,441862,23.979221,77,9155,0,9232,16244376,5023129,0,21267505,vp8,3000000,29.97,480,360,219480,3.996
1G6F-Huj2hY,110.966995,h264,480,360,397112,30.0,59,3271,0,3330,529627,4978664,0,5508291,mpeg4,3000000,12.0,1920,1080,216820,8.721
0ckO-lUydcc,177.33333,mpeg4,176,144,53707,12.0,37,2091,0,2128,100969,1089548,0,1190517,mpeg4,3000000,24.0,640,480,163024,3.1
3ojsQWU7XWE,86.486,h264,640,480,356037,29.0,46,2547,0,2593,819680,3029350,0,3849030,flv,242000,12.0,1920,1080,219656,3.768
2SkA-cUEaJ0,490.6,h264,480,360,300437,25.0,256,12010,0,12266,1448177,16976151,0,18424328,vp8,539000,25.0,480,360,219480,6.272
42hr-6A1jYc,311.1,mpeg4,176,144,56416,12.0,113,3620,0,3733,127552,2066350,0,2193902,mpeg4,5000000,12.0,640,480,221160,1.648
25TI-jx-cag,176.901,vp8,480,360,26968,25.113636,38,4382,0,4420,393395,202954,0,596349,mpeg4,820000,12.0,1280,720,218932,2.916
3N6c-uPdNas,69.933,flv,320,240,272898,15.0,37,1013,0,1050,349781,2035796,0,2385577,vp8,242000,29.97,640,480,219656,6.28
3BVV-0I-JlM,33.09,h264,320,240,279173,13.0,22,434,0,456,101794,1052937,0,1154731,mpeg4,3000000,24.0,480,360,219480,3.752
3N6c-uPdNas,69.933,flv,320,240,272898,15.0,37,1013,0,1050,349781,2035796,0,2385577,vp8,3000000,24.0,1920,1080,219656,43.099
1tos-YhVzA4,222.53334,h264,480,360,500449,30.0,219,6457,0,6676,2821722,11099102,0,13920824,vp8,539000,24.0,1280,720,217336,18.341
3Wdg-dsGihA,340.424,flv,320,240,244491,11.0,69,4012,0,4081,1168939,9234909,0,10403848,mpeg4,539000,15.0,320,240,221152,1.204
08EV-X022WI,204.938,h264,480,360,297373,16.0,111,3169,0,3280,1451634,6166260,0,7617894,vp8,820000,12.0,320,240,83384,2.028
3Xyf-6FdtDA,49.178333,mpeg4,176,144,54338,7.0,10,334,0,344,33046,300986,0,334032,h264,5000000,12.0,1280,720,318284,20.337
1lkF-VNDcss,458.625,h264,640,480,517364,29.0,245,13501,0,13746,5308581,24350943,0,29659524,vp8,5000000,25.0,1280,720,216820,14.681
0Yxo-eU6AjI,326.583,vp8,640,480,1055982,25.039877,102,8061,0,8163,1868804,41239444,0,43108248,flv,3000000,12.0,320,240,215124,1.176
2HTJjLLaFL0,379.32,h264,480,360,181960,25.0,195,9289,0,9484,3392479,5235193,0,8627672,vp8,5000000,15.0,480,360,219480,2.66
3_fF9rtYCQ0,256.20834,mpeg4,176,144,57565,12.0,56,3018,0,3074,302900,1540700,0,1843600,flv,56000,25.0,176,144,219480,0.304
3N6c-uPdNas,69.933,flv,320,240,272898,15.0,37,1013,0,1050,349781,2035796,0,2385577,vp8,56000,12.0,480,360,219656,2.856
1oz8-nezz50,225.08,h264,480,360,538452,25.0,113,5515,0,5628,1873408,13275961,0,15149369,vp8,5000000,29.97,640,480,216820,8.245
3HVJ-p8L33A,163.897,flv,320,240,267032,29.0,87,4826,0,4913,824159,4646573,0,5470732,h264,109000,29.97,176,144,219656,1.992
1s9d-jTKyUw,448.575,vp8,1280,720,2052426,30.002232,92,13349,0,13441,9132637,105950761,0,115083398,flv,539000,29.97,640,480,217080,4.396
3mWp-QQn-1M,167.39166,h264,1280,720,2207484,24.0,86,3931,0,4017,4369420,41819887,0,46189307,vp8,56000,25.0,1920,1080,219656,34.626
1D3O-16kzhQ,274.541,vp8,480,360,139791,30.029198,58,8170,0,8228,802625,3994697,0,4797322,mpeg4,539000,29.97,1920,1080,216064,15.293
3DRy-Stwt9c,385.052,vp8,1280,720,441862,23.979221,77,9155,0,9232,16244376,5023129,0,21267505,h264,109000,15.0,320,240,219480,2.54
1s9d-jTKyUw,448.575,vp8,1280,720,2052426,30.002232,92,13349,0,13441,9132637,105950761,0,115083398,h264,109000,12.0,320,240,217080,6.744
3DRy-Stwt9c,385.052,vp8,1280,720,441862,23.979221,77,9155,0,9232,16244376,5023129,0,21267505,vp8,3000000,15.0,1280,720,219480,8.061
1ZzJ-T2FJAw,250.017,h264,320,240,153059,29.0,128,7366,0,7494,856855,3926589,0,4783444,flv,242000,24.0,320,240,218900,0.712
1LXH-OibJYQ,42.2,h264,480,360,288705,25.0,23,1033,0,1056,216154,1306770,0,1522924,vp8,820000,12.0,1920,1080,216820,19.809
15fr-zSdCqg,39.055,h264,1920,1080,5992818,30.0,26,1144,0,1170,839251,28416939,0,29256190,h264,820000,12.0,480,360,216020,22.373
2kFF-0kB_4w,339.667,h264,640,480,257699,30.0,181,10010,0,10191,10121223,820261,0,10941484,mpeg4,56000,15.0,320,240,219480,1.76
3HVJ-p8L33A,163.897,flv,320,240,267032,29.0,87,4826,0,4913,824159,4646573,0,5470732,flv,109000,15.0,320,240,219656,0.532
2SkA-cUEaJ0,490.6,h264,480,360,300437,25.0,256,12010,0,12266,1448177,16976151,0,18424328,vp8,820000,12.0,1280,720,219480,12.909
3U8m-ETsTS4,282.56,h264,640,480,559834,25.0,145,6920,0,7065,4966509,14806840,0,19773349,mpeg4,820000,29.97,176,144,221152,2.428
1LXH-OibJYQ,42.2,h264,480,360,288705,25.0,23,1033,0,1056,216154,1306770,0,1522924,h264,109000,15.0,1280,720,328776,12.701
0I0e-5-iR3A,906.5983,mpeg4,176,144,56108,12.0,187,10692,0,10879,597549,5760936,0,6358485,flv,5000000,12.0,1920,1080,165668,3.604
0_VA-rJgmMI,750.433,vp8,1280,720,794075,13.482667,81,10031,0,10112,3852576,70635013,0,74487589,flv,539000,24.0,176,144,165700,1.616
3Wdg-dsGihA,340.424,flv,320,240,244491,11.0,69,4012,0,4081,1168939,9234909,0,10403848,mpeg4,109000,24.0,320,240,221152,1.564
0Hwk-yGT-M4,714.371,vp8,1280,720,652356,29.981792,143,21264,0,21407,14532530,43720516,0,58253046,mpeg4,539000,29.97,176,144,164736,3.876
2tzy-vqeeLY,106.765,h264,1280,720,849586,25.0,66,2603,0,2669,4427240,6911026,0,11338266,mpeg4,5000000,29.97,1920,1080,219480,14.561
04t6-jw9czg,130.35667,mpeg4,176,144,54590,12.0,27,1537,0,1564,64483,825054,0,889537,vp8,820000,12.0,1920,1080,87136,23.329
1Nc0-MKuExg,107.443,vp8,480,360,320011,30.093458,30,3190,0,3220,671936,3625932,0,4297868,h264,242000,12.0,640,480,216820,8.277
1lkF-VNDcss,458.625,h264,640,480,517364,29.0,245,13501,0,13746,5308581,24350943,0,29659524,flv,56000,29.97,1280,720,216820,3.456
1ZzJ-T2FJAw,250.017,h264,320,240,153059,29.0,128,7366,0,7494,856855,3926589,0,4783444,h264,539000,25.0,1280,720,316856,33.214
3YNh-PI2q64,395.44,vp8,1280,720,1611942,25.027847,80,9806,0,9886,5073258,74605061,0,79678319,flv,242000,25.0,480,360,221160,1.884
0I0e-5-iR3A,906.5983,mpeg4,176,144,56108,12.0,187,10692,0,10879,597549,5760936,0,6358485,flv,242000,15.0,640,480,165668,0.648
3o_2-igmsyo,440.967,h264,320,240,281642,30.0,236,12994,0,13230,2444863,13079542,0,15524405,flv,242000,25.0,320,240,219656,0.716
0Axi-TRoqVA,59.883,vp8,1280,720,994960,30.38983,13,1780,0,1793,481774,6965881,0,7447655,h264,5000000,12.0,480,360,162972,20.217
2TXm-QHXCzU,270.655,vp8,640,480,652967,30.062963,89,8028,0,8117,1912240,20178890,0,22091130,vp8,109000,12.0,480,360,219480,5.736
1Vq6-f1kYeM,127.221664,h264,1920,1080,3080852,23.0,70,2980,0,3050,3818903,45174992,0,48993895,flv,109000,25.0,480,360,217544,7.5
2ApZ-KZ-pEk,157.891,h264,480,360,406908,29.0,87,4646,0,4733,1776729,6254165,0,8030894,mpeg4,3000000,12.0,320,240,219464,1.836
0ICm-Cu4_aE,476.957,vp8,1280,720,1387100,30.05252,105,14200,0,14305,3487520,79210885,0,82698405,vp8,820000,25.0,1280,720,165700,19.093
1hEL-mcI-tM,304.927,vp8,320,240,134334,25.075659,82,7541,0,7623,833754,4286526,0,5120280,vp8,242000,12.0,1280,720,216820,9.821
3Wdg-dsGihA,340.424,flv,320,240,244491,11.0,69,4012,0,4081,1168939,9234909,0,10403848,vp8,5000000,24.0,320,240,221152,1.696
3mWp-QQn-1M,167.39166,h264,1280,720,2207484,24.0,86,3931,0,4017,4369420,41819887,0,46189307,vp8,539000,24.0,1280,720,219656,22.029
3SQY-ZB8hmI,473.0,h264,320,240,164017,25.0,198,10924,704,11826,1419320,8047423,0,9697521,h264,820000,29.97,1280,720,318848,55.203
0Hwk-yGT-M4,714.371,vp8,1280,720,652356,29.981792,143,21264,0,21407,14532530,43720516,0,58253046,mpeg4,820000,24.0,1280,720,164736,7.084
04t6-jw9czg,130.35667,mpeg4,176,144,54590,12.0,27,1537,0,1564,64483,825054,0,889537,vp8,539000,25.0,640,480,42548,6.768
4NcD-WQyXCQ,860.056,vp8,1280,720,2688309,29.968605,277,25496,0,25773,12989828,276022270,0,289012098,vp8,56000,24.0,320,240,261132,8.257
2kFF-0kB_4w,339.667,h264,640,480,257699,30.0,181,10010,0,10191,10121223,820261,0,10941484,mpeg4,5000000,24.0,640,480,219480,4.012
4Fob-eSnrb8,1768.9417,mpeg4,176,144,56152,12.0,354,20873,0,21227,1382103,11034284,0,12416387,h264,242000,15.0,320,240,241056,3.816
22uE-OUUBH8,43.827,flv,320,240,272273,25.0,23,1081,0,1104,137210,1354404,0,1491614,h264,109000,29.97,1280,720,296704,26.958
2AfTeWTxhIg,645.84,vp8,320,240,95903,25.032558,138,16008,0,16146,1081321,6660941,0,7742262,mpeg4,5000000,29.97,176,144,218932,2.128
1RGh-RmYxHY,217.518,h264,480,360,83054,29.0,112,6408,0,6520,406683,1851539,0,2258222,flv,242000,25.0,176,144,217080,0.82
3-Wy-Ftbd40,69.93833,mpeg4,176,144,56717,12.0,14,825,0,839,47521,448322,0,495843,h264,539000,24.0,480,360,221152,6.532
1RGh-RmYxHY,217.518,h264,480,360,83054,29.0,112,6408,0,6520,406683,1851539,0,2258222,vp8,5000000,29.97,320,240,217080,2.504
3BVV-0I-JlM,33.09,h264,320,240,279173,13.0,22,434,0,456,101794,1052937,0,1154731,vp8,539000,29.97,320,240,219480,3.14
2HTJjLLaFL0,379.32,h264,480,360,181960,25.0,195,9289,0,9484,3392479,5235193,0,8627672,vp8,820000,24.0,1280,720,219480,14.497
1oz8-nezz50,225.08,h264,480,360,538452,25.0,113,5515,0,5628,1873408,13275961,0,15149369,h264,56000,15.0,1920,1080,648652,19.033
3DRy-Stwt9c,385.052,vp8,1280,720,441862,23.979221,77,9155,0,9232,16244376,5023129,0,21267505,h264,5000000,25.0,1920,1080,647900,64.768
1hEL-mcI-tM,304.927,vp8,320,240,134334,25.075659,82,7541,0,7623,833754,4286526,0,5120280,h264,539000,15.0,176,144,216820,2.352
09oUj9EDIDo,239.14166,h264,480,360,500198,25.0,110,5868,0,5978,1406751,13545526,0,14952277,vp8,539000,12.0,1920,1080,100564,22.585
0Hwk-yGT-M4,714.371,vp8,1280,720,652356,29.981792,143,21264,0,21407,14532530,43720516,0,58253046,h264,56000,12.0,640,480,165564,7.884
22uE-OUUBH8,43.827,flv,320,240,272273,25.0,23,1081,0,1104,137210,1354404,0,1491614,h264,539000,24.0,640,480,218932,18.805
3mWp-QQn-1M,167.39166,h264,1280,720,2207484,24.0,86,3931,0,4017,4369420,41819887,0,46189307,vp8,5000000,12.0,1280,720,219656,19.881
0QZJN4yTbbU,34.168,vp8,480,360,186895,30.029411,16,1005,0,1021,238485,559745,0,798230,vp8,242000,29.97,480,360,165700,5.216
2tzy-vqeeLY,106.765,h264,1280,720,849586,25.0,66,2603,0,2669,4427240,6911026,0,11338266,mpeg4,3000000,29.97,1920,1080,219480,14.209
1s9d-jTKyUw,448.575,vp8,1280,720,2052426,30.002232,92,13349,0,13441,9132637,105950761,0,115083398,mpeg4,539000,25.0,1280,720,217080,7.74
2kFF-0kB_4w,339.667,h264,640,480,257699,30.0,181,10010,0,10191,10121223,820261,0,10941484,h264,3000000,12.0,176,144,219480,1.484
1Y-Y-RHCxRQ,189.956,flv,320,240,231296,29.0,97,5597,0,5694,580292,4911734,0,5492026,vp8,820000,29.97,1920,1080,218664,37.014
1Nc0-MKuExg,107.443,vp8,480,360,320011,30.093458,30,3190,0,3220,671936,3625932,0,4297868,vp8,56000,12.0,1280,720,216820,9.793
0ckO-lUydcc,177.33333,mpeg4,176,144,53707,12.0,37,2091,0,2128,100969,1089548,0,1190517,vp8,820000,29.97,480,360,163064,3.404
08EV-X022WI,204.938,h264,480,360,297373,16.0,111,3169,0,3280,1451634,6166260,0,7617894,flv,3000000,15.0,480,360,90560,0.82
2pet-NcSXvY,37.011665,h264,1280,720,2759449,29.0,21,1088,0,1109,1899633,10866846,0,12766479,vp8,5000000,15.0,176,144,219480,5.952
1KXW-XA6QkQ,255.28,flv,320,240,250276,25.0,110,6272,0,6382,611474,7374864,0,7986338,mpeg4,539000,25.0,1280,720,216820,9.469
0QZJN4yTbbU,34.168,vp8,480,360,186895,30.029411,16,1005,0,1021,238485,559745,0,798230,mpeg4,109000,15.0,640,480,165700,2.864
236x-T7D-8g,581.233,h264,480,360,295979,30.0,310,17128,0,17438,10151572,11352574,0,21504146,h264,5000000,15.0,320,240,218932,6.48
2Y-k-006Zbs,67.583336,mpeg4,176,144,51225,12.0,15,777,0,792,47585,385164,0,432749,vp8,3000000,24.0,320,240,219480,1.72
2pet-NcSXvY,37.011665,h264,1280,720,2759449,29.0,21,1088,0,1109,1899633,10866846,0,12766479,vp8,539000,15.0,1280,720,219480,24.81
0I0e-5-iR3A,906.5983,mpeg4,176,144,56108,12.0,187,10692,0,10879,597549,5760936,0,6358485,mpeg4,539000,29.97,1920,1080,165668,13.813
1a5f-GbYEaM,157.80167,h264,1280,720,2885589,25.0,72,3873,0,3945,5611970,51306874,0,56918844,h264,539000,15.0,1280,720,345700,24.102
0I0e-5-iR3A,906.5983,mpeg4,176,144,56108,12.0,187,10692,0,10879,597549,5760936,0,6358485,h264,539000,24.0,480,360,165668,7.997
22uE-OUUBH8,43.827,flv,320,240,272273,25.0,23,1081,0,1104,137210,1354404,0,1491614,flv,109000,15.0,320,240,218932,0.552
15fr-zSdCqg,39.055,h264,1920,1080,5992818,30.0,26,1144,0,1170,839251,28416939,0,29256190,vp8,820000,12.0,1280,720,215940,22.977
3ODf-KYiOZw,63.667,h264,640,480,972572,15.0,33,923,0,956,1259657,6480438,0,7740095,h264,5000000,12.0,640,480,219656,23.645
1a5f-GbYEaM,157.80167,h264,1280,720,2885589,25.0,72,3873,0,3945,5611970,51306874,0,56918844,flv,539000,24.0,1280,720,216064,4.744
1Nc0-MKuExg,107.443,vp8,480,360,320011,30.093458,30,3190,0,3220,671936,3625932,0,4297868,h264,242000,24.0,1920,1080,666188,47.231
46oD-rS6PC8,95.462,h264,640,480,809256,29.0,51,2811,0,2862,886496,8770159,0,9656655,mpeg4,56000,12.0,320,240,221160,2.036
1lkF-VNDcss,458.625,h264,640,480,517364,29.0,245,13501,0,13746,5308581,24350943,0,29659524,flv,109000,25.0,320,240,216820,1.312
236x-T7D-8g,581.233,h264,480,360,295979,30.0,310,17128,0,17438,10151572,11352574,0,21504146,h264,5000000,15.0,176,144,218932,3.072
0Axi-TRoqVA,59.883,vp8,1280,720,994960,30.38983,13,1780,0,1793,481774,6965881,0,7447655,mpeg4,820000,24.0,1280,720,155028,6.392
1Nc0-MKuExg,107.443,vp8,480,360,320011,30.093458,30,3190,0,3220,671936,3625932,0,4297868,flv,109000,12.0,176,144,216820,0.9
2zeL-QQa8Sk,77.233,h264,480,360,382461,30.0,53,2265,0,2318,182297,3510033,0,3692330,flv,109000,29.97,640,480,219480,1.632
0OUmDeBapbQ,316.95166,mpeg4,176,144,55396,12.0,64,3739,0,3803,111850,2082902,0,2194752,flv,56000,24.0,176,144,165700,0.292
236x-T7D-8g,581.233,h264,480,360,295979,30.0,310,17128,0,17438,10151572,11352574,0,21504146,flv,539000,24.0,480,360,218932,1.156
2AfTeWTxhIg,645.84,vp8,320,240,95903,25.032558,138,16008,0,16146,1081321,6660941,0,7742262,flv,109000,12.0,320,240,219200,0.576
1hEL-mcI-tM,304.927,vp8,320,240,134334,25.075659,82,7541,0,7623,833754,4286526,0,5120280,h264,539000,25.0,480,360,216820,10.313
0ICm-Cu4_aE,476.957,vp8,1280,720,1387100,30.05252,105,14200,0,14305,3487520,79210885,0,82698405,h264,3000000,29.97,176,144,165700,6.792
25TI-jx-cag,176.901,vp8,480,360,26968,25.113636,38,4382,0,4420,393395,202954,0,596349,flv,3000000,24.0,1280,720,218932,2.264
3ojsQWU7XWE,86.486,h264,640,480,356037,29.0,46,2547,0,2593,819680,3029350,0,3849030,flv,242000,24.0,480,360,219656,1.524
Z34j-EWJouE,102.05167,h264,1280,720,2909034,29.0,57,3001,0,3058,3020722,34088259,0,37108981,flv,56000,24.0,480,360,86364,5.304
3ODf-KYiOZw,63.667,h264,640,480,972572,15.0,33,923,0,956,1259657,6480438,0,7740095,vp8,109000,25.0,320,240,219656,4.192
4NcD-WQyXCQ,860.056,vp8,1280,720,2688309,29.968605,277,25496,0,25773,12989828,276022270,0,289012098,vp8,242000,12.0,1280,720,262060,20.685
42hr-6A1jYc,311.1,mpeg4,176,144,56416,12.0,113,3620,0,3733,127552,2066350,0,2193902,h264,109000,15.0,176,144,221160,1.012
4NcD-WQyXCQ,860.056,vp8,1280,720,2688309,29.968605,277,25496,0,25773,12989828,276022270,0,289012098,vp8,109000,12.0,320,240,261496,6.56
236x-T7D-8g,581.233,h264,480,360,295979,30.0,310,17128,0,17438,10151572,11352574,0,21504146,flv,56000,12.0,1280,720,50016,2.432
0ICm-Cu4_aE,476.957,vp8,1280,720,1387100,30.05252,105,14200,0,14305,3487520,79210885,0,82698405,h264,242000,29.97,640,480,165700,15.349
42hr-6A1jYc,311.1,mpeg4,176,144,56416,12.0,113,3620,0,3733,127552,2066350,0,2193902,vp8,5000000,25.0,480,360,221160,2.024
3HVJ-p8L33A,163.897,flv,320,240,267032,29.0,87,4826,0,4913,824159,4646573,0,5470732,mpeg4,3000000,24.0,640,480,219656,4.68
08EV-X022WI,204.938,h264,480,360,297373,16.0,111,3169,0,3280,1451634,6166260,0,7617894,flv,109000,29.97,640,480,86252,1.004
1LXH-OibJYQ,42.2,h264,480,360,288705,25.0,23,1033,0,1056,216154,1306770,0,1522924,flv,820000,29.97,480,360,216820,0.952
_2al-ZI1Wss,74.535,mpeg4,176,144,55305,12.0,15,879,0,894,23996,491276,0,515272,mpeg4,539000,24.0,480,360,219200,2.124
0ckO-lUydcc,177.33333,mpeg4,176,144,53707,12.0,37,2091,0,2128,100969,1089548,0,1190517,mpeg4,5000000,29.97,480,360,163024,2.604
3AYz-PCa1aI,391.08,h264,640,480,230847,25.0,209,9569,0,9778,9023743,2261252,0,11284995,h264,56000,12.0,480,360,219480,2.48
15fr-zSdCqg,39.055,h264,1920,1080,5992818,30.0,26,1144,0,1170,839251,28416939,0,29256190,flv,109000,25.0,320,240,216020,9.693
3DRy-Stwt9c,385.052,vp8,1280,720,441862,23.979221,77,9155,0,9232,16244376,5023129,0,21267505,vp8,539000,15.0,640,480,219480,4.272
2NuI-Bp5brA,80.536,h264,480,360,690041,29.0,43,2374,0,2417,618732,6327913,0,6946645,h264,242000,25.0,480,360,219480,12.345
_2al-ZI1Wss,74.535,mpeg4,176,144,55305,12.0,15,879,0,894,23996,491276,0,515272,mpeg4,539000,12.0,640,480,219200,1.716
2SkA-cUEaJ0,490.6,h264,480,360,300437,25.0,256,12010,0,12266,1448177,16976151,0,18424328,flv,242000,24.0,176,144,219480,0.992
3BVV-0I-JlM,33.09,h264,320,240,279173,13.0,22,434,0,456,101794,1052937,0,1154731,flv,3000000,25.0,320,240,219480,0.68
1G6F-Huj2hY,110.966995,h264,480,360,397112,30.0,59,3271,0,3330,529627,4978664,0,5508291,vp8,3000000,15.0,480,360,216820,5.508
3ODf-KYiOZw,63.667,h264,640,480,972572,15.0,33,923,0,956,1259657,6480438,0,7740095,flv,3000000,29.97,480,360,219656,1.824
42hr-6A1jYc,311.1,mpeg4,176,144,56416,12.0,113,3620,0,3733,127552,2066350,0,2193902,flv,56000,25.0,1280,720,221160,1.072
0ICm-Cu4_aE,476.957,vp8,1280,720,1387100,30.05252,105,14200,0,14305,3487520,79210885,0,82698405,flv,539000,12.0,640,480,165700,3.024
3SQY-ZB8hmI,473.0,h264,320,240,164017,25.0,198,10924,704,11826,1419320,8047423,0,9697521,flv,820000,24.0,1280,720,220900,2.748
3AYz-PCa1aI,391.08,h264,640,480,230847,25.0,209,9569,0,9778,9023743,2261252,0,11284995,vp8,5000000,29.97,1920,1080,219480,28.558
3N6c-uPdNas,69.933,flv,320,240,272898,15.0,37,1013,0,1050,349781,2035796,0,2385577,vp8,56000,25.0,1920,1080,219656,21.993
1ZzJ-T2FJAw,250.017,h264,320,240,153059,29.0,128,7366,0,7494,856855,3926589,0,4783444,flv,56000,29.97,1280,720,218900,2.988
qg5a-9A51MM,916.86334,mpeg4,176,144,56482,12.0,190,10812,0,11002,1231564,5241761,0,6473325,mpeg4,539000,15.0,1280,720,68276,4.672
1Nc0-MKuExg,107.443,vp8,480,360,320011,30.093458,30,3190,0,3220,671936,3625932,0,4297868,h264,5000000,12.0,1920,1080,662168,86.261
2TXm-QHXCzU,270.655,vp8,640,480,652967,30.062963,89,8028,0,8117,1912240,20178890,0,22091130,flv,242000,12.0,480,360,219480,1.928
2kFF-0kB_4w,339.667,h264,640,480,257699,30.0,181,10010,0,10191,10121223,820261,0,10941484,flv,3000000,24.0,1280,720,219480,3.216
1Vq6-f1kYeM,127.221664,h264,1920,1080,3080852,23.0,70,2980,0,3050,3818903,45174992,0,48993895,mpeg4,3000000,29.97,480,360,217348,8.909
3AYz-PCa1aI,391.08,h264,640,480,230847,25.0,209,9569,0,9778,9023743,2261252,0,11284995,vp8,820000,12.0,640,480,219480,2.728
2kFF-0kB_4w,339.667,h264,640,480,257699,30.0,181,10010,0,10191,10121223,820261,0,10941484,mpeg4,56000,25.0,480,360,219480,3.008
3xGu-rfcH3s,368.32,vp8,640,480,29096,25.02174,74,9134,0,9208,869558,470067,0,1339625,vp8,242000,25.0,480,360,221152,2.968
3_fF9rtYCQ0,256.20834,mpeg4,176,144,57565,12.0,56,3018,0,3074,302900,1540700,0,1843600,vp8,820000,29.97,176,144,219480,0.676
3_fF9rtYCQ0,256.20834,mpeg4,176,144,57565,12.0,56,3018,0,3074,302900,1540700,0,1843600,flv,820000,25.0,480,360,219480,0.532
1s9d-jTKyUw,448.575,vp8,1280,720,2052426,30.002232,92,13349,0,13441,9132637,105950761,0,115083398,flv,820000,15.0,176,144,217080,3.824
1ZzJ-T2FJAw,250.017,h264,320,240,153059,29.0,128,7366,0,7494,856855,3926589,0,4783444,mpeg4,3000000,12.0,640,480,218664,3.316
VqEK-IOxmBM,156.123,flv,320,240,272402,29.0,83,4597,0,4680,732236,4583793,0,5316029,h264,56000,29.97,480,360,88668,5.868
3-Wy-Ftbd40,69.93833,mpeg4,176,144,56717,12.0,14,825,0,839,47521,448322,0,495843,vp8,820000,24.0,176,144,221152,0.828
1YDt-FkeZ4E,98.683334,mpeg4,176,144,55552,12.0,20,1164,0,1184,48267,636993,0,685260,h264,3000000,15.0,176,144,218192,1.008
2zeL-QQa8Sk,77.233,h264,480,360,382461,30.0,53,2265,0,2318,182297,3510033,0,3692330,h264,242000,12.0,480,360,219480,6.76
3Wdg-dsGihA,340.424,flv,320,240,244491,11.0,69,4012,0,4081,1168939,9234909,0,10403848,mpeg4,56000,29.97,1280,720,221152,8.581
4NcD-WQyXCQ,860.056,vp8,1280,720,2688309,29.968605,277,25496,0,25773,12989828,276022270,0,289012098,flv,56000,15.0,640,480,262784,4.44
4NcD-WQyXCQ,860.056,vp8,1280,720,2688309,29.968605,277,25496,0,25773,12989828,276022270,0,289012098,mpeg4,539000,25.0,1920,1080,259388,16.693
3fmy-4uvR9U,143.03334,mpeg4,176,144,51082,12.0,31,1685,0,1716,56405,856907,0,913312,vp8,820000,24.0,480,360,219480,4.676
3HVJ-p8L33A,163.897,flv,320,240,267032,29.0,87,4826,0,4913,824159,4646573,0,5470732,h264,109000,24.0,480,360,219656,5.808
3YNh-PI2q64,395.44,vp8,1280,720,1611942,25.027847,80,9806,0,9886,5073258,74605061,0,79678319,h264,109000,25.0,320,240,221160,3.816
42hr-6A1jYc,311.1,mpeg4,176,144,56416,12.0,113,3620,0,3733,127552,2066350,0,2193902,vp8,539000,12.0,480,360,221160,2.012
09oUj9EDIDo,239.14166,h264,480,360,500198,25.0,110,5868,0,5978,1406751,13545526,0,14952277,flv,5000000,12.0,1280,720,115256,2.928
3-Wy-Ftbd40,69.93833,mpeg4,176,144,56717,12.0,14,825,0,839,47521,448322,0,495843,flv,3000000,15.0,640,480,221152,0.684
2tzy-vqeeLY,106.765,h264,1280,720,849586,25.0,66,2603,0,2669,4427240,6911026,0,11338266,mpeg4,109000,29.97,1280,720,219480,6.48
0QZJN4yTbbU,34.168,vp8,480,360,186895,30.029411,16,1005,0,1021,238485,559745,0,798230,vp8,539000,12.0,1280,720,165700,10.113
1WrA-SRsgEk,384.451,h264,640,480,646432,29.0,205,11318,0,11523,2839955,28225248,0,31065203,mpeg4,242000,15.0,176,144,217544,2.38
1Vq6-f1kYeM,127.221664,h264,1920,1080,3080852,23.0,70,2980,0,3050,3818903,45174992,0,48993895,mpeg4,820000,12.0,176,144,217348,7.816
0ICm-Cu4_aE,476.957,vp8,1280,720,1387100,30.05252,105,14200,0,14305,3487520,79210885,0,82698405,vp8,56000,24.0,320,240,165696,4.532
236x-T7D-8g,581.233,h264,480,360,295979,30.0,310,17128,0,17438,10151572,11352574,0,21504146,flv,539000,15.0,480,360,218932,1.064
28BV-NZV3C8,326.58832,h264,1920,1080,5999648,23.0,174,7656,0,7830,16603953,228322925,0,244926878,vp8,109000,12.0,640,480,218932,12.953
2pet-NcSXvY,37.011665,h264,1280,720,2759449,29.0,21,1088,0,1109,1899633,10866846,0,12766479,mpeg4,3000000,29.97,320,240,219480,5.98
1LXH-OibJYQ,42.2,h264,480,360,288705,25.0,23,1033,0,1056,216154,1306770,0,1522924,vp8,5000000,15.0,1920,1080,216820,23.589
2ApZ-KZ-pEk,157.891,h264,480,360,406908,29.0,87,4646,0,4733,1776729,6254165,0,8030894,h264,3000000,25.0,1920,1080,659820,93.586
3fpg-LlHcks,273.816,vp8,1920,1080,1571003,25.065933,77,6766,0,6843,6190779,47579961,0,53770740,h264,5000000,25.0,320,240,219656,17.701
3-Wy-Ftbd40,69.93833,mpeg4,176,144,56717,12.0,14,825,0,839,47521,448322,0,495843,mpeg4,109000,29.97,320,240,221152,1.448
3xGu-rfcH3s,368.32,vp8,640,480,29096,25.02174,74,9134,0,9208,869558,470067,0,1339625,vp8,820000,29.97,1280,720,221152,10.181
3dI-kJGuWbY,292.092,h264,480,360,480125,29.0,156,8599,0,8755,2375028,15155062,0,17530090,vp8,109000,15.0,1280,720,219480,13.341
1oz8-nezz50,225.08,h264,480,360,538452,25.0,113,5515,0,5628,1873408,13275961,0,15149369,h264,3000000,12.0,640,480,216820,18.329
25TI-jx-cag,176.901,vp8,480,360,26968,25.113636,38,4382,0,4420,393395,202954,0,596349,vp8,109000,29.97,640,480,218932,4.368
3Wdg-dsGihA,340.424,flv,320,240,244491,11.0,69,4012,0,4081,1168939,9234909,0,10403848,flv,56000,29.97,1920,1080,221152,2.468
0Yxo-eU6AjI,326.583,vp8,640,480,1055982,25.039877,102,8061,0,8163,1868804,41239444,0,43108248,flv,539000,24.0,320,240,213824,1.236
3SQY-ZB8hmI,473.0,h264,320,240,164017,25.0,198,10924,704,11826,1419320,8047423,0,9697521,mpeg4,56000,24.0,320,240,219656,2.348
3xGu-rfcH3s,368.32,vp8,640,480,29096,25.02174,74,9134,0,9208,869558,470067,0,1339625,flv,820000,25.0,640,480,221152,0.992
3-Wy-Ftbd40,69.93833,mpeg4,176,144,56717,12.0,14,825,0,839,47521,448322,0,495843,flv,109000,29.97,1920,1080,221152,2.568
3AYz-PCa1aI,391.08,h264,640,480,230847,25.0,209,9569,0,9778,9023743,2261252,0,11284995,vp8,109000,24.0,1920,1080,219480,31.618
28BV-NZV3C8,326.58832,h264,1920,1080,5999648,23.0,174,7656,0,7830,16603953,228322925,0,244926878,flv,56000,29.97,320,240,218932,8.381
2SkA-cUEaJ0,490.6,h264,480,360,300437,25.0,256,12010,0,12266,1448177,16976151,0,18424328,mpeg4,109000,12.0,480,360,219480,2.688
3-Wy-Ftbd40,69.93833,mpeg4,176,144,56717,12.0,14,825,0,839,47521,448322,0,495843,vp8,539000,12.0,176,144,221152,0.824
1Vq6-f1kYeM,127.221664,h264,1920,1080,3080852,23.0,70,2980,0,3050,3818903,45174992,0,48993895,flv,109000,15.0,1920,1080,217544,8.449
15fr-zSdCqg,39.055,h264,1920,1080,5992818,30.0,26,1144,0,1170,839251,28416939,0,29256190,h264,539000,12.0,1920,1080,679404,63.0
25TI-jx-cag,176.901,vp8,480,360,26968,25.113636,38,4382,0,4420,393395,202954,0,596349,mpeg4,56000,15.0,1920,1080,218932,7.152
46oD-rS6PC8,95.462,h264,640,480,809256,29.0,51,2811,0,2862,886496,8770159,0,9656655,flv,820000,29.97,480,360,221160,2.032
0Axi-TRoqVA,59.883,vp8,1280,720,994960,30.38983,13,1780,0,1793,481774,6965881,0,7447655,mpeg4,109000,25.0,176,144,155028,3.78
1s9d-jTKyUw,448.575,vp8,1280,720,2052426,30.002232,92,13349,0,13441,9132637,105950761,0,115083398,mpeg4,56000,24.0,1920,1080,217080,13.893
3xUU-YRicZA,131.76,vp8,640,480,104723,25.145039,37,3257,0,3294,945865,778937,0,1724802,mpeg4,56000,24.0,640,480,221152,3.752
1YDt-FkeZ4E,98.683334,mpeg4,176,144,55552,12.0,20,1164,0,1184,48267,636993,0,685260,flv,56000,15.0,1920,1080,217880,2.292
2Y-k-006Zbs,67.583336,mpeg4,176,144,51225,12.0,15,777,0,792,47585,385164,0,432749,mpeg4,109000,15.0,480,360,219480,1.424
3YNh-PI2q64,395.44,vp8,1280,720,1611942,25.027847,80,9806,0,9886,5073258,74605061,0,79678319,h264,3000000,15.0,1920,1080,663012,44.607
08EV-X022WI,204.938,h264,480,360,297373,16.0,111,3169,0,3280,1451634,6166260,0,7617894,flv,820000,12.0,1920,1080,89416,3.112
3N6c-uPdNas,69.933,flv,320,240,272898,15.0,37,1013,0,1050,349781,2035796,0,2385577,vp8,242000,24.0,640,480,219656,6.436
0_VA-rJgmMI,750.433,vp8,1280,720,794075,13.482667,81,10031,0,10112,3852576,70635013,0,74487589,flv,242000,12.0,1920,1080,165700,4.292
1WrA-SRsgEk,384.451,h264,640,480,646432,29.0,205,11318,0,11523,2839955,28225248,0,31065203,h264,109000,24.0,1920,1080,678360,40.591
0ckO-lUydcc,177.33333,mpeg4,176,144,53707,12.0,37,2091,0,2128,100969,1089548,0,1190517,vp8,242000,24.0,1280,720,163024,8.877
3BVV-0I-JlM,33.09,h264,320,240,279173,13.0,22,434,0,456,101794,1052937,0,1154731,mpeg4,242000,15.0,320,240,219480,1.864
3_fF9rtYCQ0,256.20834,mpeg4,176,144,57565,12.0,56,3018,0,3074,302900,1540700,0,1843600,flv,109000,15.0,1920,1080,219480,2.472
22uE-OUUBH8,43.827,flv,320,240,272273,25.0,23,1081,0,1104,137210,1354404,0,1491614,mpeg4,56000,25.0,1920,1080,218932,14.969
2NO0-ve7CKM,1140.349,vp8,1280,720,2394626,30.007017,328,33880,0,34208,20478926,320859863,0,341338789,h264,820000,15.0,480,360,219480,14.657
0QZJN4yTbbU,34.168,vp8,480,360,186895,30.029411,16,1005,0,1021,238485,559745,0,798230,vp8,5000000,12.0,480,360,165700,2.98
3ODf-KYiOZw,63.667,h264,640,480,972572,15.0,33,923,0,956,1259657,6480438,0,7740095,h264,109000,15.0,640,480,219656,8.877
15fr-zSdCqg,39.055,h264,1920,1080,5992818,30.0,26,1144,0,1170,839251,28416939,0,29256190,vp8,820000,29.97,480,360,215940,17.397
4b7b-FY4JPI,203.198,flv,320,240,239336,29.0,104,5974,0,6078,853613,5225468,0,6079081,flv,539000,29.97,640,480,221160,1.26
42hr-6A1jYc,311.1,mpeg4,176,144,56416,12.0,113,3620,0,3733,127552,2066350,0,2193902,flv,109000,25.0,176,144,221160,0.28
1L6x-TgAldY,286.995,h264,480,360,508160,23.0,156,6726,0,6882,2285153,15944803,0,18229956,mpeg4,820000,25.0,640,480,216820,6.06
3YNh-PI2q64,395.44,vp8,1280,720,1611942,25.027847,80,9806,0,9886,5073258,74605061,0,79678319,h264,539000,24.0,640,480,221160,12.117
1G6F-Huj2hY,110.966995,h264,480,360,397112,30.0,59,3271,0,3330,529627,4978664,0,5508291,mpeg4,109000,15.0,640,480,216820,3.428
46oD-rS6PC8,95.462,h264,640,480,809256,29.0,51,2811,0,2862,886496,8770159,0,9656655,h264,109000,12.0,640,480,221160,7.492
3_fF9rtYCQ0,256.20834,mpeg4,176,144,57565,12.0,56,3018,0,3074,302900,1540700,0,1843600,flv,5000000,25.0,320,240,219480,0.396
09oUj9EDIDo,239.14166,h264,480,360,500198,25.0,110,5868,0,5978,1406751,13545526,0,14952277,flv,820000,29.97,640,480,114124,1.736
4keb-__zqyQ,452.689,vp8,320,240,66680,5.7057524,42,2537,0,2579,207037,3566163,0,3773200,vp8,3000000,29.97,1920,1080,248092,36.782
2SkA-cUEaJ0,490.6,h264,480,360,300437,25.0,256,12010,0,12266,1448177,16976151,0,18424328,flv,820000,24.0,480,360,219480,1.152
0a6_--ZJXTE,290.01666,mpeg4,176,144,52783,12.0,61,3417,0,3478,119325,1794184,0,1913509,vp8,3000000,15.0,1920,1080,134460,29.058
3YNh-PI2q64,395.44,vp8,1280,720,1611942,25.027847,80,9806,0,9886,5073258,74605061,0,79678319,vp8,539000,12.0,1920,1080,221160,17.593
1oz8-nezz50,225.08,h264,480,360,538452,25.0,113,5515,0,5628,1873408,13275961,0,15149369,vp8,5000000,24.0,1280,720,216820,19.161
28BV-NZV3C8,326.58832,h264,1920,1080,5999648,23.0,174,7656,0,7830,16603953,228322925,0,244926878,h264,109000,24.0,320,240,218932,13.049
2NO0-ve7CKM,1140.349,vp8,1280,720,2394626,30.007017,328,33880,0,34208,20478926,320859863,0,341338789,mpeg4,3000000,25.0,320,240,219480,4.728
3mWp-QQn-1M,167.39166,h264,1280,720,2207484,24.0,86,3931,0,4017,4369420,41819887,0,46189307,flv,109000,25.0,1280,720,219656,4.372
0QZJN4yTbbU,34.168,vp8,480,360,186895,30.029411,16,1005,0,1021,238485,559745,0,798230,vp8,242000,15.0,320,240,165700,2.46
3N6c-uPdNas,69.933,flv,320,240,272898,15.0,37,1013,0,1050,349781,2035796,0,2385577,flv,820000,24.0,320,240,219656,0.46
0I0e-5-iR3A,906.5983,mpeg4,176,144,56108,12.0,187,10692,0,10879,597549,5760936,0,6358485,flv,3000000,12.0,176,144,165668,0.316
0QZJN4yTbbU,34.168,vp8,480,360,186895,30.029411,16,1005,0,1021,238485,559745,0,798230,h264,109000,12.0,480,360,165700,3.384
0ICm-Cu4_aE,476.957,vp8,1280,720,1387100,30.05252,105,14200,0,14305,3487520,79210885,0,82698405,mpeg4,539000,12.0,480,360,165668,3.728
1WrA-SRsgEk,384.451,h264,640,480,646432,29.0,205,11318,0,11523,2839955,28225248,0,31065203,vp8,3000000,24.0,1280,720,217568,23.137
2zeL-QQa8Sk,77.233,h264,480,360,382461,30.0,53,2265,0,2318,182297,3510033,0,3692330,h264,3000000,25.0,176,144,219480,5.312
42hr-6A1jYc,311.1,mpeg4,176,144,56416,12.0,113,3620,0,3733,127552,2066350,0,2193902,h264,539000,12.0,1280,720,311424,15.377
2AfTeWTxhIg,645.84,vp8,320,240,95903,25.032558,138,16008,0,16146,1081321,6660941,0,7742262,flv,539000,12.0,1920,1080,219200,3.5
1Y-Y-RHCxRQ,189.956,flv,320,240,231296,29.0,97,5597,0,5694,580292,4911734,0,5492026,h264,3000000,15.0,480,360,218664,10.009
09oUj9EDIDo,239.14166,h264,480,360,500198,25.0,110,5868,0,5978,1406751,13545526,0,14952277,mpeg4,109000,29.97,176,144,94976,1.788
08EV-X022WI,204.938,h264,480,360,297373,16.0,111,3169,0,3280,1451634,6166260,0,7617894,flv,56000,15.0,1280,720,84848,1.848
1LXH-OibJYQ,42.2,h264,480,360,288705,25.0,23,1033,0,1056,216154,1306770,0,1522924,h264,56000,15.0,1920,1080,660832,24.454
2HTJjLLaFL0,379.32,h264,480,360,181960,25.0,195,9289,0,9484,3392479,5235193,0,8627672,h264,5000000,25.0,1280,720,325248,38.466
15fr-zSdCqg,39.055,h264,1920,1080,5992818,30.0,26,1144,0,1170,839251,28416939,0,29256190,flv,56000,29.97,1280,720,216020,10.981
3Xyf-6FdtDA,49.178333,mpeg4,176,144,54338,7.0,10,334,0,344,33046,300986,0,334032,flv,242000,15.0,640,480,221160,0.472
3DRy-Stwt9c,385.052,vp8,1280,720,441862,23.979221,77,9155,0,9232,16244376,5023129,0,21267505,flv,5000000,29.97,480,360,219480,1.876
0Hwk-yGT-M4,714.371,vp8,1280,720,652356,29.981792,143,21264,0,21407,14532530,43720516,0,58253046,flv,820000,15.0,640,480,165564,3.444
1L6x-TgAldY,286.995,h264,480,360,508160,23.0,156,6726,0,6882,2285153,15944803,0,18229956,mpeg4,3000000,24.0,640,480,216820,6.636
1L6x-TgAldY,286.995,h264,480,360,508160,23.0,156,6726,0,6882,2285153,15944803,0,18229956,flv,56000,25.0,176,144,216820,1.02
0Axi-TRoqVA,59.883,vp8,1280,720,994960,30.38983,13,1780,0,1793,481774,6965881,0,7447655,mpeg4,56000,29.97,1920,1080,155028,15.233
3-Wy-Ftbd40,69.93833,mpeg4,176,144,56717,12.0,14,825,0,839,47521,448322,0,495843,flv,3000000,24.0,176,144,221152,0.292
3fmy-4uvR9U,143.03334,mpeg4,176,144,51082,12.0,31,1685,0,1716,56405,856907,0,913312,vp8,539000,24.0,176,144,219480,1.244
2tzy-vqeeLY,106.765,h264,1280,720,849586,25.0,66,2603,0,2669,4427240,6911026,0,11338266,flv,109000,15.0,320,240,219480,2.508
22uE-OUUBH8,43.827,flv,320,240,272273,25.0,23,1081,0,1104,137210,1354404,0,1491614,flv,56000,15.0,176,144,218932,0.512
3o_2-igmsyo,440.967,h264,320,240,281642,30.0,236,12994,0,13230,2444863,13079542,0,15524405,h264,109000,15.0,640,480,219656,6.236
3BVV-0I-JlM,33.09,h264,320,240,279173,13.0,22,434,0,456,101794,1052937,0,1154731,mpeg4,820000,12.0,320,240,219480,1.968
2SkA-cUEaJ0,490.6,h264,480,360,300437,25.0,256,12010,0,12266,1448177,16976151,0,18424328,h264,3000000,15.0,176,144,219480,3.188
0Axi-TRoqVA,59.883,vp8,1280,720,994960,30.38983,13,1780,0,1793,481774,6965881,0,7447655,mpeg4,3000000,29.97,176,144,155028,3.88
1L6x-TgAldY,286.995,h264,480,360,508160,23.0,156,6726,0,6882,2285153,15944803,0,18229956,mpeg4,5000000,24.0,1280,720,216820,12.309
2HTJjLLaFL0,379.32,h264,480,360,181960,25.0,195,9289,0,9484,3392479,5235193,0,8627672,h264,820000,29.97,176,144,219480,2.432
0Hwk-yGT-M4,714.371,vp8,1280,720,652356,29.981792,143,21264,0,21407,14532530,43720516,0,58253046,mpeg4,3000000,12.0,1280,720,164888,5.3
1ZzJ-T2FJAw,250.017,h264,320,240,153059,29.0,128,7366,0,7494,856855,3926589,0,4783444,h264,539000,25.0,176,144,218932,3.368
0_VA-rJgmMI,750.433,vp8,1280,720,794075,13.482667,81,10031,0,10112,3852576,70635013,0,74487589,vp8,820000,29.97,176,144,165700,2.492
3AYz-PCa1aI,391.08,h264,640,480,230847,25.0,209,9569,0,9778,9023743,2261252,0,11284995,h264,242000,29.97,176,144,219480,1.764
2pet-NcSXvY,37.011665,h264,1280,720,2759449,29.0,21,1088,0,1109,1899633,10866846,0,12766479,mpeg4,539000,25.0,176,144,219480,5.48
0Au5-4UDHco,52.68,h264,480,360,372001,25.0,53,1265,0,1318,870136,1579497,0,2449633,flv,539000,24.0,176,144,140080,1.084
3mWp-QQn-1M,167.39166,h264,1280,720,2207484,24.0,86,3931,0,4017,4369420,41819887,0,46189307,vp8,5000000,25.0,1920,1080,219656,61.324
1lkF-VNDcss,458.625,h264,640,480,517364,29.0,245,13501,0,13746,5308581,24350943,0,29659524,h264,3000000,12.0,640,480,216820,8.977
3U8m-ETsTS4,282.56,h264,640,480,559834,25.0,145,6920,0,7065,4966509,14806840,0,19773349,h264,56000,25.0,176,144,221152,2.084
1s9d-jTKyUw,448.575,vp8,1280,720,2052426,30.002232,92,13349,0,13441,9132637,105950761,0,115083398,mpeg4,242000,15.0,480,360,217080,4.804
3xGu-rfcH3s,368.32,vp8,640,480,29096,25.02174,74,9134,0,9208,869558,470067,0,1339625,mpeg4,3000000,29.97,176,144,221152,2.472
_2al-ZI1Wss,74.535,mpeg4,176,144,55305,12.0,15,879,0,894,23996,491276,0,515272,vp8,3000000,24.0,1920,1080,219464,22.369
0Au5-4UDHco,52.68,h264,480,360,372001,25.0,53,1265,0,1318,870136,1579497,0,2449633,vp8,3000000,24.0,640,480,140080,13.689
08EV-X022WI,204.938,h264,480,360,297373,16.0,111,3169,0,3280,1451634,6166260,0,7617894,h264,56000,24.0,1280,720,320896,13.597
3fmy-4uvR9U,143.03334,mpeg4,176,144,51082,12.0,31,1685,0,1716,56405,856907,0,913312,flv,5000000,15.0,320,240,219480,0.512
1Y-Y-RHCxRQ,189.956,flv,320,240,231296,29.0,97,5597,0,5694,580292,4911734,0,5492026,flv,820000,25.0,320,240,218664,0.488
4b7b-FY4JPI,203.198,flv,320,240,239336,29.0,104,5974,0,6078,853613,5225468,0,6079081,mpeg4,3000000,25.0,1280,720,221160,9.429
3Xyf-6FdtDA,49.178333,mpeg4,176,144,54338,7.0,10,334,0,344,33046,300986,0,334032,flv,109000,15.0,176,144,221160,0.26
3mWp-QQn-1M,167.39166,h264,1280,720,2207484,24.0,86,3931,0,4017,4369420,41819887,0,46189307,flv,820000,24.0,320,240,219656,3.696
04t6-jw9czg,130.35667,mpeg4,176,144,54590,12.0,27,1537,0,1564,64483,825054,0,889537,vp8,820000,25.0,1920,1080,87140,23.189
1ZzJ-T2FJAw,250.017,h264,320,240,153059,29.0,128,7366,0,7494,856855,3926589,0,4783444,vp8,109000,15.0,1920,1080,218664,19.241
3mWp-QQn-1M,167.39166,h264,1280,720,2207484,24.0,86,3931,0,4017,4369420,41819887,0,46189307,vp8,242000,25.0,1280,720,219656,20.577
3xUU-YRicZA,131.76,vp8,640,480,104723,25.145039,37,3257,0,3294,945865,778937,0,1724802,h264,3000000,25.0,320,240,221152,3.404
2NO0-ve7CKM,1140.349,vp8,1280,720,2394626,30.007017,328,33880,0,34208,20478926,320859863,0,341338789,mpeg4,5000000,12.0,640,480,219480,5.04
3o_2-igmsyo,440.967,h264,320,240,281642,30.0,236,12994,0,13230,2444863,13079542,0,15524405,flv,5000000,25.0,1920,1080,219656,5.692
0Hwk-yGT-M4,714.371,vp8,1280,720,652356,29.981792,143,21264,0,21407,14532530,43720516,0,58253046,mpeg4,820000,12.0,176,144,164736,3.248
2pet-NcSXvY,37.011665,h264,1280,720,2759449,29.0,21,1088,0,1109,1899633,10866846,0,12766479,h264,242000,15.0,480,360,219480,13.077
3ODf-KYiOZw,63.667,h264,640,480,972572,15.0,33,923,0,956,1259657,6480438,0,7740095,flv,539000,25.0,176,144,219656,1.336
2NuI-Bp5brA,80.536,h264,480,360,690041,29.0,43,2374,0,2417,618732,6327913,0,6946645,flv,539000,29.97,320,240,219480,1.572
1RMD-MxzJn8,64.933,flv,320,240,236793,15.0,39,936,0,975,318954,1603007,0,1921961,vp8,56000,24.0,1920,1080,217080,19.781
0a6_--ZJXTE,290.01666,mpeg4,176,144,52783,12.0,61,3417,0,3478,119325,1794184,0,1913509,mpeg4,3000000,15.0,640,480,129228,2.48
3dI-kJGuWbY,292.092,h264,480,360,480125,29.0,156,8599,0,8755,2375028,15155062,0,17530090,mpeg4,539000,25.0,176,144,219480,2.92
1lkF-VNDcss,458.625,h264,640,480,517364,29.0,245,13501,0,13746,5308581,24350943,0,29659524,h264,820000,15.0,176,144,216820,2.204
4NcD-WQyXCQ,860.056,vp8,1280,720,2688309,29.968605,277,25496,0,25773,12989828,276022270,0,289012098,vp8,5000000,12.0,1920,1080,262784,53.883
3DRy-Stwt9c,385.052,vp8,1280,720,441862,23.979221,77,9155,0,9232,16244376,5023129,0,21267505,h264,539000,29.97,1920,1080,643664,55.667
3-Wy-Ftbd40,69.93833,mpeg4,176,144,56717,12.0,14,825,0,839,47521,448322,0,495843,mpeg4,242000,25.0,320,240,221152,1.256
0ckO-lUydcc,177.33333,mpeg4,176,144,53707,12.0,37,2091,0,2128,100969,1089548,0,1190517,h264,5000000,15.0,1280,720,311280,43.955
1tos-YhVzA4,222.53334,h264,480,360,500449,30.0,219,6457,0,6676,2821722,11099102,0,13920824,vp8,242000,24.0,1280,720,217336,17.989
42hr-6A1jYc,311.1,mpeg4,176,144,56416,12.0,113,3620,0,3733,127552,2066350,0,2193902,h264,3000000,12.0,320,240,221160,2.448
2tzy-vqeeLY,106.765,h264,1280,720,849586,25.0,66,2603,0,2669,4427240,6911026,0,11338266,flv,56000,15.0,176,144,219480,2.468
3_fF9rtYCQ0,256.20834,mpeg4,176,144,57565,12.0,56,3018,0,3074,302900,1540700,0,1843600,mpeg4,3000000,25.0,1280,720,219480,6.588
3YNh-PI2q64,395.44,vp8,1280,720,1611942,25.027847,80,9806,0,9886,5073258,74605061,0,79678319,vp8,56000,15.0,320,240,221160,2.556
08EV-X022WI,204.938,h264,480,360,297373,16.0,111,3169,0,3280,1451634,6166260,0,7617894,flv,820000,25.0,480,360,89716,0.796
1s9d-jTKyUw,448.575,vp8,1280,720,2052426,30.002232,92,13349,0,13441,9132637,105950761,0,115083398,vp8,56000,29.97,320,240,217080,7.808
2kFF-0kB_4w,339.667,h264,640,480,257699,30.0,181,10010,0,10191,10121223,820261,0,10941484,vp8,56000,29.97,640,480,219480,9.253
2SkA-cUEaJ0,490.6,h264,480,360,300437,25.0,256,12010,0,12266,1448177,16976151,0,18424328,flv,56000,12.0,176,144,219480,0.868
0Hwk-yGT-M4,714.371,vp8,1280,720,652356,29.981792,143,21264,0,21407,14532530,43720516,0,58253046,mpeg4,5000000,24.0,640,480,164888,5.596
0XTW-dqdT4w,216.55,h264,320,240,291150,29.0,112,6379,0,6491,1789334,6091735,0,7881069,mpeg4,56000,29.97,320,240,177292,2.408
3Xyf-6FdtDA,49.178333,mpeg4,176,144,54338,7.0,10,334,0,344,33046,300986,0,334032,mpeg4,56000,12.0,1280,720,221152,2.964
1KXW-XA6QkQ,255.28,flv,320,240,250276,25.0,110,6272,0,6382,611474,7374864,0,7986338,mpeg4,5000000,15.0,320,240,216820,1.648
42hr-6A1jYc,311.1,mpeg4,176,144,56416,12.0,113,3620,0,3733,127552,2066350,0,2193902,mpeg4,820000,24.0,480,360,221160,1.664
3fmy-4uvR9U,143.03334,mpeg4,176,144,51082,12.0,31,1685,0,1716,56405,856907,0,913312,flv,3000000,24.0,176,144,219480,0.344
2ApZ-KZ-pEk,157.891,h264,480,360,406908,29.0,87,4646,0,4733,1776729,6254165,0,8030894,flv,820000,12.0,640,480,219464,1.436
22uE-OUUBH8,43.827,flv,320,240,272273,25.0,23,1081,0,1104,137210,1354404,0,1491614,vp8,56000,24.0,480,360,218932,5.352
1RGh-RmYxHY,217.518,h264,480,360,83054,29.0,112,6408,0,6520,406683,1851539,0,2258222,h264,539000,24.0,640,480,217080,13.813
1lkF-VNDcss,458.625,h264,640,480,517364,29.0,245,13501,0,13746,5308581,24350943,0,29659524,vp8,242000,29.97,1920,1080,216820,40.207
25TI-jx-cag,176.901,vp8,480,360,26968,25.113636,38,4382,0,4420,393395,202954,0,596349,h264,109000,25.0,1920,1080,653404,20.829
3fpg-LlHcks,273.816,vp8,1920,1080,1571003,25.065933,77,6766,0,6843,6190779,47579961,0,53770740,h264,539000,15.0,176,144,219656,7.44
1hEL-mcI-tM,304.927,vp8,320,240,134334,25.075659,82,7541,0,7623,833754,4286526,0,5120280,flv,539000,29.97,1920,1080,216820,5.132
2TXm-QHXCzU,270.655,vp8,640,480,652967,30.062963,89,8028,0,8117,1912240,20178890,0,22091130,flv,109000,25.0,480,360,219480,1.956
3-Wy-Ftbd40,69.93833,mpeg4,176,144,56717,12.0,14,825,0,839,47521,448322,0,495843,h264,3000000,12.0,176,144,221152,1.204
42hr-6A1jYc,311.1,mpeg4,176,144,56416,12.0,113,3620,0,3733,127552,2066350,0,2193902,flv,539000,12.0,1920,1080,221160,2.3
3DRy-Stwt9c,385.052,vp8,1280,720,441862,23.979221,77,9155,0,9232,16244376,5023129,0,21267505,vp8,3000000,25.0,1920,1080,219480,27.838
2u-5-Io725E,426.945,h264,1280,720,1064703,29.0,228,12567,0,12795,11297544,45523691,0,56821235,vp8,56000,24.0,1920,1080,219480,29.838
236x-T7D-8g,581.233,h264,480,360,295979,30.0,310,17128,0,17438,10151572,11352574,0,21504146,flv,242000,12.0,320,240,218932,1.032
4BJV-yiTcus,254.922,vp8,480,360,260667,30.062992,51,7585,0,7636,918325,7387906,0,8306231,mpeg4,5000000,12.0,1920,1080,221160,8.341
1tos-YhVzA4,222.53334,h264,480,360,500449,30.0,219,6457,0,6676,2821722,11099102,0,13920824,mpeg4,539000,25.0,480,360,217336,2.808
0ICm-Cu4_aE,476.957,vp8,1280,720,1387100,30.05252,105,14200,0,14305,3487520,79210885,0,82698405,h264,109000,25.0,640,480,165700,11.441
3fpg-LlHcks,273.816,vp8,1920,1080,1571003,25.065933,77,6766,0,6843,6190779,47579961,0,53770740,mpeg4,3000000,15.0,1920,1080,219656,10.493
09oUj9EDIDo,239.14166,h264,480,360,500198,25.0,110,5868,0,5978,1406751,13545526,0,14952277,vp8,242000,29.97,320,240,100208,3.968
3Xyf-6FdtDA,49.178333,mpeg4,176,144,54338,7.0,10,334,0,344,33046,300986,0,334032,flv,5000000,25.0,320,240,221160,0.324
46oD-rS6PC8,95.462,h264,640,480,809256,29.0,51,2811,0,2862,886496,8770159,0,9656655,vp8,56000,25.0,1920,1080,221160,35.198
4Fob-eSnrb8,1768.9417,mpeg4,176,144,56152,12.0,354,20873,0,21227,1382103,11034284,0,12416387,h264,5000000,15.0,1280,720,311488,59.684
0OUmDeBapbQ,316.95166,mpeg4,176,144,55396,12.0,64,3739,0,3803,111850,2082902,0,2194752,flv,56000,24.0,1280,720,165700,1.424
3YNh-PI2q64,395.44,vp8,1280,720,1611942,25.027847,80,9806,0,9886,5073258,74605061,0,79678319,vp8,242000,24.0,480,360,221160,4.428
2zeL-QQa8Sk,77.233,h264,480,360,382461,30.0,53,2265,0,2318,182297,3510033,0,3692330,mpeg4,539000,25.0,176,144,219480,2.736
3Xyf-6FdtDA,49.178333,mpeg4,176,144,54338,7.0,10,334,0,344,33046,300986,0,334032,flv,5000000,25.0,640,480,221160,0.488
2SkA-cUEaJ0,490.6,h264,480,360,300437,25.0,256,12010,0,12266,1448177,16976151,0,18424328,flv,242000,24.0,1920,1080,219480,5.812
2HTJjLLaFL0,379.32,h264,480,360,181960,25.0,195,9289,0,9484,3392479,5235193,0,8627672,mpeg4,242000,25.0,1920,1080,219464,12.705
4b7b-FY4JPI,203.198,flv,320,240,239336,29.0,104,5974,0,6078,853613,5225468,0,6079081,flv,5000000,25.0,640,480,221160,1.58
2HTJjLLaFL0,379.32,h264,480,360,181960,25.0,195,9289,0,9484,3392479,5235193,0,8627672,mpeg4,820000,24.0,1920,1080,219464,12.397
1Y-Y-RHCxRQ,189.956,flv,320,240,231296,29.0,97,5597,0,5694,580292,4911734,0,5492026,h264,3000000,29.97,480,360,218664,16.541
0Yxo-eU6AjI,326.583,vp8,640,480,1055982,25.039877,102,8061,0,8163,1868804,41239444,0,43108248,h264,242000,15.0,176,144,215712,3.124
1L6x-TgAldY,286.995,h264,480,360,508160,23.0,156,6726,0,6882,2285153,15944803,0,18229956,mpeg4,820000,12.0,176,144,216820,1.796
1L6x-TgAldY,286.995,h264,480,360,508160,23.0,156,6726,0,6882,2285153,15944803,0,18229956,vp8,56000,12.0,640,480,216820,5.652
1hEL-mcI-tM,304.927,vp8,320,240,134334,25.075659,82,7541,0,7623,833754,4286526,0,5120280,h264,56000,29.97,640,480,216820,7.688
46oD-rS6PC8,95.462,h264,640,480,809256,29.0,51,2811,0,2862,886496,8770159,0,9656655,h264,820000,25.0,1920,1080,675716,75.153
3-Wy-Ftbd40,69.93833,mpeg4,176,144,56717,12.0,14,825,0,839,47521,448322,0,495843,flv,3000000,15.0,480,360,221152,0.524
28BV-NZV3C8,326.58832,h264,1920,1080,5999648,23.0,174,7656,0,7830,16603953,228322925,0,244926878,h264,539000,24.0,1920,1080,702068,76.357
3xGu-rfcH3s,368.32,vp8,640,480,29096,25.02174,74,9134,0,9208,869558,470067,0,1339625,h264,3000000,29.97,320,240,221152,1.872
2ApZ-KZ-pEk,157.891,h264,480,360,406908,29.0,87,4646,0,4733,1776729,6254165,0,8030894,flv,109000,25.0,1920,1080,219464,5.82
3o_2-igmsyo,440.967,h264,320,240,281642,30.0,236,12994,0,13230,2444863,13079542,0,15524405,h264,5000000,24.0,640,480,219656,16.997
1Nc0-MKuExg,107.443,vp8,480,360,320011,30.093458,30,3190,0,3220,671936,3625932,0,4297868,flv,242000,12.0,640,480,216820,1.26
3o_2-igmsyo,440.967,h264,320,240,281642,30.0,236,12994,0,13230,2444863,13079542,0,15524405,mpeg4,820000,25.0,480,360,219656,3.46
09oUj9EDIDo,239.14166,h264,480,360,500198,25.0,110,5868,0,5978,1406751,13545526,0,14952277,h264,820000,12.0,480,360,120800,9.733
28BV-NZV3C8,326.58832,h264,1920,1080,5999648,23.0,174,7656,0,7830,16603953,228322925,0,244926878,flv,820000,24.0,1920,1080,218932,10.641
1G6F-Huj2hY,110.966995,h264,480,360,397112,30.0,59,3271,0,3330,529627,4978664,0,5508291,vp8,5000000,15.0,480,360,216820,5.488
2NuI-Bp5brA,80.536,h264,480,360,690041,29.0,43,2374,0,2417,618732,6327913,0,6946645,vp8,539000,15.0,1920,1080,219480,32.026
4keb-__zqyQ,452.689,vp8,320,240,66680,5.7057524,42,2537,0,2579,207037,3566163,0,3773200,h264,5000000,15.0,1280,720,316184,72.533
1a5f-GbYEaM,157.80167,h264,1280,720,2885589,25.0,72,3873,0,3945,5611970,51306874,0,56918844,mpeg4,242000,15.0,1920,1080,216020,9.649
1D3O-16kzhQ,274.541,vp8,480,360,139791,30.029198,58,8170,0,8228,802625,3994697,0,4797322,vp8,242000,29.97,1920,1080,216820,35.754
3U8m-ETsTS4,282.56,h264,640,480,559834,25.0,145,6920,0,7065,4966509,14806840,0,19773349,mpeg4,3000000,29.97,1280,720,221152,11.005
3dI-kJGuWbY,292.092,h264,480,360,480125,29.0,156,8599,0,8755,2375028,15155062,0,17530090,mpeg4,5000000,25.0,320,240,219480,4.196
2TXm-QHXCzU,270.655,vp8,640,480,652967,30.062963,89,8028,0,8117,1912240,20178890,0,22091130,h264,539000,15.0,1920,1080,639816,53.731
2ApZ-KZ-pEk,157.891,h264,480,360,406908,29.0,87,4646,0,4733,1776729,6254165,0,8030894,vp8,242000,12.0,320,240,219464,2.56
0XTW-dqdT4w,216.55,h264,320,240,291150,29.0,112,6379,0,6491,1789334,6091735,0,7881069,mpeg4,820000,29.97,1920,1080,184804,16.209
28BV-NZV3C8,326.58832,h264,1920,1080,5999648,23.0,174,7656,0,7830,16603953,228322925,0,244926878,flv,109000,25.0,176,144,218932,8.477
0OUmDeBapbQ,316.95166,mpeg4,176,144,55396,12.0,64,3739,0,3803,111850,2082902,0,2194752,mpeg4,539000,12.0,176,144,165700,0.708
0ckO-lUydcc,177.33333,mpeg4,176,144,53707,12.0,37,2091,0,2128,100969,1089548,0,1190517,h264,5000000,12.0,1920,1080,636120,80.297
2kFF-0kB_4w,339.667,h264,640,480,257699,30.0,181,10010,0,10191,10121223,820261,0,10941484,flv,242000,24.0,1280,720,219480,3.016
46oD-rS6PC8,95.462,h264,640,480,809256,29.0,51,2811,0,2862,886496,8770159,0,9656655,h264,5000000,12.0,640,480,221160,22.773
1tos-YhVzA4,222.53334,h264,480,360,500449,30.0,219,6457,0,6676,2821722,11099102,0,13920824,h264,242000,24.0,1920,1080,646516,41.251
2tzy-vqeeLY,106.765,h264,1280,720,849586,25.0,66,2603,0,2669,4427240,6911026,0,11338266,mpeg4,539000,25.0,1280,720,219480,5.724
04t6-jw9czg,130.35667,mpeg4,176,144,54590,12.0,27,1537,0,1564,64483,825054,0,889537,flv,5000000,29.97,176,144,61056,0.32
0Hwk-yGT-M4,714.371,vp8,1280,720,652356,29.981792,143,21264,0,21407,14532530,43720516,0,58253046,vp8,820000,12.0,320,240,164988,4.912
2AfTeWTxhIg,645.84,vp8,320,240,95903,25.032558,138,16008,0,16146,1081321,6660941,0,7742262,vp8,3000000,25.0,640,480,219200,10.157
3N6c-uPdNas,69.933,flv,320,240,272898,15.0,37,1013,0,1050,349781,2035796,0,2385577,flv,539000,12.0,320,240,219656,0.436
3xUU-YRicZA,131.76,vp8,640,480,104723,25.145039,37,3257,0,3294,945865,778937,0,1724802,mpeg4,3000000,29.97,1280,720,221152,8.961
2SkA-cUEaJ0,490.6,h264,480,360,300437,25.0,256,12010,0,12266,1448177,16976151,0,18424328,vp8,539000,12.0,480,360,219480,4.376
4BJV-yiTcus,254.922,vp8,480,360,260667,30.062992,51,7585,0,7636,918325,7387906,0,8306231,h264,820000,12.0,1280,720,320068,31.858
3SQY-ZB8hmI,473.0,h264,320,240,164017,25.0,198,10924,704,11826,1419320,8047423,0,9697521,flv,56000,12.0,1920,1080,220900,3.36
1ZzJ-T2FJAw,250.017,h264,320,240,153059,29.0,128,7366,0,7494,856855,3926589,0,4783444,h264,5000000,24.0,1280,720,318336,65.84
3_fF9rtYCQ0,256.20834,mpeg4,176,144,57565,12.0,56,3018,0,3074,302900,1540700,0,1843600,vp8,539000,29.97,1920,1080,219480,17.097
3HVJ-p8L33A,163.897,flv,320,240,267032,29.0,87,4826,0,4913,824159,4646573,0,5470732,flv,56000,12.0,480,360,219656,0.724
1KXW-XA6QkQ,255.28,flv,320,240,250276,25.0,110,6272,0,6382,611474,7374864,0,7986338,flv,3000000,24.0,640,480,216820,1.396
3fmy-4uvR9U,143.03334,mpeg4,176,144,51082,12.0,31,1685,0,1716,56405,856907,0,913312,mpeg4,3000000,24.0,480,360,29340,2.56
28BV-NZV3C8,326.58832,h264,1920,1080,5999648,23.0,174,7656,0,7830,16603953,228322925,0,244926878,flv,109000,24.0,176,144,218932,8.493
4Fob-eSnrb8,1768.9417,mpeg4,176,144,56152,12.0,354,20873,0,21227,1382103,11034284,0,12416387,mpeg4,5000000,12.0,1920,1080,221160,7.92
46oD-rS6PC8,95.462,h264,640,480,809256,29.0,51,2811,0,2862,886496,8770159,0,9656655,h264,5000000,12.0,480,360,221160,16.093
0OUmDeBapbQ,316.95166,mpeg4,176,144,55396,12.0,64,3739,0,3803,111850,2082902,0,2194752,flv,5000000,25.0,1280,720,165700,1.832
0Au5-4UDHco,52.68,h264,480,360,372001,25.0,53,1265,0,1318,870136,1579497,0,2449633,h264,242000,24.0,640,480,155028,16.089
1Y-Y-RHCxRQ,189.956,flv,320,240,231296,29.0,97,5597,0,5694,580292,4911734,0,5492026,vp8,5000000,24.0,640,480,218664,6.136
3U8m-ETsTS4,282.56,h264,640,480,559834,25.0,145,6920,0,7065,4966509,14806840,0,19773349,mpeg4,56000,12.0,176,144,220900,1.656
2u-5-Io725E,426.945,h264,1280,720,1064703,29.0,228,12567,0,12795,11297544,45523691,0,56821235,h264,5000000,24.0,480,360,219480,21.853
0Yxo-eU6AjI,326.583,vp8,640,480,1055982,25.039877,102,8061,0,8163,1868804,41239444,0,43108248,vp8,820000,25.0,640,480,212880,10.417
2pet-NcSXvY,37.011665,h264,1280,720,2759449,29.0,21,1088,0,1109,1899633,10866846,0,12766479,flv,5000000,24.0,480,360,219480,5.964
0Axi-TRoqVA,59.883,vp8,1280,720,994960,30.38983,13,1780,0,1793,481774,6965881,0,7447655,vp8,3000000,15.0,640,480,155312,8.113
28BV-NZV3C8,326.58832,h264,1920,1080,5999648,23.0,174,7656,0,7830,16603953,228322925,0,244926878,vp8,5000000,29.97,480,360,218932,18.225
236x-T7D-8g,581.233,h264,480,360,295979,30.0,310,17128,0,17438,10151572,11352574,0,21504146,flv,539000,15.0,1280,720,218932,2.42
1RMD-MxzJn8,64.933,flv,320,240,236793,15.0,39,936,0,975,318954,1603007,0,1921961,flv,109000,24.0,640,480,217080,0.716
0Au5-4UDHco,52.68,h264,480,360,372001,25.0,53,1265,0,1318,870136,1579497,0,2449633,h264,820000,29.97,1920,1080,645680,85.985
0QZJN4yTbbU,34.168,vp8,480,360,186895,30.029411,16,1005,0,1021,238485,559745,0,798230,h264,820000,25.0,480,360,165700,7.548
3mWp-QQn-1M,167.39166,h264,1280,720,2207484,24.0,86,3931,0,4017,4369420,41819887,0,46189307,mpeg4,5000000,12.0,176,144,219656,3.78
15fr-zSdCqg,39.055,h264,1920,1080,5992818,30.0,26,1144,0,1170,839251,28416939,0,29256190,h264,109000,15.0,1280,720,377324,31.234
1RGh-RmYxHY,217.518,h264,480,360,83054,29.0,112,6408,0,6520,406683,1851539,0,2258222,flv,56000,25.0,1920,1080,217080,4.848
4b7b-FY4JPI,203.198,flv,320,240,239336,29.0,104,5974,0,6078,853613,5225468,0,6079081,flv,242000,15.0,176,144,221160,0.432
236x-T7D-8g,581.233,h264,480,360,295979,30.0,310,17128,0,17438,10151572,11352574,0,21504146,flv,109000,29.97,176,144,218932,0.996
1L6x-TgAldY,286.995,h264,480,360,508160,23.0,156,6726,0,6882,2285153,15944803,0,18229956,mpeg4,5000000,24.0,480,360,216820,4.516
2HTJjLLaFL0,379.32,h264,480,360,181960,25.0,195,9289,0,9484,3392479,5235193,0,8627672,h264,5000000,24.0,1920,1080,658428,76.377
2HTJjLLaFL0,379.32,h264,480,360,181960,25.0,195,9289,0,9484,3392479,5235193,0,8627672,h264,539000,24.0,1280,720,323188,24.71
3SQY-ZB8hmI,473.0,h264,320,240,164017,25.0,198,10924,704,11826,1419320,8047423,0,9697521,vp8,56000,25.0,480,360,220808,4.528
25TI-jx-cag,176.901,vp8,480,360,26968,25.113636,38,4382,0,4420,393395,202954,0,596349,h264,820000,12.0,1280,720,286664,5.192
1ZzJ-T2FJAw,250.017,h264,320,240,153059,29.0,128,7366,0,7494,856855,3926589,0,4783444,h264,539000,29.97,480,360,218932,11.737
_2al-ZI1Wss,74.535,mpeg4,176,144,55305,12.0,15,879,0,894,23996,491276,0,515272,flv,3000000,24.0,1280,720,219464,1.62
3xUU-YRicZA,131.76,vp8,640,480,104723,25.145039,37,3257,0,3294,945865,778937,0,1724802,vp8,109000,29.97,1280,720,221152,13.101
0ICm-Cu4_aE,476.957,vp8,1280,720,1387100,30.05252,105,14200,0,14305,3487520,79210885,0,82698405,mpeg4,109000,25.0,1920,1080,165668,12.509
42hr-6A1jYc,311.1,mpeg4,176,144,56416,12.0,113,3620,0,3733,127552,2066350,0,2193902,mpeg4,539000,12.0,480,360,221160,1.128
2kFF-0kB_4w,339.667,h264,640,480,257699,30.0,181,10010,0,10191,10121223,820261,0,10941484,h264,109000,15.0,1920,1080,641428,20.061
1oz8-nezz50,225.08,h264,480,360,538452,25.0,113,5515,0,5628,1873408,13275961,0,15149369,vp8,3000000,25.0,320,240,216820,3.172
e8s2-hvzjWI,142.54666,h264,320,240,194869,7.0,30,1043,0,1073,225602,3246651,0,3472253,h264,109000,12.0,176,144,50492,1.716
3o_2-igmsyo,440.967,h264,320,240,281642,30.0,236,12994,0,13230,2444863,13079542,0,15524405,vp8,109000,15.0,480,360,219656,2.848
3-Wy-Ftbd40,69.93833,mpeg4,176,144,56717,12.0,14,825,0,839,47521,448322,0,495843,flv,5000000,12.0,320,240,221152,0.396
1a5f-GbYEaM,157.80167,h264,1280,720,2885589,25.0,72,3873,0,3945,5611970,51306874,0,56918844,flv,5000000,15.0,320,240,216064,3.66
08EV-X022WI,204.938,h264,480,360,297373,16.0,111,3169,0,3280,1451634,6166260,0,7617894,mpeg4,3000000,24.0,320,240,82252,2.316
3ojsQWU7XWE,86.486,h264,640,480,356037,29.0,46,2547,0,2593,819680,3029350,0,3849030,flv,539000,12.0,480,360,219656,1.396
04t6-jw9czg,130.35667,mpeg4,176,144,54590,12.0,27,1537,0,1564,64483,825054,0,889537,flv,109000,12.0,176,144,50060,0.348
1D3O-16kzhQ,274.541,vp8,480,360,139791,30.029198,58,8170,0,8228,802625,3994697,0,4797322,mpeg4,242000,29.97,1920,1080,216064,16.193
b4h9-1DJ0U8,215.75833,mpeg4,176,144,54703,12.0,46,2543,0,2589,154787,1320550,0,1475337,vp8,56000,25.0,1920,1080,87104,16.097
2ApZ-KZ-pEk,157.891,h264,480,360,406908,29.0,87,4646,0,4733,1776729,6254165,0,8030894,vp8,539000,12.0,320,240,219464,2.588
3U8m-ETsTS4,282.56,h264,640,480,559834,25.0,145,6920,0,7065,4966509,14806840,0,19773349,h264,109000,15.0,1920,1080,660636,21.809
3-Wy-Ftbd40,69.93833,mpeg4,176,144,56717,12.0,14,825,0,839,47521,448322,0,495843,flv,109000,12.0,480,360,221152,0.464
3_fF9rtYCQ0,256.20834,mpeg4,176,144,57565,12.0,56,3018,0,3074,302900,1540700,0,1843600,h264,242000,25.0,320,240,219480,3.732
1s9d-jTKyUw,448.575,vp8,1280,720,2052426,30.002232,92,13349,0,13441,9132637,105950761,0,115083398,flv,539000,25.0,320,240,217080,4.1
2ApZ-KZ-pEk,157.891,h264,480,360,406908,29.0,87,4646,0,4733,1776729,6254165,0,8030894,h264,242000,25.0,640,480,219464,11.341
236x-T7D-8g,581.233,h264,480,360,295979,30.0,310,17128,0,17438,10151572,11352574,0,21504146,vp8,820000,12.0,1280,720,218932,12.621
2tzy-vqeeLY,106.765,h264,1280,720,849586,25.0,66,2603,0,2669,4427240,6911026,0,11338266,h264,109000,15.0,320,240,219480,4.56
0Hwk-yGT-M4,714.371,vp8,1280,720,652356,29.981792,143,21264,0,21407,14532530,43720516,0,58253046,vp8,5000000,25.0,1920,1080,164988,55.191
3AYz-PCa1aI,391.08,h264,640,480,230847,25.0,209,9569,0,9778,9023743,2261252,0,11284995,h264,242000,25.0,320,240,219480,2.864
3Xyf-6FdtDA,49.178333,mpeg4,176,144,54338,7.0,10,334,0,344,33046,300986,0,334032,flv,5000000,15.0,1280,720,221160,0.88
_2al-ZI1Wss,74.535,mpeg4,176,144,55305,12.0,15,879,0,894,23996,491276,0,515272,vp8,109000,15.0,320,240,219200,1.872
46oD-rS6PC8,95.462,h264,640,480,809256,29.0,51,2811,0,2862,886496,8770159,0,9656655,mpeg4,56000,12.0,176,144,221160,2.0
22uE-OUUBH8,43.827,flv,320,240,272273,25.0,23,1081,0,1104,137210,1354404,0,1491614,vp8,3000000,15.0,1920,1080,218932,38.118
0Au5-4UDHco,52.68,h264,480,360,372001,25.0,53,1265,0,1318,870136,1579497,0,2449633,mpeg4,820000,29.97,640,480,140080,5.7
15fr-zSdCqg,39.055,h264,1920,1080,5992818,30.0,26,1144,0,1170,839251,28416939,0,29256190,flv,109000,15.0,480,360,216020,9.541
1D3O-16kzhQ,274.541,vp8,480,360,139791,30.029198,58,8170,0,8228,802625,3994697,0,4797322,vp8,539000,25.0,480,360,216820,5.116
46oD-rS6PC8,95.462,h264,640,480,809256,29.0,51,2811,0,2862,886496,8770159,0,9656655,flv,820000,24.0,1920,1080,221160,6.364
1KXW-XA6QkQ,255.28,flv,320,240,250276,25.0,110,6272,0,6382,611474,7374864,0,7986338,mpeg4,56000,12.0,320,240,216820,1.352
1tos-YhVzA4,222.53334,h264,480,360,500449,30.0,219,6457,0,6676,2821722,11099102,0,13920824,flv,539000,29.97,320,240,217348,1.048
3_fF9rtYCQ0,256.20834,mpeg4,176,144,57565,12.0,56,3018,0,3074,302900,1540700,0,1843600,h264,56000,25.0,480,360,219480,4.588
1LXH-OibJYQ,42.2,h264,480,360,288705,25.0,23,1033,0,1056,216154,1306770,0,1522924,flv,3000000,12.0,176,144,216820,0.8
09oUj9EDIDo,239.14166,h264,480,360,500198,25.0,110,5868,0,5978,1406751,13545526,0,14952277,mpeg4,5000000,12.0,1280,720,97928,4.788
1RGh-RmYxHY,217.518,h264,480,360,83054,29.0,112,6408,0,6520,406683,1851539,0,2258222,mpeg4,56000,12.0,480,360,216820,2.2
3fpg-LlHcks,273.816,vp8,1920,1080,1571003,25.065933,77,6766,0,6843,6190779,47579961,0,53770740,flv,3000000,24.0,320,240,219656,5.064
2u-5-Io725E,426.945,h264,1280,720,1064703,29.0,228,12567,0,12795,11297544,45523691,0,56821235,mpeg4,109000,25.0,480,360,219480,4.612
0Hwk-yGT-M4,714.371,vp8,1280,720,652356,29.981792,143,21264,0,21407,14532530,43720516,0,58253046,h264,5000000,12.0,480,360,165564,17.161
3Wdg-dsGihA,340.424,flv,320,240,244491,11.0,69,4012,0,4081,1168939,9234909,0,10403848,h264,56000,24.0,640,480,221152,6.752
2NuI-Bp5brA,80.536,h264,480,360,690041,29.0,43,2374,0,2417,618732,6327913,0,6946645,vp8,3000000,25.0,176,144,219480,3.776
3N6c-uPdNas,69.933,flv,320,240,272898,15.0,37,1013,0,1050,349781,2035796,0,2385577,h264,56000,29.97,640,480,219656,8.389
0a6_--ZJXTE,290.01666,mpeg4,176,144,52783,12.0,61,3417,0,3478,119325,1794184,0,1913509,mpeg4,3000000,24.0,320,240,129236,1.564
1ZzJ-T2FJAw,250.017,h264,320,240,153059,29.0,128,7366,0,7494,856855,3926589,0,4783444,vp8,3000000,29.97,320,240,218664,3.344
0Axi-TRoqVA,59.883,vp8,1280,720,994960,30.38983,13,1780,0,1793,481774,6965881,0,7447655,flv,56000,25.0,320,240,159036,3.204
4b7b-FY4JPI,203.198,flv,320,240,239336,29.0,104,5974,0,6078,853613,5225468,0,6079081,vp8,56000,12.0,320,240,221160,2.476
1WrA-SRsgEk,384.451,h264,640,480,646432,29.0,205,11318,0,11523,2839955,28225248,0,31065203,mpeg4,56000,25.0,480,360,217544,4.128
xyV-rgzWjSw,119.488335,h264,480,360,156504,25.0,52,2935,0,2987,1600037,737514,0,2337551,h264,242000,25.0,480,360,104412,4.76
2Y-k-006Zbs,67.583336,mpeg4,176,144,51225,12.0,15,777,0,792,47585,385164,0,432749,h264,56000,24.0,320,240,219480,2.488
3Xyf-6FdtDA,49.178333,mpeg4,176,144,54338,7.0,10,334,0,344,33046,300986,0,334032,h264,5000000,29.97,176,144,221160,1.728
1oz8-nezz50,225.08,h264,480,360,538452,25.0,113,5515,0,5628,1873408,13275961,0,15149369,vp8,3000000,24.0,320,240,216820,3.132
0Axi-TRoqVA,59.883,vp8,1280,720,994960,30.38983,13,1780,0,1793,481774,6965881,0,7447655,flv,539000,29.97,320,240,161888,3.292
3SQY-ZB8hmI,473.0,h264,320,240,164017,25.0,198,10924,704,11826,1419320,8047423,0,9697521,vp8,3000000,25.0,640,480,220900,9.741
2TXm-QHXCzU,270.655,vp8,640,480,652967,30.062963,89,8028,0,8117,1912240,20178890,0,22091130,mpeg4,820000,12.0,480,360,219480,2.92
3YNh-PI2q64,395.44,vp8,1280,720,1611942,25.027847,80,9806,0,9886,5073258,74605061,0,79678319,mpeg4,109000,15.0,1920,1080,221160,7.572
3fpg-LlHcks,273.816,vp8,1920,1080,1571003,25.065933,77,6766,0,6843,6190779,47579961,0,53770740,mpeg4,242000,29.97,320,240,219656,5.736
3U8m-ETsTS4,282.56,h264,640,480,559834,25.0,145,6920,0,7065,4966509,14806840,0,19773349,vp8,242000,25.0,320,240,221152,3.14
3o_2-igmsyo,440.967,h264,320,240,281642,30.0,236,12994,0,13230,2444863,13079542,0,15524405,vp8,5000000,29.97,480,360,219656,4.368
0Au5-4UDHco,52.68,h264,480,360,372001,25.0,53,1265,0,1318,870136,1579497,0,2449633,vp8,820000,29.97,320,240,140080,5.004
4b7b-FY4JPI,203.198,flv,320,240,239336,29.0,104,5974,0,6078,853613,5225468,0,6079081,mpeg4,820000,25.0,176,144,221160,1.74
2tzy-vqeeLY,106.765,h264,1280,720,849586,25.0,66,2603,0,2669,4427240,6911026,0,11338266,vp8,5000000,24.0,1920,1080,219480,34.774
1KXW-XA6QkQ,255.28,flv,320,240,250276,25.0,110,6272,0,6382,611474,7374864,0,7986338,flv,56000,25.0,480,360,216820,0.76
1L6x-TgAldY,286.995,h264,480,360,508160,23.0,156,6726,0,6882,2285153,15944803,0,18229956,mpeg4,539000,29.97,480,360,216820,4.156
2HTJjLLaFL0,379.32,h264,480,360,181960,25.0,195,9289,0,9484,3392479,5235193,0,8627672,h264,3000000,15.0,480,360,219480,5.34
2ApZ-KZ-pEk,157.891,h264,480,360,406908,29.0,87,4646,0,4733,1776729,6254165,0,8030894,h264,242000,25.0,320,240,219464,4.6
0Axi-TRoqVA,59.883,vp8,1280,720,994960,30.38983,13,1780,0,1793,481774,6965881,0,7447655,flv,3000000,25.0,480,360,161972,3.696
3U8m-ETsTS4,282.56,h264,640,480,559834,25.0,145,6920,0,7065,4966509,14806840,0,19773349,mpeg4,56000,12.0,1280,720,220900,3.748
3_fF9rtYCQ0,256.20834,mpeg4,176,144,57565,12.0,56,3018,0,3074,302900,1540700,0,1843600,flv,242000,25.0,1280,720,219480,1.26
0_VA-rJgmMI,750.433,vp8,1280,720,794075,13.482667,81,10031,0,10112,3852576,70635013,0,74487589,h264,3000000,29.97,640,480,174664,18.937
0I0e-5-iR3A,906.5983,mpeg4,176,144,56108,12.0,187,10692,0,10879,597549,5760936,0,6358485,flv,56000,29.97,1280,720,165668,1.392
236x-T7D-8g,581.233,h264,480,360,295979,30.0,310,17128,0,17438,10151572,11352574,0,21504146,vp8,820000,12.0,176,144,218932,1.772
2ApZ-KZ-pEk,157.891,h264,480,360,406908,29.0,87,4646,0,4733,1776729,6254165,0,8030894,flv,109000,24.0,1920,1080,219464,5.612
2TXm-QHXCzU,270.655,vp8,640,480,652967,30.062963,89,8028,0,8117,1912240,20178890,0,22091130,flv,5000000,25.0,1280,720,219480,4.852
1Nc0-MKuExg,107.443,vp8,480,360,320011,30.093458,30,3190,0,3220,671936,3625932,0,4297868,vp8,539000,25.0,320,240,216820,3.656
3dI-kJGuWbY,292.092,h264,480,360,480125,29.0,156,8599,0,8755,2375028,15155062,0,17530090,vp8,3000000,25.0,176,144,219480,3.1
09oUj9EDIDo,239.14166,h264,480,360,500198,25.0,110,5868,0,5978,1406751,13545526,0,14952277,mpeg4,109000,29.97,480,360,94976,3.156
08EV-X022WI,204.938,h264,480,360,297373,16.0,111,3169,0,3280,1451634,6166260,0,7617894,mpeg4,3000000,12.0,1280,720,82240,3.876
1ZzJ-T2FJAw,250.017,h264,320,240,153059,29.0,128,7366,0,7494,856855,3926589,0,4783444,mpeg4,5000000,25.0,1280,720,218664,10.901
3BVV-0I-JlM,33.09,h264,320,240,279173,13.0,22,434,0,456,101794,1052937,0,1154731,mpeg4,5000000,29.97,1920,1080,219480,15.881
1s9d-jTKyUw,448.575,vp8,1280,720,2052426,30.002232,92,13349,0,13441,9132637,105950761,0,115083398,flv,539000,12.0,1280,720,217080,4.24
2TXm-QHXCzU,270.655,vp8,640,480,652967,30.062963,89,8028,0,8117,1912240,20178890,0,22091130,mpeg4,56000,29.97,176,144,219480,2.936
1ZzJ-T2FJAw,250.017,h264,320,240,153059,29.0,128,7366,0,7494,856855,3926589,0,4783444,flv,109000,12.0,176,144,218900,0.64
1G6F-Huj2hY,110.966995,h264,480,360,397112,30.0,59,3271,0,3330,529627,4978664,0,5508291,flv,242000,25.0,640,480,216820,1.604
0Hwk-yGT-M4,714.371,vp8,1280,720,652356,29.981792,143,21264,0,21407,14532530,43720516,0,58253046,vp8,3000000,29.97,1280,720,164988,31.81
15fr-zSdCqg,39.055,h264,1920,1080,5992818,30.0,26,1144,0,1170,839251,28416939,0,29256190,flv,539000,12.0,1280,720,216020,10.357
3dI-kJGuWbY,292.092,h264,480,360,480125,29.0,156,8599,0,8755,2375028,15155062,0,17530090,h264,539000,12.0,640,480,219480,14.653
3N6c-uPdNas,69.933,flv,320,240,272898,15.0,37,1013,0,1050,349781,2035796,0,2385577,flv,56000,25.0,640,480,219656,0.764
3SQY-ZB8hmI,473.0,h264,320,240,164017,25.0,198,10924,704,11826,1419320,8047423,0,9697521,h264,56000,25.0,480,360,220900,6.52
42hr-6A1jYc,311.1,mpeg4,176,144,56416,12.0,113,3620,0,3733,127552,2066350,0,2193902,vp8,56000,29.97,320,240,221160,1.14
3DRy-Stwt9c,385.052,vp8,1280,720,441862,23.979221,77,9155,0,9232,16244376,5023129,0,21267505,mpeg4,539000,24.0,1280,720,219480,7.092
0QZJN4yTbbU,34.168,vp8,480,360,186895,30.029411,16,1005,0,1021,238485,559745,0,798230,vp8,539000,24.0,320,240,165700,2.824
3U8m-ETsTS4,282.56,h264,640,480,559834,25.0,145,6920,0,7065,4966509,14806840,0,19773349,vp8,242000,12.0,1280,720,221152,9.761
1G6F-Huj2hY,110.966995,h264,480,360,397112,30.0,59,3271,0,3330,529627,4978664,0,5508291,vp8,109000,25.0,1280,720,216820,16.713
0ckO-lUydcc,177.33333,mpeg4,176,144,53707,12.0,37,2091,0,2128,100969,1089548,0,1190517,vp8,56000,24.0,176,144,163024,0.968
1LXH-OibJYQ,42.2,h264,480,360,288705,25.0,23,1033,0,1056,216154,1306770,0,1522924,mpeg4,56000,25.0,640,480,216820,4.224
2HTJjLLaFL0,379.32,h264,480,360,181960,25.0,195,9289,0,9484,3392479,5235193,0,8627672,h264,56000,24.0,1280,720,322572,13.305
4NcD-WQyXCQ,860.056,vp8,1280,720,2688309,29.968605,277,25496,0,25773,12989828,276022270,0,289012098,flv,56000,25.0,320,240,262784,4.152
22uE-OUUBH8,43.827,flv,320,240,272273,25.0,23,1081,0,1104,137210,1354404,0,1491614,vp8,820000,24.0,1920,1080,218932,37.11
2kFF-0kB_4w,339.667,h264,640,480,257699,30.0,181,10010,0,10191,10121223,820261,0,10941484,h264,242000,12.0,176,144,219480,1.52
1ZzJ-T2FJAw,250.017,h264,320,240,153059,29.0,128,7366,0,7494,856855,3926589,0,4783444,flv,539000,24.0,320,240,218900,0.76
2SkA-cUEaJ0,490.6,h264,480,360,300437,25.0,256,12010,0,12266,1448177,16976151,0,18424328,mpeg4,539000,25.0,320,240,219480,3.352
2Y-k-006Zbs,67.583336,mpeg4,176,144,51225,12.0,15,777,0,792,47585,385164,0,432749,vp8,820000,24.0,1920,1080,219480,19.497
0I0e-5-iR3A,906.5983,mpeg4,176,144,56108,12.0,187,10692,0,10879,597549,5760936,0,6358485,mpeg4,5000000,29.97,480,360,165668,2.516
3HVJ-p8L33A,163.897,flv,320,240,267032,29.0,87,4826,0,4913,824159,4646573,0,5470732,vp8,539000,25.0,1920,1080,219656,34.146
2SkA-cUEaJ0,490.6,h264,480,360,300437,25.0,256,12010,0,12266,1448177,16976151,0,18424328,vp8,109000,12.0,640,480,219480,4.928
1s9d-jTKyUw,448.575,vp8,1280,720,2052426,30.002232,92,13349,0,13441,9132637,105950761,0,115083398,mpeg4,242000,24.0,480,360,217080,5.168
0Yxo-eU6AjI,326.583,vp8,640,480,1055982,25.039877,102,8061,0,8163,1868804,41239444,0,43108248,vp8,5000000,12.0,640,480,213080,7.964
1oz8-nezz50,225.08,h264,480,360,538452,25.0,113,5515,0,5628,1873408,13275961,0,15149369,h264,242000,29.97,176,144,216820,3.468
3YNh-PI2q64,395.44,vp8,1280,720,1611942,25.027847,80,9806,0,9886,5073258,74605061,0,79678319,vp8,5000000,29.97,320,240,221160,2.824
2HTJjLLaFL0,379.32,h264,480,360,181960,25.0,195,9289,0,9484,3392479,5235193,0,8627672,vp8,242000,12.0,320,240,219480,1.784
3SQY-ZB8hmI,473.0,h264,320,240,164017,25.0,198,10924,704,11826,1419320,8047423,0,9697521,mpeg4,56000,24.0,1280,720,219656,8.445
3-Wy-Ftbd40,69.93833,mpeg4,176,144,56717,12.0,14,825,0,839,47521,448322,0,495843,mpeg4,539000,24.0,176,144,221152,0.708
2ApZ-KZ-pEk,157.891,h264,480,360,406908,29.0,87,4646,0,4733,1776729,6254165,0,8030894,h264,242000,25.0,1280,720,330356,23.297
1RMD-MxzJn8,64.933,flv,320,240,236793,15.0,39,936,0,975,318954,1603007,0,1921961,h264,56000,25.0,320,240,217080,3.028
1D3O-16kzhQ,274.541,vp8,480,360,139791,30.029198,58,8170,0,8228,802625,3994697,0,4797322,mpeg4,3000000,29.97,1280,720,216064,11.749
2HTJjLLaFL0,379.32,h264,480,360,181960,25.0,195,9289,0,9484,3392479,5235193,0,8627672,vp8,109000,24.0,640,480,219464,5.908
2tzy-vqeeLY,106.765,h264,1280,720,849586,25.0,66,2603,0,2669,4427240,6911026,0,11338266,vp8,3000000,15.0,640,480,219480,6.336
3HVJ-p8L33A,163.897,flv,320,240,267032,29.0,87,4826,0,4913,824159,4646573,0,5470732,h264,820000,24.0,640,480,219656,16.609
2zeL-QQa8Sk,77.233,h264,480,360,382461,30.0,53,2265,0,2318,182297,3510033,0,3692330,mpeg4,56000,12.0,640,480,219480,3.416
0a6_--ZJXTE,290.01666,mpeg4,176,144,52783,12.0,61,3417,0,3478,119325,1794184,0,1913509,vp8,5000000,15.0,176,144,134948,1.236
0_VA-rJgmMI,750.433,vp8,1280,720,794075,13.482667,81,10031,0,10112,3852576,70635013,0,74487589,flv,242000,24.0,176,144,165700,1.596
04t6-jw9czg,130.35667,mpeg4,176,144,54590,12.0,27,1537,0,1564,64483,825054,0,889537,flv,56000,24.0,320,240,49652,0.384
2TXm-QHXCzU,270.655,vp8,640,480,652967,30.062963,89,8028,0,8117,1912240,20178890,0,22091130,mpeg4,5000000,12.0,176,144,219480,2.004
2tzy-vqeeLY,106.765,h264,1280,720,849586,25.0,66,2603,0,2669,4427240,6911026,0,11338266,flv,539000,15.0,480,360,219480,2.68
3_fF9rtYCQ0,256.20834,mpeg4,176,144,57565,12.0,56,3018,0,3074,302900,1540700,0,1843600,flv,539000,12.0,1280,720,219480,1.224
1KXW-XA6QkQ,255.28,flv,320,240,250276,25.0,110,6272,0,6382,611474,7374864,0,7986338,vp8,56000,12.0,480,360,216820,2.892
4BJV-yiTcus,254.922,vp8,480,360,260667,30.062992,51,7585,0,7636,918325,7387906,0,8306231,vp8,820000,15.0,640,480,221160,6.868
2HTJjLLaFL0,379.32,h264,480,360,181960,25.0,195,9289,0,9484,3392479,5235193,0,8627672,h264,56000,29.97,480,360,219480,4.976
1WrA-SRsgEk,384.451,h264,640,480,646432,29.0,205,11318,0,11523,2839955,28225248,0,31065203,flv,820000,15.0,320,240,217828,1.64
0a6_--ZJXTE,290.01666,mpeg4,176,144,52783,12.0,61,3417,0,3478,119325,1794184,0,1913509,flv,5000000,12.0,176,144,136256,0.344
28BV-NZV3C8,326.58832,h264,1920,1080,5999648,23.0,174,7656,0,7830,16603953,228322925,0,244926878,flv,242000,15.0,640,480,218932,8.329
3-Wy-Ftbd40,69.93833,mpeg4,176,144,56717,12.0,14,825,0,839,47521,448322,0,495843,h264,109000,15.0,1920,1080,635948,21.329
15fr-zSdCqg,39.055,h264,1920,1080,5992818,30.0,26,1144,0,1170,839251,28416939,0,29256190,mpeg4,109000,12.0,176,144,215712,10.025
3AYz-PCa1aI,391.08,h264,640,480,230847,25.0,209,9569,0,9778,9023743,2261252,0,11284995,flv,109000,24.0,1280,720,219480,2.74
3HVJ-p8L33A,163.897,flv,320,240,267032,29.0,87,4826,0,4913,824159,4646573,0,5470732,flv,3000000,29.97,176,144,219656,0.588
0ICm-Cu4_aE,476.957,vp8,1280,720,1387100,30.05252,105,14200,0,14305,3487520,79210885,0,82698405,mpeg4,539000,29.97,1920,1080,165696,14.569
2pet-NcSXvY,37.011665,h264,1280,720,2759449,29.0,21,1088,0,1109,1899633,10866846,0,12766479,vp8,5000000,29.97,1920,1080,219480,83.745
2kFF-0kB_4w,339.667,h264,640,480,257699,30.0,181,10010,0,10191,10121223,820261,0,10941484,flv,3000000,24.0,320,240,219480,1.256
2u-5-Io725E,426.945,h264,1280,720,1064703,29.0,228,12567,0,12795,11297544,45523691,0,56821235,mpeg4,3000000,25.0,640,480,219480,5.444
3-Wy-Ftbd40,69.93833,mpeg4,176,144,56717,12.0,14,825,0,839,47521,448322,0,495843,mpeg4,820000,25.0,480,360,221152,1.968
1Vq6-f1kYeM,127.221664,h264,1920,1080,3080852,23.0,70,2980,0,3050,3818903,45174992,0,48993895,vp8,242000,24.0,480,360,217348,12.425
3o_2-igmsyo,440.967,h264,320,240,281642,30.0,236,12994,0,13230,2444863,13079542,0,15524405,h264,539000,12.0,176,144,219656,1.776
0a6_--ZJXTE,290.01666,mpeg4,176,144,52783,12.0,61,3417,0,3478,119325,1794184,0,1913509,vp8,242000,12.0,320,240,132196,2.396
1WrA-SRsgEk,384.451,h264,640,480,646432,29.0,205,11318,0,11523,2839955,28225248,0,31065203,vp8,3000000,12.0,1280,720,217568,14.521
0_VA-rJgmMI,750.433,vp8,1280,720,794075,13.482667,81,10031,0,10112,3852576,70635013,0,74487589,mpeg4,109000,12.0,640,480,165700,2.88
1KXW-XA6QkQ,255.28,flv,320,240,250276,25.0,110,6272,0,6382,611474,7374864,0,7986338,mpeg4,242000,15.0,1280,720,216820,4.884
3AYz-PCa1aI,391.08,h264,640,480,230847,25.0,209,9569,0,9778,9023743,2261252,0,11284995,flv,5000000,29.97,640,480,219480,1.2
1L6x-TgAldY,286.995,h264,480,360,508160,23.0,156,6726,0,6882,2285153,15944803,0,18229956,mpeg4,56000,24.0,1920,1080,216820,13.437
42hr-6A1jYc,311.1,mpeg4,176,144,56416,12.0,113,3620,0,3733,127552,2066350,0,2193902,flv,539000,12.0,1280,720,221160,1.156
3Xyf-6FdtDA,49.178333,mpeg4,176,144,54338,7.0,10,334,0,344,33046,300986,0,334032,flv,3000000,29.97,1920,1080,221160,1.76
3SQY-ZB8hmI,473.0,h264,320,240,164017,25.0,198,10924,704,11826,1419320,8047423,0,9697521,vp8,539000,12.0,480,360,220808,4.232
0XTW-dqdT4w,216.55,h264,320,240,291150,29.0,112,6379,0,6491,1789334,6091735,0,7881069,flv,539000,29.97,1280,720,207156,3.0
3o_2-igmsyo,440.967,h264,320,240,281642,30.0,236,12994,0,13230,2444863,13079542,0,15524405,flv,5000000,25.0,1280,720,219656,2.86
1lkF-VNDcss,458.625,h264,640,480,517364,29.0,245,13501,0,13746,5308581,24350943,0,29659524,flv,5000000,12.0,176,144,216820,1.168
0ckO-lUydcc,177.33333,mpeg4,176,144,53707,12.0,37,2091,0,2128,100969,1089548,0,1190517,mpeg4,109000,12.0,176,144,162996,0.58
1lkF-VNDcss,458.625,h264,640,480,517364,29.0,245,13501,0,13746,5308581,24350943,0,29659524,flv,109000,15.0,480,360,216820,1.416
2TXm-QHXCzU,270.655,vp8,640,480,652967,30.062963,89,8028,0,8117,1912240,20178890,0,22091130,h264,109000,29.97,320,240,219480,6.404
2TXm-QHXCzU,270.655,vp8,640,480,652967,30.062963,89,8028,0,8117,1912240,20178890,0,22091130,vp8,820000,15.0,640,480,219480,10.405
1RMD-MxzJn8,64.933,flv,320,240,236793,15.0,39,936,0,975,318954,1603007,0,1921961,vp8,539000,29.97,480,360,217080,5.476
42hr-6A1jYc,311.1,mpeg4,176,144,56416,12.0,113,3620,0,3733,127552,2066350,0,2193902,mpeg4,3000000,29.97,1280,720,221160,6.584
0_VA-rJgmMI,750.433,vp8,1280,720,794075,13.482667,81,10031,0,10112,3852576,70635013,0,74487589,vp8,242000,25.0,640,480,165700,6.976
3mWp-QQn-1M,167.39166,h264,1280,720,2207484,24.0,86,3931,0,4017,4369420,41819887,0,46189307,h264,539000,25.0,480,360,219656,15.789
1WrA-SRsgEk,384.451,h264,640,480,646432,29.0,205,11318,0,11523,2839955,28225248,0,31065203,h264,3000000,12.0,320,240,217852,6.828
22uE-OUUBH8,43.827,flv,320,240,272273,25.0,23,1081,0,1104,137210,1354404,0,1491614,flv,5000000,24.0,176,144,218932,0.624
1KXW-XA6QkQ,255.28,flv,320,240,250276,25.0,110,6272,0,6382,611474,7374864,0,7986338,h264,242000,12.0,320,240,216820,3.716
4Fob-eSnrb8,1768.9417,mpeg4,176,144,56152,12.0,354,20873,0,21227,1382103,11034284,0,12416387,h264,3000000,15.0,640,480,245148,22.105
0Au5-4UDHco,52.68,h264,480,360,372001,25.0,53,1265,0,1318,870136,1579497,0,2449633,h264,109000,24.0,480,360,155028,8.669
2TXm-QHXCzU,270.655,vp8,640,480,652967,30.062963,89,8028,0,8117,1912240,20178890,0,22091130,h264,820000,12.0,480,360,219480,11.969
1G6F-Huj2hY,110.966995,h264,480,360,397112,30.0,59,3271,0,3330,529627,4978664,0,5508291,h264,242000,24.0,176,144,216820,3.828
3_fF9rtYCQ0,256.20834,mpeg4,176,144,57565,12.0,56,3018,0,3074,302900,1540700,0,1843600,h264,3000000,25.0,480,360,219480,9.173
0ckO-lUydcc,177.33333,mpeg4,176,144,53707,12.0,37,2091,0,2128,100969,1089548,0,1190517,h264,539000,12.0,640,480,164168,10.629
3U8m-ETsTS4,282.56,h264,640,480,559834,25.0,145,6920,0,7065,4966509,14806840,0,19773349,h264,242000,24.0,1280,720,332456,19.909
2u-5-Io725E,426.945,h264,1280,720,1064703,29.0,228,12567,0,12795,11297544,45523691,0,56821235,h264,56000,25.0,480,360,219480,8.157
1WrA-SRsgEk,384.451,h264,640,480,646432,29.0,205,11318,0,11523,2839955,28225248,0,31065203,mpeg4,820000,12.0,1280,720,217568,4.244
3o_2-igmsyo,440.967,h264,320,240,281642,30.0,236,12994,0,13230,2444863,13079542,0,15524405,vp8,56000,25.0,1920,1080,219656,27.778
2zeL-QQa8Sk,77.233,h264,480,360,382461,30.0,53,2265,0,2318,182297,3510033,0,3692330,h264,109000,12.0,480,360,219480,5.108
1D3O-16kzhQ,274.541,vp8,480,360,139791,30.029198,58,8170,0,8228,802625,3994697,0,4797322,h264,3000000,15.0,640,480,216820,16.437
3_fF9rtYCQ0,256.20834,mpeg4,176,144,57565,12.0,56,3018,0,3074,302900,1540700,0,1843600,flv,3000000,25.0,1280,720,219480,1.524
3BVV-0I-JlM,33.09,h264,320,240,279173,13.0,22,434,0,456,101794,1052937,0,1154731,flv,820000,29.97,1280,720,219480,1.948
3o_2-igmsyo,440.967,h264,320,240,281642,30.0,236,12994,0,13230,2444863,13079542,0,15524405,flv,242000,15.0,480,360,219656,0.916
3SQY-ZB8hmI,473.0,h264,320,240,164017,25.0,198,10924,704,11826,1419320,8047423,0,9697521,h264,109000,12.0,176,144,220900,1.82
2kFF-0kB_4w,339.667,h264,640,480,257699,30.0,181,10010,0,10191,10121223,820261,0,10941484,mpeg4,5000000,29.97,320,240,219480,2.992
42hr-6A1jYc,311.1,mpeg4,176,144,56416,12.0,113,3620,0,3733,127552,2066350,0,2193902,mpeg4,820000,24.0,1280,720,221160,4.888
2pet-NcSXvY,37.011665,h264,1280,720,2759449,29.0,21,1088,0,1109,1899633,10866846,0,12766479,h264,242000,24.0,480,360,219480,15.509
2TXm-QHXCzU,270.655,vp8,640,480,652967,30.062963,89,8028,0,8117,1912240,20178890,0,22091130,vp8,820000,25.0,640,480,219480,13.233
3Wdg-dsGihA,340.424,flv,320,240,244491,11.0,69,4012,0,4081,1168939,9234909,0,10403848,flv,539000,15.0,640,480,221152,0.692
4BJV-yiTcus,254.922,vp8,480,360,260667,30.062992,51,7585,0,7636,918325,7387906,0,8306231,h264,5000000,15.0,640,480,221160,26.342
4BJV-yiTcus,254.922,vp8,480,360,260667,30.062992,51,7585,0,7636,918325,7387906,0,8306231,h264,539000,12.0,1280,720,319604,27.142
1L6x-TgAldY,286.995,h264,480,360,508160,23.0,156,6726,0,6882,2285153,15944803,0,18229956,h264,539000,12.0,1920,1080,646040,41.263
0a6_--ZJXTE,290.01666,mpeg4,176,144,52783,12.0,61,3417,0,3478,119325,1794184,0,1913509,h264,5000000,29.97,176,144,139940,3.4
3YNh-PI2q64,395.44,vp8,1280,720,1611942,25.027847,80,9806,0,9886,5073258,74605061,0,79678319,flv,539000,25.0,1280,720,221160,2.436
3_fF9rtYCQ0,256.20834,mpeg4,176,144,57565,12.0,56,3018,0,3074,302900,1540700,0,1843600,mpeg4,56000,29.97,320,240,219480,1.404
3U8m-ETsTS4,282.56,h264,640,480,559834,25.0,145,6920,0,7065,4966509,14806840,0,19773349,vp8,820000,24.0,480,360,221152,5.216
2ApZ-KZ-pEk,157.891,h264,480,360,406908,29.0,87,4646,0,4733,1776729,6254165,0,8030894,flv,56000,24.0,1280,720,219464,2.988
0Yxo-eU6AjI,326.583,vp8,640,480,1055982,25.039877,102,8061,0,8163,1868804,41239444,0,43108248,vp8,3000000,25.0,1920,1080,213080,49.871
0ckO-lUydcc,177.33333,mpeg4,176,144,53707,12.0,37,2091,0,2128,100969,1089548,0,1190517,h264,3000000,25.0,640,480,164736,18.593
3fmy-4uvR9U,143.03334,mpeg4,176,144,51082,12.0,31,1685,0,1716,56405,856907,0,913312,mpeg4,109000,29.97,1920,1080,219480,14.909
2kFF-0kB_4w,339.667,h264,640,480,257699,30.0,181,10010,0,10191,10121223,820261,0,10941484,vp8,242000,25.0,320,240,219480,2.448
1LXH-OibJYQ,42.2,h264,480,360,288705,25.0,23,1033,0,1056,216154,1306770,0,1522924,flv,242000,29.97,480,360,216820,0.872
3-Wy-Ftbd40,69.93833,mpeg4,176,144,56717,12.0,14,825,0,839,47521,448322,0,495843,flv,56000,12.0,1280,720,221152,1.2
04t6-jw9czg,130.35667,mpeg4,176,144,54590,12.0,27,1537,0,1564,64483,825054,0,889537,flv,242000,29.97,176,144,53504,0.312
3YNh-PI2q64,395.44,vp8,1280,720,1611942,25.027847,80,9806,0,9886,5073258,74605061,0,79678319,flv,5000000,24.0,1920,1080,221160,5.86
2Y-k-006Zbs,67.583336,mpeg4,176,144,51225,12.0,15,777,0,792,47585,385164,0,432749,flv,539000,12.0,1280,720,219480,1.24
4b7b-FY4JPI,203.198,flv,320,240,239336,29.0,104,5974,0,6078,853613,5225468,0,6079081,mpeg4,242000,24.0,176,144,221160,1.568
1hEL-mcI-tM,304.927,vp8,320,240,134334,25.075659,82,7541,0,7623,833754,4286526,0,5120280,flv,109000,29.97,640,480,216820,1.172
2AfTeWTxhIg,645.84,vp8,320,240,95903,25.032558,138,16008,0,16146,1081321,6660941,0,7742262,vp8,820000,24.0,480,360,219196,6.344
42hr-6A1jYc,311.1,mpeg4,176,144,56416,12.0,113,3620,0,3733,127552,2066350,0,2193902,vp8,820000,15.0,640,480,221160,3.088
1Y-Y-RHCxRQ,189.956,flv,320,240,231296,29.0,97,5597,0,5694,580292,4911734,0,5492026,flv,5000000,24.0,640,480,218664,1.176
1RMD-MxzJn8,64.933,flv,320,240,236793,15.0,39,936,0,975,318954,1603007,0,1921961,vp8,56000,25.0,1920,1080,217080,19.833
2AfTeWTxhIg,645.84,vp8,320,240,95903,25.032558,138,16008,0,16146,1081321,6660941,0,7742262,mpeg4,3000000,12.0,1920,1080,218932,7.652
0_VA-rJgmMI,750.433,vp8,1280,720,794075,13.482667,81,10031,0,10112,3852576,70635013,0,74487589,h264,820000,12.0,320,240,170932,4.016
2NuI-Bp5brA,80.536,h264,480,360,690041,29.0,43,2374,0,2417,618732,6327913,0,6946645,h264,5000000,15.0,320,240,219480,12.493
0_VA-rJgmMI,750.433,vp8,1280,720,794075,13.482667,81,10031,0,10112,3852576,70635013,0,74487589,mpeg4,56000,15.0,640,480,165700,2.86
0OUmDeBapbQ,316.95166,mpeg4,176,144,55396,12.0,64,3739,0,3803,111850,2082902,0,2194752,h264,109000,15.0,640,480,165700,6.764
3AYz-PCa1aI,391.08,h264,640,480,230847,25.0,209,9569,0,9778,9023743,2261252,0,11284995,flv,3000000,25.0,480,360,219480,1.248
3Xyf-6FdtDA,49.178333,mpeg4,176,144,54338,7.0,10,334,0,344,33046,300986,0,334032,flv,5000000,12.0,480,360,221160,0.388
0OUmDeBapbQ,316.95166,mpeg4,176,144,55396,12.0,64,3739,0,3803,111850,2082902,0,2194752,h264,3000000,25.0,1920,1080,647580,81.261
0XTW-dqdT4w,216.55,h264,320,240,291150,29.0,112,6379,0,6491,1789334,6091735,0,7881069,h264,56000,24.0,1280,720,316944,14.225
3-Wy-Ftbd40,69.93833,mpeg4,176,144,56717,12.0,14,825,0,839,47521,448322,0,495843,h264,109000,12.0,640,480,221152,5.144
28BV-NZV3C8,326.58832,h264,1920,1080,5999648,23.0,174,7656,0,7830,16603953,228322925,0,244926878,vp8,242000,24.0,480,360,218932,13.341
1KXW-XA6QkQ,255.28,flv,320,240,250276,25.0,110,6272,0,6382,611474,7374864,0,7986338,vp8,3000000,12.0,480,360,216820,4.668
3-Wy-Ftbd40,69.93833,mpeg4,176,144,56717,12.0,14,825,0,839,47521,448322,0,495843,flv,539000,29.97,480,360,221152,0.508
3Xyf-6FdtDA,49.178333,mpeg4,176,144,54338,7.0,10,334,0,344,33046,300986,0,334032,mpeg4,242000,15.0,1280,720,221160,3.532
2NuI-Bp5brA,80.536,h264,480,360,690041,29.0,43,2374,0,2417,618732,6327913,0,6946645,mpeg4,242000,29.97,176,144,219480,2.832
3_fF9rtYCQ0,256.20834,mpeg4,176,144,57565,12.0,56,3018,0,3074,302900,1540700,0,1843600,h264,109000,24.0,320,240,219480,3.208
1ZzJ-T2FJAw,250.017,h264,320,240,153059,29.0,128,7366,0,7494,856855,3926589,0,4783444,h264,242000,15.0,480,360,218900,6.604
1ZzJ-T2FJAw,250.017,h264,320,240,153059,29.0,128,7366,0,7494,856855,3926589,0,4783444,flv,5000000,15.0,480,360,218900,1.016
3N6c-uPdNas,69.933,flv,320,240,272898,15.0,37,1013,0,1050,349781,2035796,0,2385577,flv,56000,12.0,480,360,219656,0.528
2ApZ-KZ-pEk,157.891,h264,480,360,406908,29.0,87,4646,0,4733,1776729,6254165,0,8030894,mpeg4,5000000,24.0,480,360,219464,3.796
2TXm-QHXCzU,270.655,vp8,640,480,652967,30.062963,89,8028,0,8117,1912240,20178890,0,22091130,mpeg4,820000,24.0,1920,1080,219480,13.117
1oz8-nezz50,225.08,h264,480,360,538452,25.0,113,5515,0,5628,1873408,13275961,0,15149369,mpeg4,3000000,15.0,1920,1080,216820,8.709
1tos-YhVzA4,222.53334,h264,480,360,500449,30.0,219,6457,0,6676,2821722,11099102,0,13920824,h264,5000000,24.0,176,144,217348,3.704
0Axi-TRoqVA,59.883,vp8,1280,720,994960,30.38983,13,1780,0,1793,481774,6965881,0,7447655,h264,109000,15.0,640,480,162532,11.301
1tos-YhVzA4,222.53334,h264,480,360,500449,30.0,219,6457,0,6676,2821722,11099102,0,13920824,flv,5000000,12.0,1280,720,217348,2.588
2kFF-0kB_4w,339.667,h264,640,480,257699,30.0,181,10010,0,10191,10121223,820261,0,10941484,mpeg4,3000000,15.0,480,360,219480,2.424
0QZJN4yTbbU,34.168,vp8,480,360,186895,30.029411,16,1005,0,1021,238485,559745,0,798230,h264,242000,12.0,480,360,165700,4.032
22uE-OUUBH8,43.827,flv,320,240,272273,25.0,23,1081,0,1104,137210,1354404,0,1491614,h264,5000000,29.97,480,360,218932,23.921
3BVV-0I-JlM,33.09,h264,320,240,279173,13.0,22,434,0,456,101794,1052937,0,1154731,mpeg4,242000,25.0,1920,1080,219480,14.377
2Y-k-006Zbs,67.583336,mpeg4,176,144,51225,12.0,15,777,0,792,47585,385164,0,432749,vp8,242000,24.0,1920,1080,219480,16.049
1a5f-GbYEaM,157.80167,h264,1280,720,2885589,25.0,72,3873,0,3945,5611970,51306874,0,56918844,flv,3000000,25.0,1280,720,216064,4.732
3Wdg-dsGihA,340.424,flv,320,240,244491,11.0,69,4012,0,4081,1168939,9234909,0,10403848,h264,56000,25.0,480,360,221152,5.048
3mWp-QQn-1M,167.39166,h264,1280,720,2207484,24.0,86,3931,0,4017,4369420,41819887,0,46189307,flv,820000,24.0,480,360,219656,4.044
2tzy-vqeeLY,106.765,h264,1280,720,849586,25.0,66,2603,0,2669,4427240,6911026,0,11338266,mpeg4,3000000,25.0,1920,1080,219480,12.541
1Nc0-MKuExg,107.443,vp8,480,360,320011,30.093458,30,3190,0,3220,671936,3625932,0,4297868,h264,242000,25.0,320,240,216820,5.092
1D3O-16kzhQ,274.541,vp8,480,360,139791,30.029198,58,8170,0,8228,802625,3994697,0,4797322,mpeg4,56000,25.0,1280,720,216064,7.772
2NO0-ve7CKM,1140.349,vp8,1280,720,2394626,30.007017,328,33880,0,34208,20478926,320859863,0,341338789,h264,820000,25.0,480,360,219480,18.309
2TXm-QHXCzU,270.655,vp8,640,480,652967,30.062963,89,8028,0,8117,1912240,20178890,0,22091130,flv,109000,25.0,1920,1080,219480,7.22
3fmy-4uvR9U,143.03334,mpeg4,176,144,51082,12.0,31,1685,0,1716,56405,856907,0,913312,mpeg4,56000,12.0,1280,720,219480,3.584
1LXH-OibJYQ,42.2,h264,480,360,288705,25.0,23,1033,0,1056,216154,1306770,0,1522924,h264,109000,12.0,176,144,216820,1.472
4BJV-yiTcus,254.922,vp8,480,360,260667,30.062992,51,7585,0,7636,918325,7387906,0,8306231,flv,5000000,24.0,1920,1080,221160,6.8
4b7b-FY4JPI,203.198,flv,320,240,239336,29.0,104,5974,0,6078,853613,5225468,0,6079081,mpeg4,56000,24.0,640,480,221160,3.976
2SkA-cUEaJ0,490.6,h264,480,360,300437,25.0,256,12010,0,12266,1448177,16976151,0,18424328,vp8,56000,24.0,1920,1080,219480,30.402
3YNh-PI2q64,395.44,vp8,1280,720,1611942,25.027847,80,9806,0,9886,5073258,74605061,0,79678319,h264,242000,24.0,640,480,221160,10.009
3-Wy-Ftbd40,69.93833,mpeg4,176,144,56717,12.0,14,825,0,839,47521,448322,0,495843,vp8,242000,15.0,1280,720,221152,9.337
3N6c-uPdNas,69.933,flv,320,240,272898,15.0,37,1013,0,1050,349781,2035796,0,2385577,flv,5000000,12.0,176,144,219656,0.384
0Au5-4UDHco,52.68,h264,480,360,372001,25.0,53,1265,0,1318,870136,1579497,0,2449633,mpeg4,109000,29.97,1280,720,139940,10.781
1oz8-nezz50,225.08,h264,480,360,538452,25.0,113,5515,0,5628,1873408,13275961,0,15149369,mpeg4,56000,25.0,1280,720,216820,7.84
3_fF9rtYCQ0,256.20834,mpeg4,176,144,57565,12.0,56,3018,0,3074,302900,1540700,0,1843600,flv,539000,15.0,176,144,219480,0.312
1YDt-FkeZ4E,98.683334,mpeg4,176,144,55552,12.0,20,1164,0,1184,48267,636993,0,685260,flv,539000,29.97,640,480,218136,0.596
0ICm-Cu4_aE,476.957,vp8,1280,720,1387100,30.05252,105,14200,0,14305,3487520,79210885,0,82698405,mpeg4,539000,29.97,1280,720,165696,7.436
0ckO-lUydcc,177.33333,mpeg4,176,144,53707,12.0,37,2091,0,2128,100969,1089548,0,1190517,h264,5000000,15.0,640,480,164736,17.485
28BV-NZV3C8,326.58832,h264,1920,1080,5999648,23.0,174,7656,0,7830,16603953,228322925,0,244926878,flv,539000,29.97,1920,1080,218932,10.749
1L6x-TgAldY,286.995,h264,480,360,508160,23.0,156,6726,0,6882,2285153,15944803,0,18229956,vp8,242000,12.0,1280,720,216820,12.633
3ODf-KYiOZw,63.667,h264,640,480,972572,15.0,33,923,0,956,1259657,6480438,0,7740095,mpeg4,242000,24.0,640,480,219656,3.676
rvVO-VF8uBA,53.823334,h264,1920,1080,6000101,29.0,30,1583,0,1613,1279422,39088761,0,40368183,vp8,820000,29.97,640,480,90308,26.27
1Y-Y-RHCxRQ,189.956,flv,320,240,231296,29.0,97,5597,0,5694,580292,4911734,0,5492026,h264,56000,12.0,640,480,218664,5.08
_2al-ZI1Wss,74.535,mpeg4,176,144,55305,12.0,15,879,0,894,23996,491276,0,515272,h264,3000000,25.0,176,144,219464,2.188
4keb-__zqyQ,452.689,vp8,320,240,66680,5.7057524,42,2537,0,2579,207037,3566163,0,3773200,mpeg4,539000,12.0,1280,720,55484,5.556
3HVJ-p8L33A,163.897,flv,320,240,267032,29.0,87,4826,0,4913,824159,4646573,0,5470732,flv,109000,12.0,480,360,219656,0.72
4keb-__zqyQ,452.689,vp8,320,240,66680,5.7057524,42,2537,0,2579,207037,3566163,0,3773200,vp8,109000,24.0,1280,720,247908,11.697
1D3O-16kzhQ,274.541,vp8,480,360,139791,30.029198,58,8170,0,8228,802625,3994697,0,4797322,h264,539000,15.0,1280,720,317200,24.338
1s9d-jTKyUw,448.575,vp8,1280,720,2052426,30.002232,92,13349,0,13441,9132637,105950761,0,115083398,h264,5000000,15.0,1920,1080,659104,123.572
3fpg-LlHcks,273.816,vp8,1920,1080,1571003,25.065933,77,6766,0,6843,6190779,47579961,0,53770740,vp8,242000,29.97,1920,1080,219656,41.343
1s9d-jTKyUw,448.575,vp8,1280,720,2052426,30.002232,92,13349,0,13441,9132637,105950761,0,115083398,h264,109000,12.0,1920,1080,653024,29.462
2zeL-QQa8Sk,77.233,h264,480,360,382461,30.0,53,2265,0,2318,182297,3510033,0,3692330,h264,820000,25.0,1920,1080,644348,73.725
2kFF-0kB_4w,339.667,h264,640,480,257699,30.0,181,10010,0,10191,10121223,820261,0,10941484,h264,820000,24.0,320,240,219480,3.08
0_VA-rJgmMI,750.433,vp8,1280,720,794075,13.482667,81,10031,0,10112,3852576,70635013,0,74487589,vp8,820000,24.0,480,360,165700,4.82
15fr-zSdCqg,39.055,h264,1920,1080,5992818,30.0,26,1144,0,1170,839251,28416939,0,29256190,h264,539000,12.0,640,480,216020,25.79
0QZJN4yTbbU,34.168,vp8,480,360,186895,30.029411,16,1005,0,1021,238485,559745,0,798230,vp8,3000000,25.0,640,480,165700,6.968
15fr-zSdCqg,39.055,h264,1920,1080,5992818,30.0,26,1144,0,1170,839251,28416939,0,29256190,mpeg4,109000,15.0,640,480,215712,10.509
3xGu-rfcH3s,368.32,vp8,640,480,29096,25.02174,74,9134,0,9208,869558,470067,0,1339625,mpeg4,56000,24.0,480,360,221152,2.956
1WrA-SRsgEk,384.451,h264,640,480,646432,29.0,205,11318,0,11523,2839955,28225248,0,31065203,vp8,5000000,25.0,480,360,217828,7.468
1a5f-GbYEaM,157.80167,h264,1280,720,2885589,25.0,72,3873,0,3945,5611970,51306874,0,56918844,mpeg4,539000,29.97,640,480,216020,6.02
1hEL-mcI-tM,304.927,vp8,320,240,134334,25.075659,82,7541,0,7623,833754,4286526,0,5120280,mpeg4,820000,24.0,1280,720,216820,7.432
3AYz-PCa1aI,391.08,h264,640,480,230847,25.0,209,9569,0,9778,9023743,2261252,0,11284995,flv,3000000,24.0,176,144,219480,0.964
1KXW-XA6QkQ,255.28,flv,320,240,250276,25.0,110,6272,0,6382,611474,7374864,0,7986338,mpeg4,56000,24.0,1280,720,216820,8.813
1D3O-16kzhQ,274.541,vp8,480,360,139791,30.029198,58,8170,0,8228,802625,3994697,0,4797322,mpeg4,3000000,25.0,1280,720,216064,9.041
2pet-NcSXvY,37.011665,h264,1280,720,2759449,29.0,21,1088,0,1109,1899633,10866846,0,12766479,h264,242000,12.0,320,240,219480,8.745
3BVV-0I-JlM,33.09,h264,320,240,279173,13.0,22,434,0,456,101794,1052937,0,1154731,h264,539000,15.0,1280,720,313332,29.538
2NuI-Bp5brA,80.536,h264,480,360,690041,29.0,43,2374,0,2417,618732,6327913,0,6946645,mpeg4,109000,12.0,640,480,219480,2.74
3SQY-ZB8hmI,473.0,h264,320,240,164017,25.0,198,10924,704,11826,1419320,8047423,0,9697521,vp8,5000000,24.0,1280,720,220900,23.201
1a5f-GbYEaM,157.80167,h264,1280,720,2885589,25.0,72,3873,0,3945,5611970,51306874,0,56918844,vp8,5000000,29.97,1280,720,216056,26.994
2HTJjLLaFL0,379.32,h264,480,360,181960,25.0,195,9289,0,9484,3392479,5235193,0,8627672,h264,56000,12.0,176,144,219480,1.352
0ckO-lUydcc,177.33333,mpeg4,176,144,53707,12.0,37,2091,0,2128,100969,1089548,0,1190517,flv,539000,12.0,320,240,163632,0.48
0Hwk-yGT-M4,714.371,vp8,1280,720,652356,29.981792,143,21264,0,21407,14532530,43720516,0,58253046,flv,56000,29.97,1920,1080,164988,8.561
0Au5-4UDHco,52.68,h264,480,360,372001,25.0,53,1265,0,1318,870136,1579497,0,2449633,vp8,109000,12.0,320,240,140080,3.1
1Nc0-MKuExg,107.443,vp8,480,360,320011,30.093458,30,3190,0,3220,671936,3625932,0,4297868,h264,3000000,29.97,1920,1080,668252,130.764
08EV-X022WI,204.938,h264,480,360,297373,16.0,111,3169,0,3280,1451634,6166260,0,7617894,h264,539000,24.0,480,360,101780,6.64
